name,end_month_date,end_month_price
いすゞ自動車,2018-04-27,1674.0
いすゞ自動車,2018-05-31,1459.0
いすゞ自動車,2018-06-29,1471.5
いすゞ自動車,2018-07-31,1508.5
いすゞ自動車,2018-08-31,1607.0
いすゞ自動車,2018-09-28,1791.0
いすゞ自動車,2018-10-31,1482.0
いすゞ自動車,2018-11-30,1616.0
いすゞ自動車,2018-12-28,1548.5
いすゞ自動車,2019-01-31,1616.0
いすゞ自動車,2019-02-28,1595.5
いすゞ自動車,2019-03-29,1454.0
いすゞ自動車,2019-04-26,1595.5
いすゞ自動車,2019-05-31,1200.0
いすゞ自動車,2019-06-28,1227.0
いすゞ自動車,2019-07-31,1211.5
いすゞ自動車,2019-08-30,1143.0
いすゞ自動車,2019-09-30,1190.5
いすゞ自動車,2019-10-31,1267.5
いすゞ自動車,2019-11-29,1280.5
いすゞ自動車,2019-12-30,1299.0
いすゞ自動車,2020-01-31,1093.0
いすゞ自動車,2020-02-28,1016.0
いすゞ自動車,2020-03-31,715.3
いすゞ自動車,2020-04-30,824.9
いすゞ自動車,2020-05-29,1009.5
いすゞ自動車,2020-06-30,973.3
いすゞ自動車,2020-07-31,859.5
いすゞ自動車,2020-08-31,1049.0
いすゞ自動車,2020-09-30,917.4
いすゞ自動車,2020-10-30,843.0
いすゞ自動車,2020-11-30,1018.0
いすゞ自動車,2020-12-30,980.0
いすゞ自動車,2021-01-29,1000.0
いすゞ自動車,2021-02-26,1114.0
いすゞ自動車,2021-03-31,1189.0
アイシン,2018-04-27,5940.0
アイシン,2018-05-31,5480.0
アイシン,2018-06-29,5050.0
アイシン,2018-07-31,5190.0
アイシン,2018-08-31,5140.0
アイシン,2018-09-28,5530.0
アイシン,2018-10-31,4435.0
アイシン,2018-11-30,4490.0
アイシン,2018-12-28,3820.0
アイシン,2019-01-31,4290.0
アイシン,2019-02-28,4345.0
アイシン,2019-03-29,3955.0
アイシン,2019-04-26,4305.0
アイシン,2019-05-31,3605.0
アイシン,2019-06-28,3710.0
アイシン,2019-07-31,3545.0
アイシン,2019-08-30,3150.0
アイシン,2019-09-30,3395.0
アイシン,2019-10-31,4360.0
アイシン,2019-11-29,4140.0
アイシン,2019-12-30,4070.0
アイシン,2020-01-31,3695.0
アイシン,2020-02-28,3500.0
アイシン,2020-03-31,2664.0
アイシン,2020-04-30,3115.0
アイシン,2020-05-29,3395.0
アイシン,2020-06-30,3140.0
アイシン,2020-07-31,3020.0
アイシン,2020-08-31,3645.0
アイシン,2020-09-30,3350.0
アイシン,2020-10-30,3145.0
アイシン,2020-11-30,3095.0
アイシン,2020-12-30,3095.0
アイシン,2021-01-29,3205.0
アイシン,2021-02-26,3625.0
アイシン,2021-03-31,4200.0
アステラス製薬,2018-04-27,1605.5
アステラス製薬,2018-05-31,1664.5
アステラス製薬,2018-06-29,1689.0
アステラス製薬,2018-07-31,1817.5
アステラス製薬,2018-08-31,1882.0
アステラス製薬,2018-09-28,1982.0
アステラス製薬,2018-10-31,1747.0
アステラス製薬,2018-11-30,1744.5
アステラス製薬,2018-12-28,1401.5
アステラス製薬,2019-01-31,1609.5
アステラス製薬,2019-02-28,1718.5
アステラス製薬,2019-03-29,1658.5
アステラス製薬,2019-04-26,1509.0
アステラス製薬,2019-05-31,1462.5
アステラス製薬,2019-06-28,1535.0
アステラス製薬,2019-07-31,1553.5
アステラス製薬,2019-08-30,1472.0
アステラス製薬,2019-09-30,1538.5
アステラス製薬,2019-10-31,1858.5
アステラス製薬,2019-11-29,1867.5
アステラス製薬,2019-12-30,1870.0
アステラス製薬,2020-01-31,1950.5
アステラス製薬,2020-02-28,1699.0
アステラス製薬,2020-03-31,1671.0
アステラス製薬,2020-04-30,1786.5
アステラス製薬,2020-05-29,1914.5
アステラス製薬,2020-06-30,1799.5
アステラス製薬,2020-07-31,1650.0
アステラス製薬,2020-08-31,1664.5
アステラス製薬,2020-09-30,1567.0
アステラス製薬,2020-10-30,1435.0
アステラス製薬,2020-11-30,1483.5
アステラス製薬,2020-12-30,1594.0
アステラス製薬,2021-01-29,1692.5
アステラス製薬,2021-02-26,1674.0
アステラス製薬,2021-03-31,1702.0
アズビル,2018-04-27,5100.0
アズビル,2018-05-31,5330.0
アズビル,2018-06-29,4830.0
アズビル,2018-07-31,4895.0
アズビル,2018-08-31,4845.0
アズビル,2018-09-28,2472.0
アズビル,2018-10-31,2102.0
アズビル,2018-11-30,2450.0
アズビル,2018-12-28,2170.0
アズビル,2019-01-31,2286.0
アズビル,2019-02-28,2458.0
アズビル,2019-03-29,2589.0
アズビル,2019-04-26,2667.0
アズビル,2019-05-31,2552.0
アズビル,2019-06-28,2632.0
アズビル,2019-07-31,2615.0
アズビル,2019-08-30,2710.0
アズビル,2019-09-30,2889.0
アズビル,2019-10-31,3025.0
アズビル,2019-11-29,3100.0
アズビル,2019-12-30,3085.0
アズビル,2020-01-31,2983.0
アズビル,2020-02-28,2673.0
アズビル,2020-03-31,2804.0
アズビル,2020-04-30,2844.0
アズビル,2020-05-29,2749.0
アズビル,2020-06-30,3285.0
アズビル,2020-07-31,3510.0
アズビル,2020-08-31,3330.0
アズビル,2020-09-30,3920.0
アズビル,2020-10-30,4225.0
アズビル,2020-11-30,4685.0
アズビル,2020-12-30,5640.0
アズビル,2021-01-29,5340.0
アズビル,2021-02-26,4525.0
アズビル,2021-03-31,4765.0
アドバンテスト,2018-04-27,2620.0
アドバンテスト,2018-05-31,2557.0
アドバンテスト,2018-06-29,2308.0
アドバンテスト,2018-07-31,2644.0
アドバンテスト,2018-08-31,2664.0
アドバンテスト,2018-09-28,2393.0
アドバンテスト,2018-10-31,2081.0
アドバンテスト,2018-11-30,2436.0
アドバンテスト,2018-12-28,2244.0
アドバンテスト,2019-01-31,2473.0
アドバンテスト,2019-02-28,2629.0
アドバンテスト,2019-03-29,2573.0
アドバンテスト,2019-04-26,3140.0
アドバンテスト,2019-05-31,2551.0
アドバンテスト,2019-06-28,2965.0
アドバンテスト,2019-07-31,4270.0
アドバンテスト,2019-08-30,4365.0
アドバンテスト,2019-09-30,4775.0
アドバンテスト,2019-10-31,4945.0
アドバンテスト,2019-11-29,5350.0
アドバンテスト,2019-12-30,6160.0
アドバンテスト,2020-01-31,5870.0
アドバンテスト,2020-02-28,4915.0
アドバンテスト,2020-03-31,4340.0
アドバンテスト,2020-04-30,5270.0
アドバンテスト,2020-05-29,5320.0
アドバンテスト,2020-06-30,6120.0
アドバンテスト,2020-07-31,5700.0
アドバンテスト,2020-08-31,5070.0
アドバンテスト,2020-09-30,5090.0
アドバンテスト,2020-10-30,6030.0
アドバンテスト,2020-11-30,7260.0
アドバンテスト,2020-12-30,7730.0
アドバンテスト,2021-01-29,8290.0
アドバンテスト,2021-02-26,8750.0
アドバンテスト,2021-03-31,9680.0
アリアケジャパン,2018-04-27,9400.0
アリアケジャパン,2018-05-31,9450.0
アリアケジャパン,2018-06-29,9540.0
アリアケジャパン,2018-07-31,9570.0
アリアケジャパン,2018-08-31,10000.0
アリアケジャパン,2018-09-28,11330.0
アリアケジャパン,2018-10-31,10000.0
アリアケジャパン,2018-11-30,9810.0
アリアケジャパン,2018-12-28,7140.0
アリアケジャパン,2019-01-31,6570.0
アリアケジャパン,2019-02-28,5870.0
アリアケジャパン,2019-03-29,5920.0
アリアケジャパン,2019-04-26,6460.0
アリアケジャパン,2019-05-31,7030.0
アリアケジャパン,2019-06-28,6800.0
アリアケジャパン,2019-07-31,6780.0
アリアケジャパン,2019-08-30,8050.0
アリアケジャパン,2019-09-30,8420.0
アリアケジャパン,2019-10-31,8420.0
アリアケジャパン,2019-11-29,7810.0
アリアケジャパン,2019-12-30,8130.0
アリアケジャパン,2020-01-31,7510.0
アリアケジャパン,2020-02-28,6880.0
アリアケジャパン,2020-03-31,6820.0
アリアケジャパン,2020-04-30,6240.0
アリアケジャパン,2020-05-29,7480.0
アリアケジャパン,2020-06-30,6840.0
アリアケジャパン,2020-07-31,6580.0
アリアケジャパン,2020-08-31,7290.0
アリアケジャパン,2020-09-30,7130.0
アリアケジャパン,2020-10-30,6690.0
アリアケジャパン,2020-11-30,6910.0
アリアケジャパン,2020-12-30,7420.0
アリアケジャパン,2021-01-29,6790.0
アリアケジャパン,2021-02-26,6610.0
アリアケジャパン,2021-03-31,6710.0
アルプスアルパイン,2018-04-27,2428.0
アルプスアルパイン,2018-05-31,2584.0
アルプスアルパイン,2018-06-29,2846.0
アルプスアルパイン,2018-07-31,3215.0
アルプスアルパイン,2018-08-31,3340.0
アルプスアルパイン,2018-09-28,2886.0
アルプスアルパイン,2018-10-31,2680.0
アルプスアルパイン,2018-11-30,2631.0
アルプスアルパイン,2018-12-28,2135.0
アルプスアルパイン,2019-01-31,2287.0
アルプスアルパイン,2019-02-28,2187.0
アルプスアルパイン,2019-03-29,2310.0
アルプスアルパイン,2019-04-26,2347.0
アルプスアルパイン,2019-05-31,1800.0
アルプスアルパイン,2019-06-28,1816.0
アルプスアルパイン,2019-07-31,2000.0
アルプスアルパイン,2019-08-30,1855.0
アルプスアルパイン,2019-09-30,2017.0
アルプスアルパイン,2019-10-31,2344.0
アルプスアルパイン,2019-11-29,2471.0
アルプスアルパイン,2019-12-30,2492.0
アルプスアルパイン,2020-01-31,2002.0
アルプスアルパイン,2020-02-28,1659.0
アルプスアルパイン,2020-03-31,1049.0
アルプスアルパイン,2020-04-30,1123.0
アルプスアルパイン,2020-05-29,1302.0
アルプスアルパイン,2020-06-30,1380.0
アルプスアルパイン,2020-07-31,1323.0
アルプスアルパイン,2020-08-31,1686.0
アルプスアルパイン,2020-09-30,1408.0
アルプスアルパイン,2020-10-30,1493.0
アルプスアルパイン,2020-11-30,1308.0
アルプスアルパイン,2020-12-30,1358.0
アルプスアルパイン,2021-01-29,1396.0
アルプスアルパイン,2021-02-26,1402.0
アルプスアルパイン,2021-03-31,1460.0
イビデン,2018-04-27,1811.0
イビデン,2018-05-31,1693.0
イビデン,2018-06-29,1775.0
イビデン,2018-07-31,1835.0
イビデン,2018-08-31,1614.0
イビデン,2018-09-28,1593.0
イビデン,2018-10-31,1394.0
イビデン,2018-11-30,1579.0
イビデン,2018-12-28,1548.0
イビデン,2019-01-31,1583.0
イビデン,2019-02-28,1580.0
イビデン,2019-03-29,1682.0
イビデン,2019-04-26,1989.0
イビデン,2019-05-31,1687.0
イビデン,2019-06-28,1886.0
イビデン,2019-07-31,1955.0
イビデン,2019-08-30,2063.0
イビデン,2019-09-30,2175.0
イビデン,2019-10-31,2504.0
イビデン,2019-11-29,2585.0
イビデン,2019-12-30,2605.0
イビデン,2020-01-31,2564.0
イビデン,2020-02-28,2389.0
イビデン,2020-03-31,2371.0
イビデン,2020-04-30,2781.0
イビデン,2020-05-29,2852.0
イビデン,2020-06-30,3145.0
イビデン,2020-07-31,2842.0
イビデン,2020-08-31,3325.0
イビデン,2020-09-30,3550.0
イビデン,2020-10-30,4225.0
イビデン,2020-11-30,4890.0
イビデン,2020-12-30,4815.0
イビデン,2021-01-29,4860.0
イビデン,2021-02-26,4330.0
イビデン,2021-03-31,5090.0
イリソ電子工業,2018-04-27,6940.0
イリソ電子工業,2018-05-31,6760.0
イリソ電子工業,2018-06-29,6690.0
イリソ電子工業,2018-07-31,6520.0
イリソ電子工業,2018-08-31,6270.0
イリソ電子工業,2018-09-28,5960.0
イリソ電子工業,2018-10-31,4775.0
イリソ電子工業,2018-11-30,4975.0
イリソ電子工業,2018-12-28,4070.0
イリソ電子工業,2019-01-31,4445.0
イリソ電子工業,2019-02-28,4925.0
イリソ電子工業,2019-03-29,5060.0
イリソ電子工業,2019-04-26,5760.0
イリソ電子工業,2019-05-31,4940.0
イリソ電子工業,2019-06-28,5420.0
イリソ電子工業,2019-07-31,5000.0
イリソ電子工業,2019-08-30,5090.0
イリソ電子工業,2019-09-30,5180.0
イリソ電子工業,2019-10-31,5410.0
イリソ電子工業,2019-11-29,5250.0
イリソ電子工業,2019-12-30,4840.0
イリソ電子工業,2020-01-31,4205.0
イリソ電子工業,2020-02-28,3670.0
イリソ電子工業,2020-03-31,3190.0
イリソ電子工業,2020-04-30,3035.0
イリソ電子工業,2020-05-29,3435.0
イリソ電子工業,2020-06-30,3520.0
イリソ電子工業,2020-07-31,3170.0
イリソ電子工業,2020-08-31,3915.0
イリソ電子工業,2020-09-30,4240.0
イリソ電子工業,2020-10-30,3950.0
イリソ電子工業,2020-11-30,4225.0
イリソ電子工業,2020-12-30,4460.0
イリソ電子工業,2021-01-29,4765.0
イリソ電子工業,2021-02-26,4830.0
イリソ電子工業,2021-03-31,4935.0
エス・エム・エス,2018-04-27,4150.0
エス・エム・エス,2018-05-31,4085.0
エス・エム・エス,2018-06-29,2023.0
エス・エム・エス,2018-07-31,2270.0
エス・エム・エス,2018-08-31,2108.0
エス・エム・エス,2018-09-28,2261.0
エス・エム・エス,2018-10-31,1891.0
エス・エム・エス,2018-11-30,1870.0
エス・エム・エス,2018-12-28,1730.0
エス・エム・エス,2019-01-31,1792.0
エス・エム・エス,2019-02-28,1972.0
エス・エム・エス,2019-03-29,1999.0
エス・エム・エス,2019-04-26,2132.0
エス・エム・エス,2019-05-31,2628.0
エス・エム・エス,2019-06-28,2525.0
エス・エム・エス,2019-07-31,2435.0
エス・エム・エス,2019-08-30,2373.0
エス・エム・エス,2019-09-30,2628.0
エス・エム・エス,2019-10-31,2678.0
エス・エム・エス,2019-11-29,2964.0
エス・エム・エス,2019-12-30,3025.0
エス・エム・エス,2020-01-31,2742.0
エス・エム・エス,2020-02-28,2069.0
エス・エム・エス,2020-03-31,2093.0
エス・エム・エス,2020-04-30,2365.0
エス・エム・エス,2020-05-29,2677.0
エス・エム・エス,2020-06-30,2417.0
エス・エム・エス,2020-07-31,2613.0
エス・エム・エス,2020-08-31,2934.0
エス・エム・エス,2020-09-30,3040.0
エス・エム・エス,2020-10-30,3070.0
エス・エム・エス,2020-11-30,3785.0
エス・エム・エス,2020-12-30,3950.0
エス・エム・エス,2021-01-29,3885.0
エス・エム・エス,2021-02-26,3480.0
エス・エム・エス,2021-03-31,3380.0
エフピコ,2018-04-27,6760.0
エフピコ,2018-05-31,6310.0
エフピコ,2018-06-29,6120.0
エフピコ,2018-07-31,6150.0
エフピコ,2018-08-31,6260.0
エフピコ,2018-09-28,6910.0
エフピコ,2018-10-31,5790.0
エフピコ,2018-11-30,6930.0
エフピコ,2018-12-28,6720.0
エフピコ,2019-01-31,6170.0
エフピコ,2019-02-28,6800.0
エフピコ,2019-03-29,6540.0
エフピコ,2019-04-26,6750.0
エフピコ,2019-05-31,6350.0
エフピコ,2019-06-28,6580.0
エフピコ,2019-07-31,6740.0
エフピコ,2019-08-30,6990.0
エフピコ,2019-09-30,6740.0
エフピコ,2019-10-31,6750.0
エフピコ,2019-11-29,6510.0
エフピコ,2019-12-30,6490.0
エフピコ,2020-01-31,6670.0
エフピコ,2020-02-28,6480.0
エフピコ,2020-03-31,7170.0
エフピコ,2020-04-30,8110.0
エフピコ,2020-05-29,7910.0
エフピコ,2020-06-30,8610.0
エフピコ,2020-07-31,8530.0
エフピコ,2020-08-31,8080.0
エフピコ,2020-09-30,4430.0
エフピコ,2020-10-30,4165.0
エフピコ,2020-11-30,4185.0
エフピコ,2020-12-30,4335.0
エフピコ,2021-01-29,4200.0
エフピコ,2021-02-26,4135.0
エフピコ,2021-03-31,4505.0
エムスリー,2018-04-27,4145.0
エムスリー,2018-05-31,4555.0
エムスリー,2018-06-29,4415.0
エムスリー,2018-07-31,4245.0
エムスリー,2018-08-31,4895.0
エムスリー,2018-09-28,2578.0
エムスリー,2018-10-31,1818.0
エムスリー,2018-11-30,1834.0
エムスリー,2018-12-28,1474.0
エムスリー,2019-01-31,1565.0
エムスリー,2019-02-28,1846.0
エムスリー,2019-03-29,1857.0
エムスリー,2019-04-26,1969.0
エムスリー,2019-05-31,2052.0
エムスリー,2019-06-28,1969.0
エムスリー,2019-07-31,2216.0
エムスリー,2019-08-30,2255.0
エムスリー,2019-09-30,2602.0
エムスリー,2019-10-31,2604.0
エムスリー,2019-11-29,3010.0
エムスリー,2019-12-30,3305.0
エムスリー,2020-01-31,3220.0
エムスリー,2020-02-28,2786.0
エムスリー,2020-03-31,3195.0
エムスリー,2020-04-30,3890.0
エムスリー,2020-05-29,4340.0
エムスリー,2020-06-30,4585.0
エムスリー,2020-07-31,5380.0
エムスリー,2020-08-31,6140.0
エムスリー,2020-09-30,6500.0
エムスリー,2020-10-30,7027.0
エムスリー,2020-11-30,9622.0
エムスリー,2020-12-30,9743.0
エムスリー,2021-01-29,8811.0
エムスリー,2021-02-26,8425.0
エムスリー,2021-03-31,7571.0
エーザイ,2018-04-27,7345.0
エーザイ,2018-05-31,7877.0
エーザイ,2018-06-29,7804.0
エーザイ,2018-07-31,9582.0
エーザイ,2018-08-31,10060.0
エーザイ,2018-09-28,11060.0
エーザイ,2018-10-31,9411.0
エーザイ,2018-11-30,10415.0
エーザイ,2018-12-28,8502.0
エーザイ,2019-01-31,8419.0
エーザイ,2019-02-28,9195.0
エーザイ,2019-03-29,6213.0
エーザイ,2019-04-26,6454.0
エーザイ,2019-05-31,6383.0
エーザイ,2019-06-28,6091.0
エーザイ,2019-07-31,5906.0
エーザイ,2019-08-30,5430.0
エーザイ,2019-09-30,5491.0
エーザイ,2019-10-31,7887.0
エーザイ,2019-11-29,8110.0
エーザイ,2019-12-30,8204.0
エーザイ,2020-01-31,8329.0
エーザイ,2020-02-28,7981.0
エーザイ,2020-03-31,7931.0
エーザイ,2020-04-30,7530.0
エーザイ,2020-05-29,8438.0
エーザイ,2020-06-30,8546.0
エーザイ,2020-07-31,8487.0
エーザイ,2020-08-31,9265.0
エーザイ,2020-09-30,9584.0
エーザイ,2020-10-30,8089.0
エーザイ,2020-11-30,7887.0
エーザイ,2020-12-30,7372.0
エーザイ,2021-01-29,7643.0
エーザイ,2021-02-26,7319.0
エーザイ,2021-03-31,7419.0
オリンパス,2018-04-27,4085.0
オリンパス,2018-05-31,3860.0
オリンパス,2018-06-29,4150.0
オリンパス,2018-07-31,4525.0
オリンパス,2018-08-31,4525.0
オリンパス,2018-09-28,4435.0
オリンパス,2018-10-31,3770.0
オリンパス,2018-11-30,3195.0
オリンパス,2018-12-28,3375.0
オリンパス,2019-01-31,4470.0
オリンパス,2019-02-28,4925.0
オリンパス,2019-03-29,1202.0
オリンパス,2019-04-26,1244.0
オリンパス,2019-05-31,1285.0
オリンパス,2019-06-28,1196.0
オリンパス,2019-07-31,1193.0
オリンパス,2019-08-30,1244.0
オリンパス,2019-09-30,1456.0
オリンパス,2019-10-31,1480.0
オリンパス,2019-11-29,1624.0
オリンパス,2019-12-30,1689.0
オリンパス,2020-01-31,1784.5
オリンパス,2020-02-28,1962.0
オリンパス,2020-03-31,1562.0
オリンパス,2020-04-30,1725.5
オリンパス,2020-05-29,1871.5
オリンパス,2020-06-30,2075.5
オリンパス,2020-07-31,1883.5
オリンパス,2020-08-31,2099.0
オリンパス,2020-09-30,2182.0
オリンパス,2020-10-30,1989.0
オリンパス,2020-11-30,2256.5
オリンパス,2020-12-30,2256.5
オリンパス,2021-01-29,1889.5
オリンパス,2021-02-26,2230.0
オリンパス,2021-03-31,2291.0
カシオ計算機,2018-04-27,1633.0
カシオ計算機,2018-05-31,1665.0
カシオ計算機,2018-06-29,1802.0
カシオ計算機,2018-07-31,1825.0
カシオ計算機,2018-08-31,1785.0
カシオ計算機,2018-09-28,1857.0
カシオ計算機,2018-10-31,1705.0
カシオ計算機,2018-11-30,1583.0
カシオ計算機,2018-12-28,1304.0
カシオ計算機,2019-01-31,1447.0
カシオ計算機,2019-02-28,1511.0
カシオ計算機,2019-03-29,1445.0
カシオ計算機,2019-04-26,1401.0
カシオ計算機,2019-05-31,1211.0
カシオ計算機,2019-06-28,1338.0
カシオ計算機,2019-07-31,1246.0
カシオ計算機,2019-08-30,1483.0
カシオ計算機,2019-09-30,1675.0
カシオ計算機,2019-10-31,1765.0
カシオ計算機,2019-11-29,2087.0
カシオ計算機,2019-12-30,2191.0
カシオ計算機,2020-01-31,2049.0
カシオ計算機,2020-02-28,1857.0
カシオ計算機,2020-03-31,1517.0
カシオ計算機,2020-04-30,1710.0
カシオ計算機,2020-05-29,1897.0
カシオ計算機,2020-06-30,1870.0
カシオ計算機,2020-07-31,1672.0
カシオ計算機,2020-08-31,1709.0
カシオ計算機,2020-09-30,1694.0
カシオ計算機,2020-10-30,1579.0
カシオ計算機,2020-11-30,1875.0
カシオ計算機,2020-12-30,1886.0
カシオ計算機,2021-01-29,1850.0
カシオ計算機,2021-02-26,2052.0
カシオ計算機,2021-03-31,2085.0
カプコン,2018-04-27,2103.0
カプコン,2018-05-31,2559.0
カプコン,2018-06-29,2730.0
カプコン,2018-07-31,2894.0
カプコン,2018-08-31,2591.0
カプコン,2018-09-28,2883.0
カプコン,2018-10-31,2344.0
カプコン,2018-11-30,2222.0
カプコン,2018-12-28,2172.0
カプコン,2019-01-31,2330.0
カプコン,2019-02-28,2233.0
カプコン,2019-03-29,2480.0
カプコン,2019-04-26,2505.0
カプコン,2019-05-31,2234.0
カプコン,2019-06-28,2162.0
カプコン,2019-07-31,2292.0
カプコン,2019-08-30,2767.0
カプコン,2019-09-30,2863.0
カプコン,2019-10-31,2567.0
カプコン,2019-11-29,2627.0
カプコン,2019-12-30,3030.0
カプコン,2020-01-31,3110.0
カプコン,2020-02-28,2938.0
カプコン,2020-03-31,3390.0
カプコン,2020-04-30,3295.0
カプコン,2020-05-29,3805.0
カプコン,2020-06-30,3920.0
カプコン,2020-07-31,4130.0
カプコン,2020-08-31,5140.0
カプコン,2020-09-30,5860.0
カプコン,2020-10-30,5750.0
カプコン,2020-11-30,5880.0
カプコン,2020-12-30,6700.0
カプコン,2021-01-29,6590.0
カプコン,2021-02-26,6480.0
カプコン,2021-03-31,3595.0
キッコーマン,2018-04-27,4745.0
キッコーマン,2018-05-31,5140.0
キッコーマン,2018-06-29,5590.0
キッコーマン,2018-07-31,5290.0
キッコーマン,2018-08-31,5570.0
キッコーマン,2018-09-28,6760.0
キッコーマン,2018-10-31,6210.0
キッコーマン,2018-11-30,6620.0
キッコーマン,2018-12-28,5910.0
キッコーマン,2019-01-31,5770.0
キッコーマン,2019-02-28,5540.0
キッコーマン,2019-03-29,5430.0
キッコーマン,2019-04-26,5160.0
キッコーマン,2019-05-31,4505.0
キッコーマン,2019-06-28,4690.0
キッコーマン,2019-07-31,4975.0
キッコーマン,2019-08-30,4780.0
キッコーマン,2019-09-30,5160.0
キッコーマン,2019-10-31,5230.0
キッコーマン,2019-11-29,5500.0
キッコーマン,2019-12-30,5370.0
キッコーマン,2020-01-31,5370.0
キッコーマン,2020-02-28,5010.0
キッコーマン,2020-03-31,4605.0
キッコーマン,2020-04-30,4980.0
キッコーマン,2020-05-29,5420.0
キッコーマン,2020-06-30,5190.0
キッコーマン,2020-07-31,4915.0
キッコーマン,2020-08-31,5760.0
キッコーマン,2020-09-30,5820.0
キッコーマン,2020-10-30,5180.0
キッコーマン,2020-11-30,6490.0
キッコーマン,2020-12-30,7170.0
キッコーマン,2021-01-29,7380.0
キッコーマン,2021-02-26,7030.0
キッコーマン,2021-03-31,6590.0
キーエンス,2018-04-27,66970.0
キーエンス,2018-05-31,66830.0
キーエンス,2018-06-29,62560.0
キーエンス,2018-07-31,58910.0
キーエンス,2018-08-31,62890.0
キーエンス,2018-09-28,65980.0
キーエンス,2018-10-31,55300.0
キーエンス,2018-11-30,61600.0
キーエンス,2018-12-28,55680.0
キーエンス,2019-01-31,55860.0
キーエンス,2019-02-28,64930.0
キーエンス,2019-03-29,68970.0
キーエンス,2019-04-26,69120.0
キーエンス,2019-05-31,61510.0
キーエンス,2019-06-28,66130.0
キーエンス,2019-07-31,63130.0
キーエンス,2019-08-30,62900.0
キーエンス,2019-09-30,66900.0
キーエンス,2019-10-31,68820.0
キーエンス,2019-11-29,37440.0
キーエンス,2019-12-30,38490.0
キーエンス,2020-01-31,37370.0
キーエンス,2020-02-28,34410.0
キーエンス,2020-03-31,34830.0
キーエンス,2020-04-30,38770.0
キーエンス,2020-05-29,44350.0
キーエンス,2020-06-30,45030.0
キーエンス,2020-07-31,44220.0
キーエンス,2020-08-31,43680.0
キーエンス,2020-09-30,48980.0
キーエンス,2020-10-30,47250.0
キーエンス,2020-11-30,53290.0
キーエンス,2020-12-30,58000.0
キーエンス,2021-01-29,56140.0
キーエンス,2021-02-26,50560.0
キーエンス,2021-03-31,50270.0
ケーズホールディングス,2018-04-27,1582.0
ケーズホールディングス,2018-05-31,1320.0
ケーズホールディングス,2018-06-29,1151.0
ケーズホールディングス,2018-07-31,1257.0
ケーズホールディングス,2018-08-31,1345.0
ケーズホールディングス,2018-09-28,1375.0
ケーズホールディングス,2018-10-31,1426.0
ケーズホールディングス,2018-11-30,1197.0
ケーズホールディングス,2018-12-28,1080.0
ケーズホールディングス,2019-01-31,1082.0
ケーズホールディングス,2019-02-28,1024.0
ケーズホールディングス,2019-03-29,982.0
ケーズホールディングス,2019-04-26,993.0
ケーズホールディングス,2019-05-31,1033.0
ケーズホールディングス,2019-06-28,1017.0
ケーズホールディングス,2019-07-31,996.0
ケーズホールディングス,2019-08-30,1139.0
ケーズホールディングス,2019-09-30,1176.0
ケーズホールディングス,2019-10-31,1239.0
ケーズホールディングス,2019-11-29,1346.0
ケーズホールディングス,2019-12-30,1431.0
ケーズホールディングス,2020-01-31,1333.0
ケーズホールディングス,2020-02-28,1187.0
ケーズホールディングス,2020-03-31,1023.0
ケーズホールディングス,2020-04-30,1182.0
ケーズホールディングス,2020-05-29,1380.0
ケーズホールディングス,2020-06-30,1468.0
ケーズホールディングス,2020-07-31,1360.0
ケーズホールディングス,2020-08-31,1503.0
ケーズホールディングス,2020-09-30,1420.0
ケーズホールディングス,2020-10-30,1334.0
ケーズホールディングス,2020-11-30,1268.0
ケーズホールディングス,2020-12-30,1436.0
ケーズホールディングス,2021-01-29,1419.0
ケーズホールディングス,2021-02-26,1429.0
ケーズホールディングス,2021-03-31,1521.0
コマツ,2018-04-27,3750.0
コマツ,2018-05-31,3587.0
コマツ,2018-06-29,3168.0
コマツ,2018-07-31,3277.0
コマツ,2018-08-31,3161.0
コマツ,2018-09-28,3456.0
コマツ,2018-10-31,2944.5
コマツ,2018-11-30,3033.0
コマツ,2018-12-28,2365.5
コマツ,2019-01-31,2761.5
コマツ,2019-02-28,2731.0
コマツ,2019-03-29,2570.5
コマツ,2019-04-26,2852.0
コマツ,2019-05-31,2416.5
コマツ,2019-06-28,2600.0
コマツ,2019-07-31,2445.5
コマツ,2019-08-30,2257.0
コマツ,2019-09-30,2475.0
コマツ,2019-10-31,2559.0
コマツ,2019-11-29,2567.0
コマツ,2019-12-30,2642.0
コマツ,2020-01-31,2467.0
コマツ,2020-02-28,2182.5
コマツ,2020-03-31,1778.5
コマツ,2020-04-30,2062.5
コマツ,2020-05-29,2180.0
コマツ,2020-06-30,2203.5
コマツ,2020-07-31,2066.0
コマツ,2020-08-31,2304.0
コマツ,2020-09-30,2310.0
コマツ,2020-10-30,2341.0
コマツ,2020-11-30,2540.0
コマツ,2020-12-30,2817.5
コマツ,2021-01-29,2862.5
コマツ,2021-02-26,3190.0
コマツ,2021-03-31,3419.0
シスメックス,2018-04-27,9680.0
シスメックス,2018-05-31,9810.0
シスメックス,2018-06-29,10340.0
シスメックス,2018-07-31,10570.0
シスメックス,2018-08-31,9640.0
シスメックス,2018-09-28,9780.0
シスメックス,2018-10-31,7924.0
シスメックス,2018-11-30,6049.0
シスメックス,2018-12-28,5276.0
シスメックス,2019-01-31,6047.0
シスメックス,2019-02-28,6699.0
シスメックス,2019-03-29,6690.0
シスメックス,2019-04-26,6352.0
シスメックス,2019-05-31,7529.0
シスメックス,2019-06-28,7027.0
シスメックス,2019-07-31,7944.0
シスメックス,2019-08-30,6782.0
シスメックス,2019-09-30,7232.0
シスメックス,2019-10-31,7087.0
シスメックス,2019-11-29,7587.0
シスメックス,2019-12-30,7449.0
シスメックス,2020-01-31,7897.0
シスメックス,2020-02-28,6919.0
シスメックス,2020-03-31,7846.0
シスメックス,2020-04-30,7440.0
シスメックス,2020-05-29,8610.0
シスメックス,2020-06-30,8230.0
シスメックス,2020-07-31,8131.0
シスメックス,2020-08-31,9257.0
シスメックス,2020-09-30,10030.0
シスメックス,2020-10-30,9800.0
シスメックス,2020-11-30,10930.0
シスメックス,2020-12-30,12400.0
シスメックス,2021-01-29,12235.0
シスメックス,2021-02-26,11085.0
シスメックス,2021-03-31,11925.0
シャープ,2018-04-27,3215.0
シャープ,2018-05-31,2896.0
シャープ,2018-06-29,2700.0
シャープ,2018-07-31,2585.0
シャープ,2018-08-31,2633.0
シャープ,2018-09-28,2309.0
シャープ,2018-10-31,1731.0
シャープ,2018-11-30,1684.0
シャープ,2018-12-28,1102.0
シャープ,2019-01-31,1153.0
シャープ,2019-02-28,1302.0
シャープ,2019-03-29,1218.0
シャープ,2019-04-26,1236.0
シャープ,2019-05-31,988.0
シャープ,2019-06-28,1182.0
シャープ,2019-07-31,1379.0
シャープ,2019-08-30,1096.0
シャープ,2019-09-30,1195.0
シャープ,2019-10-31,1259.0
シャープ,2019-11-29,1654.0
シャープ,2019-12-30,1685.0
シャープ,2020-01-31,1522.0
シャープ,2020-02-28,1260.0
シャープ,2020-03-31,1135.0
シャープ,2020-04-30,1199.0
シャープ,2020-05-29,1167.0
シャープ,2020-06-30,1146.0
シャープ,2020-07-31,1030.0
シャープ,2020-08-31,1317.0
シャープ,2020-09-30,1298.0
シャープ,2020-10-30,1200.0
シャープ,2020-11-30,1400.0
シャープ,2020-12-30,1564.0
シャープ,2021-01-29,2174.0
シャープ,2021-02-26,2013.0
シャープ,2021-03-31,1910.0
スクウェア・エニックス・ホール,2018-04-27,4560.0
スクウェア・エニックス・ホール,2018-05-31,5410.0
スクウェア・エニックス・ホール,2018-06-29,5440.0
スクウェア・エニックス・ホール,2018-07-31,5280.0
スクウェア・エニックス・ホール,2018-08-31,5070.0
スクウェア・エニックス・ホール,2018-09-28,4700.0
スクウェア・エニックス・ホール,2018-10-31,4045.0
スクウェア・エニックス・ホール,2018-11-30,3700.0
スクウェア・エニックス・ホール,2018-12-28,2987.0
スクウェア・エニックス・ホール,2019-01-31,3600.0
スクウェア・エニックス・ホール,2019-02-28,3280.0
スクウェア・エニックス・ホール,2019-03-29,3880.0
スクウェア・エニックス・ホール,2019-04-26,3830.0
スクウェア・エニックス・ホール,2019-05-31,3825.0
スクウェア・エニックス・ホール,2019-06-28,3450.0
スクウェア・エニックス・ホール,2019-07-31,3745.0
スクウェア・エニックス・ホール,2019-08-30,4240.0
スクウェア・エニックス・ホール,2019-09-30,5250.0
スクウェア・エニックス・ホール,2019-10-31,5140.0
スクウェア・エニックス・ホール,2019-11-29,5410.0
スクウェア・エニックス・ホール,2019-12-30,5430.0
スクウェア・エニックス・ホール,2020-01-31,5380.0
スクウェア・エニックス・ホール,2020-02-28,4350.0
スクウェア・エニックス・ホール,2020-03-31,4825.0
スクウェア・エニックス・ホール,2020-04-30,4405.0
スクウェア・エニックス・ホール,2020-05-29,5230.0
スクウェア・エニックス・ホール,2020-06-30,5440.0
スクウェア・エニックス・ホール,2020-07-31,5640.0
スクウェア・エニックス・ホール,2020-08-31,6990.0
スクウェア・エニックス・ホール,2020-09-30,6960.0
スクウェア・エニックス・ホール,2020-10-30,6120.0
スクウェア・エニックス・ホール,2020-11-30,6410.0
スクウェア・エニックス・ホール,2020-12-30,6260.0
スクウェア・エニックス・ホール,2021-01-29,6020.0
スクウェア・エニックス・ホール,2021-02-26,6040.0
スクウェア・エニックス・ホール,2021-03-31,6150.0
スズキ,2018-04-27,5891.0
スズキ,2018-05-31,6262.0
スズキ,2018-06-29,6118.0
スズキ,2018-07-31,6551.0
スズキ,2018-08-31,7230.0
スズキ,2018-09-28,6508.0
スズキ,2018-10-31,5650.0
スズキ,2018-11-30,5655.0
スズキ,2018-12-28,5567.0
スズキ,2019-01-31,5674.0
スズキ,2019-02-28,5701.0
スズキ,2019-03-29,4898.0
スズキ,2019-04-26,5065.0
スズキ,2019-05-31,5158.0
スズキ,2019-06-28,5064.0
スズキ,2019-07-31,4269.0
スズキ,2019-08-30,4098.0
スズキ,2019-09-30,4587.0
スズキ,2019-10-31,5137.0
スズキ,2019-11-29,4856.0
スズキ,2019-12-30,4567.0
スズキ,2020-01-31,5032.0
スズキ,2020-02-28,4337.0
スズキ,2020-03-31,2584.5
スズキ,2020-04-30,3469.0
スズキ,2020-05-29,3746.0
スズキ,2020-06-30,3657.0
スズキ,2020-07-31,3472.0
スズキ,2020-08-31,4349.0
スズキ,2020-09-30,4483.0
スズキ,2020-10-30,4457.0
スズキ,2020-11-30,5604.0
スズキ,2020-12-30,4782.0
スズキ,2021-01-29,4708.0
スズキ,2021-02-26,4599.0
スズキ,2021-03-31,5025.0
セイコーエプソン,2018-04-27,2055.0
セイコーエプソン,2018-05-31,1909.0
セイコーエプソン,2018-06-29,1926.0
セイコーエプソン,2018-07-31,2013.0
セイコーエプソン,2018-08-31,1901.0
セイコーエプソン,2018-09-28,1938.0
セイコーエプソン,2018-10-31,1824.0
セイコーエプソン,2018-11-30,1804.0
セイコーエプソン,2018-12-28,1548.0
セイコーエプソン,2019-01-31,1728.0
セイコーエプソン,2019-02-28,1646.0
セイコーエプソン,2019-03-29,1695.0
セイコーエプソン,2019-04-26,1779.0
セイコーエプソン,2019-05-31,1600.0
セイコーエプソン,2019-06-28,1705.0
セイコーエプソン,2019-07-31,1610.0
セイコーエプソン,2019-08-30,1413.0
セイコーエプソン,2019-09-30,1520.0
セイコーエプソン,2019-10-31,1538.0
セイコーエプソン,2019-11-29,1666.0
セイコーエプソン,2019-12-30,1655.0
セイコーエプソン,2020-01-31,1620.0
セイコーエプソン,2020-02-28,1528.0
セイコーエプソン,2020-03-31,1170.0
セイコーエプソン,2020-04-30,1227.0
セイコーエプソン,2020-05-29,1214.0
セイコーエプソン,2020-06-30,1233.0
セイコーエプソン,2020-07-31,1111.0
セイコーエプソン,2020-08-31,1266.0
セイコーエプソン,2020-09-30,1205.0
セイコーエプソン,2020-10-30,1204.0
セイコーエプソン,2020-11-30,1557.0
セイコーエプソン,2020-12-30,1531.0
セイコーエプソン,2021-01-29,1773.0
セイコーエプソン,2021-02-26,1744.0
セイコーエプソン,2021-03-31,1800.0
ソニーグループ,2018-04-27,5400.0
ソニーグループ,2018-05-31,5160.0
ソニーグループ,2018-06-29,5664.0
ソニーグループ,2018-07-31,5828.0
ソニーグループ,2018-08-31,6348.0
ソニーグループ,2018-09-28,6966.0
ソニーグループ,2018-10-31,6140.0
ソニーグループ,2018-11-30,5937.0
ソニーグループ,2018-12-28,5326.0
ソニーグループ,2019-01-31,5467.0
ソニーグループ,2019-02-28,5341.0
ソニーグループ,2019-03-29,4645.0
ソニーグループ,2019-04-26,5212.0
ソニーグループ,2019-05-31,5257.0
ソニーグループ,2019-06-28,5648.0
ソニーグループ,2019-07-31,6170.0
ソニーグループ,2019-08-30,6042.0
ソニーグループ,2019-09-30,6347.0
ソニーグループ,2019-10-31,6625.0
ソニーグループ,2019-11-29,6904.0
ソニーグループ,2019-12-30,7401.0
ソニーグループ,2020-01-31,7718.0
ソニーグループ,2020-02-28,6611.0
ソニーグループ,2020-03-31,6421.0
ソニーグループ,2020-04-30,6932.0
ソニーグループ,2020-05-29,6874.0
ソニーグループ,2020-06-30,7384.0
ソニーグループ,2020-07-31,8076.0
ソニーグループ,2020-08-31,8309.0
ソニーグループ,2020-09-30,8032.0
ソニーグループ,2020-10-30,8674.0
ソニーグループ,2020-11-30,9704.0
ソニーグループ,2020-12-30,10285.0
ソニーグループ,2021-01-29,10050.0
ソニーグループ,2021-02-26,11120.0
ソニーグループ,2021-03-31,11595.0
ダイキン工業,2018-04-27,12805.0
ダイキン工業,2018-05-31,12580.0
ダイキン工業,2018-06-29,13270.0
ダイキン工業,2018-07-31,13320.0
ダイキン工業,2018-08-31,14170.0
ダイキン工業,2018-09-28,15125.0
ダイキン工業,2018-10-31,13125.0
ダイキン工業,2018-11-30,12610.0
ダイキン工業,2018-12-28,11695.0
ダイキン工業,2019-01-31,11765.0
ダイキン工業,2019-02-28,12090.0
ダイキン工業,2019-03-29,12970.0
ダイキン工業,2019-04-26,14100.0
ダイキン工業,2019-05-31,13230.0
ダイキン工業,2019-06-28,14065.0
ダイキン工業,2019-07-31,13585.0
ダイキン工業,2019-08-30,13155.0
ダイキン工業,2019-09-30,14180.0
ダイキン工業,2019-10-31,15230.0
ダイキン工業,2019-11-29,15745.0
ダイキン工業,2019-12-30,15450.0
ダイキン工業,2020-01-31,15635.0
ダイキン工業,2020-02-28,14725.0
ダイキン工業,2020-03-31,13170.0
ダイキン工業,2020-04-30,14005.0
ダイキン工業,2020-05-29,15850.0
ダイキン工業,2020-06-30,17335.0
ダイキン工業,2020-07-31,18450.0
ダイキン工業,2020-08-31,19965.0
ダイキン工業,2020-09-30,19300.0
ダイキン工業,2020-10-30,19480.0
ダイキン工業,2020-11-30,23665.0
ダイキン工業,2020-12-30,22920.0
ダイキン工業,2021-01-29,22105.0
ダイキン工業,2021-02-26,20720.0
ダイキン工業,2021-03-31,22320.0
ダイセル,2018-04-27,1266.0
ダイセル,2018-05-31,1232.0
ダイセル,2018-06-29,1226.0
ダイセル,2018-07-31,1228.0
ダイセル,2018-08-31,1257.0
ダイセル,2018-09-28,1320.0
ダイセル,2018-10-31,1195.0
ダイセル,2018-11-30,1270.0
ダイセル,2018-12-28,1131.0
ダイセル,2019-01-31,1140.0
ダイセル,2019-02-28,1172.0
ダイセル,2019-03-29,1202.0
ダイセル,2019-04-26,1242.0
ダイセル,2019-05-31,925.0
ダイセル,2019-06-28,958.0
ダイセル,2019-07-31,926.0
ダイセル,2019-08-30,821.0
ダイセル,2019-09-30,913.0
ダイセル,2019-10-31,976.0
ダイセル,2019-11-29,1076.0
ダイセル,2019-12-30,1049.0
ダイセル,2020-01-31,1049.0
ダイセル,2020-02-28,931.0
ダイセル,2020-03-31,789.0
ダイセル,2020-04-30,876.0
ダイセル,2020-05-29,912.0
ダイセル,2020-06-30,833.0
ダイセル,2020-07-31,702.0
ダイセル,2020-08-31,770.0
ダイセル,2020-09-30,757.0
ダイセル,2020-10-30,744.0
ダイセル,2020-11-30,734.0
ダイセル,2020-12-30,753.0
ダイセル,2021-01-29,795.0
ダイセル,2021-02-26,780.0
ダイセル,2021-03-31,852.0
ダイフク,2018-04-27,5880.0
ダイフク,2018-05-31,5650.0
ダイフク,2018-06-29,4855.0
ダイフク,2018-07-31,4885.0
ダイフク,2018-08-31,5770.0
ダイフク,2018-09-28,5790.0
ダイフク,2018-10-31,4860.0
ダイフク,2018-11-30,5810.0
ダイフク,2018-12-28,5020.0
ダイフク,2019-01-31,5440.0
ダイフク,2019-02-28,5460.0
ダイフク,2019-03-29,5760.0
ダイフク,2019-04-26,6780.0
ダイフク,2019-05-31,5470.0
ダイフク,2019-06-28,6050.0
ダイフク,2019-07-31,6010.0
ダイフク,2019-08-30,5020.0
ダイフク,2019-09-30,5570.0
ダイフク,2019-10-31,5810.0
ダイフク,2019-11-29,6370.0
ダイフク,2019-12-30,6660.0
ダイフク,2020-01-31,6730.0
ダイフク,2020-02-28,6420.0
ダイフク,2020-03-31,6850.0
ダイフク,2020-04-30,7530.0
ダイフク,2020-05-29,8380.0
ダイフク,2020-06-30,9420.0
ダイフク,2020-07-31,9500.0
ダイフク,2020-08-31,9330.0
ダイフク,2020-09-30,10580.0
ダイフク,2020-10-30,10730.0
ダイフク,2020-11-30,12100.0
ダイフク,2020-12-30,12760.0
ダイフク,2021-01-29,11930.0
ダイフク,2021-02-26,10180.0
ダイフク,2021-03-31,10840.0
テルモ,2018-04-27,6200.0
テルモ,2018-05-31,6460.0
テルモ,2018-06-29,6350.0
テルモ,2018-07-31,6130.0
テルモ,2018-08-31,6130.0
テルモ,2018-09-28,6730.0
テルモ,2018-10-31,6090.0
テルモ,2018-11-30,6685.0
テルモ,2018-12-28,6224.0
テルモ,2019-01-31,6208.0
テルモ,2019-02-28,6820.0
テルモ,2019-03-29,3380.0
テルモ,2019-04-26,3347.0
テルモ,2019-05-31,3088.0
テルモ,2019-06-28,3210.0
テルモ,2019-07-31,3182.0
テルモ,2019-08-30,3087.0
テルモ,2019-09-30,3480.0
テルモ,2019-10-31,3550.0
テルモ,2019-11-29,3841.0
テルモ,2019-12-30,3885.0
テルモ,2020-01-31,3984.0
テルモ,2020-02-28,3478.0
テルモ,2020-03-31,3720.0
テルモ,2020-04-30,3572.0
テルモ,2020-05-29,4230.0
テルモ,2020-06-30,4081.0
テルモ,2020-07-31,3975.0
テルモ,2020-08-31,4310.0
テルモ,2020-09-30,4180.0
テルモ,2020-10-30,3837.0
テルモ,2020-11-30,4147.0
テルモ,2020-12-30,4312.0
テルモ,2021-01-29,4065.0
テルモ,2021-02-26,3951.0
テルモ,2021-03-31,3999.0
ディスコ,2018-04-27,19280.0
ディスコ,2018-05-31,20550.0
ディスコ,2018-06-29,18910.0
ディスコ,2018-07-31,18970.0
ディスコ,2018-08-31,19880.0
ディスコ,2018-09-28,19020.0
ディスコ,2018-10-31,17970.0
ディスコ,2018-11-30,16550.0
ディスコ,2018-12-28,12850.0
ディスコ,2019-01-31,16080.0
ディスコ,2019-02-28,15340.0
ディスコ,2019-03-29,15770.0
ディスコ,2019-04-26,19080.0
ディスコ,2019-05-31,15170.0
ディスコ,2019-06-28,17680.0
ディスコ,2019-07-31,20230.0
ディスコ,2019-08-30,19300.0
ディスコ,2019-09-30,20460.0
ディスコ,2019-10-31,23880.0
ディスコ,2019-11-29,23620.0
ディスコ,2019-12-30,25900.0
ディスコ,2020-01-31,25840.0
ディスコ,2020-02-28,21880.0
ディスコ,2020-03-31,21360.0
ディスコ,2020-04-30,24350.0
ディスコ,2020-05-29,24060.0
ディスコ,2020-06-30,26090.0
ディスコ,2020-07-31,25170.0
ディスコ,2020-08-31,24730.0
ディスコ,2020-09-30,25410.0
ディスコ,2020-10-30,28030.0
ディスコ,2020-11-30,33250.0
ディスコ,2020-12-30,34750.0
ディスコ,2021-01-29,34050.0
ディスコ,2021-02-26,33400.0
ディスコ,2021-03-31,34750.0
デンソー,2018-04-27,5756.0
デンソー,2018-05-31,5290.0
デンソー,2018-06-29,5412.0
デンソー,2018-07-31,5504.0
デンソー,2018-08-31,5355.0
デンソー,2018-09-28,5999.0
デンソー,2018-10-31,5050.0
デンソー,2018-11-30,5247.0
デンソー,2018-12-28,4893.0
デンソー,2019-01-31,4988.0
デンソー,2019-02-28,4782.0
デンソー,2019-03-29,4317.0
デンソー,2019-04-26,4853.0
デンソー,2019-05-31,4202.0
デンソー,2019-06-28,4533.0
デンソー,2019-07-31,4638.0
デンソー,2019-08-30,4458.0
デンソー,2019-09-30,4749.0
デンソー,2019-10-31,5062.0
デンソー,2019-11-29,4888.0
デンソー,2019-12-30,4966.0
デンソー,2020-01-31,4542.0
デンソー,2020-02-28,4220.0
デンソー,2020-03-31,3491.0
デンソー,2020-04-30,3812.0
デンソー,2020-05-29,4131.0
デンソー,2020-06-30,4205.0
デンソー,2020-07-31,3868.0
デンソー,2020-08-31,4457.0
デンソー,2020-09-30,4597.0
デンソー,2020-10-30,4838.0
デンソー,2020-11-30,4929.0
デンソー,2020-12-30,6134.0
デンソー,2021-01-29,5807.0
デンソー,2021-02-26,6388.0
デンソー,2021-03-31,7347.0
トヨタ紡織,2018-04-27,2307.0
トヨタ紡織,2018-05-31,2068.0
トヨタ紡織,2018-06-29,2039.0
トヨタ紡織,2018-07-31,2065.0
トヨタ紡織,2018-08-31,1942.0
トヨタ紡織,2018-09-28,2121.0
トヨタ紡織,2018-10-31,1887.0
トヨタ紡織,2018-11-30,1749.0
トヨタ紡織,2018-12-28,1641.0
トヨタ紡織,2019-01-31,1766.0
トヨタ紡織,2019-02-28,1833.0
トヨタ紡織,2019-03-29,1675.0
トヨタ紡織,2019-04-26,1644.0
トヨタ紡織,2019-05-31,1332.0
トヨタ紡織,2019-06-28,1414.0
トヨタ紡織,2019-07-31,1531.0
トヨタ紡織,2019-08-30,1432.0
トヨタ紡織,2019-09-30,1511.0
トヨタ紡織,2019-10-31,1605.0
トヨタ紡織,2019-11-29,1723.0
トヨタ紡織,2019-12-30,1765.0
トヨタ紡織,2020-01-31,1602.0
トヨタ紡織,2020-02-28,1491.0
トヨタ紡織,2020-03-31,1287.0
トヨタ紡織,2020-04-30,1346.0
トヨタ紡織,2020-05-29,1518.0
トヨタ紡織,2020-06-30,1447.0
トヨタ紡織,2020-07-31,1228.0
トヨタ紡織,2020-08-31,1504.0
トヨタ紡織,2020-09-30,1485.0
トヨタ紡織,2020-10-30,1506.0
トヨタ紡織,2020-11-30,1370.0
トヨタ紡織,2020-12-30,1675.0
トヨタ紡織,2021-01-29,1689.0
トヨタ紡織,2021-02-26,1652.0
トヨタ紡織,2021-03-31,1830.0
トヨタ自動車,2018-04-27,7181.0
トヨタ自動車,2018-05-31,6921.0
トヨタ自動車,2018-06-29,7170.0
トヨタ自動車,2018-07-31,7305.0
トヨタ自動車,2018-08-31,6930.0
トヨタ自動車,2018-09-28,7095.0
トヨタ自動車,2018-10-31,6615.0
トヨタ自動車,2018-11-30,6803.0
トヨタ自動車,2018-12-28,6406.0
トヨタ自動車,2019-01-31,6675.0
トヨタ自動車,2019-02-28,6697.0
トヨタ自動車,2019-03-29,6487.0
トヨタ自動車,2019-04-26,6905.0
トヨタ自動車,2019-05-31,6384.0
トヨタ自動車,2019-06-28,6688.0
トヨタ自動車,2019-07-31,7024.0
トヨタ自動車,2019-08-30,6960.0
トヨタ自動車,2019-09-30,7216.0
トヨタ自動車,2019-10-31,7542.0
トヨタ自動車,2019-11-29,7638.0
トヨタ自動車,2019-12-30,7714.0
トヨタ自動車,2020-01-31,7652.0
トヨタ自動車,2020-02-28,7127.0
トヨタ自動車,2020-03-31,6501.0
トヨタ自動車,2020-04-30,6666.0
トヨタ自動車,2020-05-29,6755.0
トヨタ自動車,2020-06-30,6762.0
トヨタ自動車,2020-07-31,6217.0
トヨタ自動車,2020-08-31,7006.0
トヨタ自動車,2020-09-30,6932.0
トヨタ自動車,2020-10-30,6803.0
トヨタ自動車,2020-11-30,6999.0
トヨタ自動車,2020-12-30,7957.0
トヨタ自動車,2021-01-29,7300.0
トヨタ自動車,2021-02-26,7873.0
トヨタ自動車,2021-03-31,8616.0
ニコン,2018-04-27,1908.0
ニコン,2018-05-31,1765.0
ニコン,2018-06-29,1763.0
ニコン,2018-07-31,1882.0
ニコン,2018-08-31,2127.0
ニコン,2018-09-28,2135.0
ニコン,2018-10-31,1967.0
ニコン,2018-11-30,1780.0
ニコン,2018-12-28,1635.0
ニコン,2019-01-31,1864.0
ニコン,2019-02-28,1686.0
ニコン,2019-03-29,1561.0
ニコン,2019-04-26,1550.0
ニコン,2019-05-31,1486.0
ニコン,2019-06-28,1524.0
ニコン,2019-07-31,1478.0
ニコン,2019-08-30,1315.0
ニコン,2019-09-30,1348.0
ニコン,2019-10-31,1390.0
ニコン,2019-11-29,1501.0
ニコン,2019-12-30,1344.0
ニコン,2020-01-31,1339.0
ニコン,2020-02-28,1109.0
ニコン,2020-03-31,998.0
ニコン,2020-04-30,1007.0
ニコン,2020-05-29,990.0
ニコン,2020-06-30,902.0
ニコン,2020-07-31,734.0
ニコン,2020-08-31,832.0
ニコン,2020-09-30,708.0
ニコン,2020-10-30,629.0
ニコン,2020-11-30,649.0
ニコン,2020-12-30,651.0
ニコン,2021-01-29,832.0
ニコン,2021-02-26,945.0
ニコン,2021-03-31,1035.0
ニチコン,2018-04-27,1239.0
ニチコン,2018-05-31,1355.0
ニチコン,2018-06-29,1398.0
ニチコン,2018-07-31,1397.0
ニチコン,2018-08-31,1272.0
ニチコン,2018-09-28,1121.0
ニチコン,2018-10-31,937.0
ニチコン,2018-11-30,902.0
ニチコン,2018-12-28,796.0
ニチコン,2019-01-31,862.0
ニチコン,2019-02-28,996.0
ニチコン,2019-03-29,1013.0
ニチコン,2019-04-26,1081.0
ニチコン,2019-05-31,798.0
ニチコン,2019-06-28,877.0
ニチコン,2019-07-31,901.0
ニチコン,2019-08-30,934.0
ニチコン,2019-09-30,984.0
ニチコン,2019-10-31,1076.0
ニチコン,2019-11-29,1209.0
ニチコン,2019-12-30,1142.0
ニチコン,2020-01-31,1005.0
ニチコン,2020-02-28,795.0
ニチコン,2020-03-31,676.0
ニチコン,2020-04-30,714.0
ニチコン,2020-05-29,777.0
ニチコン,2020-06-30,748.0
ニチコン,2020-07-31,661.0
ニチコン,2020-08-31,780.0
ニチコン,2020-09-30,803.0
ニチコン,2020-10-30,841.0
ニチコン,2020-11-30,1094.0
ニチコン,2020-12-30,1305.0
ニチコン,2021-01-29,1420.0
ニチコン,2021-02-26,1077.0
ニチコン,2021-03-31,1121.0
ニフコ,2018-04-27,3855.0
ニフコ,2018-05-31,3755.0
ニフコ,2018-06-29,3430.0
ニフコ,2018-07-31,3370.0
ニフコ,2018-08-31,3050.0
ニフコ,2018-09-28,3055.0
ニフコ,2018-10-31,2571.0
ニフコ,2018-11-30,2895.0
ニフコ,2018-12-28,2600.0
ニフコ,2019-01-31,2646.0
ニフコ,2019-02-28,2830.0
ニフコ,2019-03-29,2820.0
ニフコ,2019-04-26,3130.0
ニフコ,2019-05-31,2725.0
ニフコ,2019-06-28,2669.0
ニフコ,2019-07-31,2698.0
ニフコ,2019-08-30,2442.0
ニフコ,2019-09-30,2581.0
ニフコ,2019-10-31,2880.0
ニフコ,2019-11-29,3010.0
ニフコ,2019-12-30,3000.0
ニフコ,2020-01-31,2900.0
ニフコ,2020-02-28,2621.0
ニフコ,2020-03-31,1940.0
ニフコ,2020-04-30,2095.0
ニフコ,2020-05-29,2358.0
ニフコ,2020-06-30,2299.0
ニフコ,2020-07-31,2358.0
ニフコ,2020-08-31,2719.0
ニフコ,2020-09-30,2862.0
ニフコ,2020-10-30,3110.0
ニフコ,2020-11-30,3675.0
ニフコ,2020-12-30,4045.0
ニフコ,2021-01-29,3650.0
ニフコ,2021-02-26,3655.0
ニフコ,2021-03-31,4035.0
バンダイナムコホールディングス,2018-04-27,3715.0
バンダイナムコホールディングス,2018-05-31,4630.0
バンダイナムコホールディングス,2018-06-29,4570.0
バンダイナムコホールディングス,2018-07-31,4465.0
バンダイナムコホールディングス,2018-08-31,4310.0
バンダイナムコホールディングス,2018-09-28,4415.0
バンダイナムコホールディングス,2018-10-31,4015.0
バンダイナムコホールディングス,2018-11-30,4770.0
バンダイナムコホールディングス,2018-12-28,4925.0
バンダイナムコホールディングス,2019-01-31,4795.0
バンダイナムコホールディングス,2019-02-28,4740.0
バンダイナムコホールディングス,2019-03-29,5190.0
バンダイナムコホールディングス,2019-04-26,5300.0
バンダイナムコホールディングス,2019-05-31,5340.0
バンダイナムコホールディングス,2019-06-28,5230.0
バンダイナムコホールディングス,2019-07-31,5900.0
バンダイナムコホールディングス,2019-08-30,6250.0
バンダイナムコホールディングス,2019-09-30,6730.0
バンダイナムコホールディングス,2019-10-31,6668.0
バンダイナムコホールディングス,2019-11-29,6637.0
バンダイナムコホールディングス,2019-12-30,6631.0
バンダイナムコホールディングス,2020-01-31,6378.0
バンダイナムコホールディングス,2020-02-28,5370.0
バンダイナムコホールディングス,2020-03-31,5241.0
バンダイナムコホールディングス,2020-04-30,5431.0
バンダイナムコホールディングス,2020-05-29,5996.0
バンダイナムコホールディングス,2020-06-30,5667.0
バンダイナムコホールディングス,2020-07-31,5821.0
バンダイナムコホールディングス,2020-08-31,6587.0
バンダイナムコホールディングス,2020-09-30,7689.0
バンダイナムコホールディングス,2020-10-30,7776.0
バンダイナムコホールディングス,2020-11-30,9530.0
バンダイナムコホールディングス,2020-12-30,8926.0
バンダイナムコホールディングス,2021-01-29,8941.0
バンダイナムコホールディングス,2021-02-26,8147.0
バンダイナムコホールディングス,2021-03-31,7893.0
パナソニック,2018-04-27,1632.0
パナソニック,2018-05-31,1489.5
パナソニック,2018-06-29,1493.5
パナソニック,2018-07-31,1438.0
パナソニック,2018-08-31,1326.5
パナソニック,2018-09-28,1323.5
パナソニック,2018-10-31,1249.5
パナソニック,2018-11-30,1164.5
パナソニック,2018-12-28,990.6
パナソニック,2019-01-31,1062.0
パナソニック,2019-02-28,1025.0
パナソニック,2019-03-29,954.2
パナソニック,2019-04-26,1021.0
パナソニック,2019-05-31,864.8
パナソニック,2019-06-28,897.6
パナソニック,2019-07-31,924.7
パナソニック,2019-08-30,820.1
パナソニック,2019-09-30,875.6
パナソニック,2019-10-31,916.9
パナソニック,2019-11-29,1032.0
パナソニック,2019-12-30,1029.5
パナソニック,2020-01-31,1102.0
パナソニック,2020-02-28,1030.5
パナソニック,2020-03-31,825.0
パナソニック,2020-04-30,826.8
パナソニック,2020-05-29,963.0
パナソニック,2020-06-30,939.6
パナソニック,2020-07-31,900.0
パナソニック,2020-08-31,977.9
パナソニック,2020-09-30,888.8
パナソニック,2020-10-30,960.7
パナソニック,2020-11-30,1112.5
パナソニック,2020-12-30,1190.5
パナソニック,2021-01-29,1351.5
パナソニック,2021-02-26,1365.5
パナソニック,2021-03-31,1423.5
ヒロセ電機,2018-04-27,15420.0
ヒロセ電機,2018-05-31,14170.0
ヒロセ電機,2018-06-29,13730.0
ヒロセ電機,2018-07-31,13590.0
ヒロセ電機,2018-08-31,13220.0
ヒロセ電機,2018-09-28,12420.0
ヒロセ電機,2018-10-31,10730.0
ヒロセ電機,2018-11-30,11970.0
ヒロセ電機,2018-12-28,10770.0
ヒロセ電機,2019-01-31,11660.0
ヒロセ電機,2019-02-28,11450.0
ヒロセ電機,2019-03-29,11630.0
ヒロセ電機,2019-04-26,12860.0
ヒロセ電機,2019-05-31,11900.0
ヒロセ電機,2019-06-28,12020.0
ヒロセ電機,2019-07-31,11470.0
ヒロセ電機,2019-08-30,12070.0
ヒロセ電機,2019-09-30,13240.0
ヒロセ電機,2019-10-31,13730.0
ヒロセ電機,2019-11-29,13460.0
ヒロセ電機,2019-12-30,14030.0
ヒロセ電機,2020-01-31,13750.0
ヒロセ電機,2020-02-28,11460.0
ヒロセ電機,2020-03-31,11200.0
ヒロセ電機,2020-04-30,11870.0
ヒロセ電機,2020-05-29,12870.0
ヒロセ電機,2020-06-30,11820.0
ヒロセ電機,2020-07-31,11070.0
ヒロセ電機,2020-08-31,12010.0
ヒロセ電機,2020-09-30,13530.0
ヒロセ電機,2020-10-30,14540.0
ヒロセ電機,2020-11-30,14760.0
ヒロセ電機,2020-12-30,15650.0
ヒロセ電機,2021-01-29,16410.0
ヒロセ電機,2021-02-26,15540.0
ヒロセ電機,2021-03-31,17020.0
ファナック,2018-04-27,23560.0
ファナック,2018-05-31,23270.0
ファナック,2018-06-29,22005.0
ファナック,2018-07-31,21920.0
ファナック,2018-08-31,21775.0
ファナック,2018-09-28,21420.0
ファナック,2018-10-31,19735.0
ファナック,2018-11-30,19390.0
ファナック,2018-12-28,16670.0
ファナック,2019-01-31,18360.0
ファナック,2019-02-28,18440.0
ファナック,2019-03-29,18880.0
ファナック,2019-04-26,20775.0
ファナック,2019-05-31,18475.0
ファナック,2019-06-28,19930.0
ファナック,2019-07-31,19530.0
ファナック,2019-08-30,18455.0
ファナック,2019-09-30,20340.0
ファナック,2019-10-31,21600.0
ファナック,2019-11-29,20905.0
ファナック,2019-12-30,20330.0
ファナック,2020-01-31,20320.0
ファナック,2020-02-28,17970.0
ファナック,2020-03-31,14655.0
ファナック,2020-04-30,17830.0
ファナック,2020-05-29,19215.0
ファナック,2020-06-30,19260.0
ファナック,2020-07-31,17705.0
ファナック,2020-08-31,18605.0
ファナック,2020-09-30,20120.0
ファナック,2020-10-30,22050.0
ファナック,2020-11-30,25365.0
ファナック,2020-12-30,25360.0
ファナック,2021-01-29,27365.0
ファナック,2021-02-26,26340.0
ファナック,2021-03-31,26185.0
マツダ,2018-04-27,1521.5
マツダ,2018-05-31,1370.0
マツダ,2018-06-29,1360.0
マツダ,2018-07-31,1390.0
マツダ,2018-08-31,1288.5
マツダ,2018-09-28,1364.0
マツダ,2018-10-31,1224.0
マツダ,2018-11-30,1210.0
マツダ,2018-12-28,1135.0
マツダ,2019-01-31,1199.0
マツダ,2019-02-28,1307.5
マツダ,2019-03-29,1238.5
マツダ,2019-04-26,1315.5
マツダ,2019-05-31,1061.5
マツダ,2019-06-28,1124.5
マツダ,2019-07-31,1079.0
マツダ,2019-08-30,892.2
マツダ,2019-09-30,959.5
マツダ,2019-10-31,1005.0
マツダ,2019-11-29,970.0
マツダ,2019-12-30,938.0
マツダ,2020-01-31,934.0
マツダ,2020-02-28,750.0
マツダ,2020-03-31,572.0
マツダ,2020-04-30,612.0
マツダ,2020-05-29,689.0
マツダ,2020-06-30,646.0
マツダ,2020-07-31,591.0
マツダ,2020-08-31,680.0
マツダ,2020-09-30,611.0
マツダ,2020-10-30,546.0
マツダ,2020-11-30,617.0
マツダ,2020-12-30,692.0
マツダ,2021-01-29,744.0
マツダ,2021-02-26,839.0
マツダ,2021-03-31,902.0
ミネベアミツミ,2018-04-27,2197.0
ミネベアミツミ,2018-05-31,2068.0
ミネベアミツミ,2018-06-29,1874.0
ミネベアミツミ,2018-07-31,1995.0
ミネベアミツミ,2018-08-31,2086.0
ミネベアミツミ,2018-09-28,2060.0
ミネベアミツミ,2018-10-31,1727.0
ミネベアミツミ,2018-11-30,1842.0
ミネベアミツミ,2018-12-28,1590.0
ミネベアミツミ,2019-01-31,1782.0
ミネベアミツミ,2019-02-28,1786.0
ミネベアミツミ,2019-03-29,1663.0
ミネベアミツミ,2019-04-26,1970.0
ミネベアミツミ,2019-05-31,1596.0
ミネベアミツミ,2019-06-28,1825.0
ミネベアミツミ,2019-07-31,1881.0
ミネベアミツミ,2019-08-30,1641.0
ミネベアミツミ,2019-09-30,1711.0
ミネベアミツミ,2019-10-31,2080.0
ミネベアミツミ,2019-11-29,2124.0
ミネベアミツミ,2019-12-30,2277.0
ミネベアミツミ,2020-01-31,2186.0
ミネベアミツミ,2020-02-28,1904.0
ミネベアミツミ,2020-03-31,1614.0
ミネベアミツミ,2020-04-30,1774.0
ミネベアミツミ,2020-05-29,1891.0
ミネベアミツミ,2020-06-30,1953.0
ミネベアミツミ,2020-07-31,1722.0
ミネベアミツミ,2020-08-31,1839.0
ミネベアミツミ,2020-09-30,1990.0
ミネベアミツミ,2020-10-30,1874.0
ミネベアミツミ,2020-11-30,2174.0
ミネベアミツミ,2020-12-30,2048.0
ミネベアミツミ,2021-01-29,2319.0
ミネベアミツミ,2021-02-26,2615.0
ミネベアミツミ,2021-03-31,2829.0
ユニプレス,2018-04-27,2587.0
ユニプレス,2018-05-31,2315.0
ユニプレス,2018-06-29,2171.0
ユニプレス,2018-07-31,2264.0
ユニプレス,2018-08-31,2162.0
ユニプレス,2018-09-28,2209.0
ユニプレス,2018-10-31,2024.0
ユニプレス,2018-11-30,2138.0
ユニプレス,2018-12-28,1861.0
ユニプレス,2019-01-31,2102.0
ユニプレス,2019-02-28,1984.0
ユニプレス,2019-03-29,1729.0
ユニプレス,2019-04-26,1715.0
ユニプレス,2019-05-31,1714.0
ユニプレス,2019-06-28,1770.0
ユニプレス,2019-07-31,1781.0
ユニプレス,2019-08-30,1652.0
ユニプレス,2019-09-30,1693.0
ユニプレス,2019-10-31,1785.0
ユニプレス,2019-11-29,1654.0
ユニプレス,2019-12-30,1542.0
ユニプレス,2020-01-31,1415.0
ユニプレス,2020-02-28,1166.0
ユニプレス,2020-03-31,964.0
ユニプレス,2020-04-30,952.0
ユニプレス,2020-05-29,1044.0
ユニプレス,2020-06-30,939.0
ユニプレス,2020-07-31,784.0
ユニプレス,2020-08-31,920.0
ユニプレス,2020-09-30,856.0
ユニプレス,2020-10-30,805.0
ユニプレス,2020-11-30,895.0
ユニプレス,2020-12-30,970.0
ユニプレス,2021-01-29,959.0
ユニプレス,2021-02-26,915.0
ユニプレス,2021-03-31,1063.0
リコー,2018-04-27,1071.0
リコー,2018-05-31,986.0
リコー,2018-06-29,1016.0
リコー,2018-07-31,1088.0
リコー,2018-08-31,1165.0
リコー,2018-09-28,1220.0
リコー,2018-10-31,1129.0
リコー,2018-11-30,1102.0
リコー,2018-12-28,1077.0
リコー,2019-01-31,1158.0
リコー,2019-02-28,1130.0
リコー,2019-03-29,1157.0
リコー,2019-04-26,1123.0
リコー,2019-05-31,1054.0
リコー,2019-06-28,1076.0
リコー,2019-07-31,1002.0
リコー,2019-08-30,983.0
リコー,2019-09-30,973.0
リコー,2019-10-31,970.0
リコー,2019-11-29,1127.0
リコー,2019-12-30,1192.0
リコー,2020-01-31,1259.0
リコー,2020-02-28,1005.0
リコー,2020-03-31,794.0
リコー,2020-04-30,740.0
リコー,2020-05-29,796.0
リコー,2020-06-30,769.0
リコー,2020-07-31,675.0
リコー,2020-08-31,793.0
リコー,2020-09-30,706.0
リコー,2020-10-30,682.0
リコー,2020-11-30,697.0
リコー,2020-12-30,677.0
リコー,2021-01-29,790.0
リコー,2021-02-26,922.0
リコー,2021-03-31,1124.0
ローム,2018-04-27,10220.0
ローム,2018-05-31,10090.0
ローム,2018-06-29,9300.0
ローム,2018-07-31,9500.0
ローム,2018-08-31,10030.0
ローム,2018-09-28,8280.0
ローム,2018-10-31,7940.0
ローム,2018-11-30,7900.0
ローム,2018-12-28,7040.0
ローム,2019-01-31,7640.0
ローム,2019-02-28,7030.0
ローム,2019-03-29,6900.0
ローム,2019-04-26,8150.0
ローム,2019-05-31,6740.0
ローム,2019-06-28,7240.0
ローム,2019-07-31,7670.0
ローム,2019-08-30,7580.0
ローム,2019-09-30,8250.0
ローム,2019-10-31,8660.0
ローム,2019-11-29,9200.0
ローム,2019-12-30,8780.0
ローム,2020-01-31,8050.0
ローム,2020-02-28,7100.0
ローム,2020-03-31,5930.0
ローム,2020-04-30,6860.0
ローム,2020-05-29,7250.0
ローム,2020-06-30,7140.0
ローム,2020-07-31,6670.0
ローム,2020-08-31,6820.0
ローム,2020-09-30,8100.0
ローム,2020-10-30,8000.0
ローム,2020-11-30,8710.0
ローム,2020-12-30,9990.0
ローム,2021-01-29,10610.0
ローム,2021-02-26,10470.0
ローム,2021-03-31,10810.0
三井不動産,2018-04-27,2811.5
三井不動産,2018-05-31,2735.0
三井不動産,2018-06-29,2674.0
三井不動産,2018-07-31,2666.0
三井不動産,2018-08-31,2544.5
三井不動産,2018-09-28,2689.0
三井不動産,2018-10-31,2544.0
三井不動産,2018-11-30,2715.0
三井不動産,2018-12-28,2445.0
三井不動産,2019-01-31,2637.0
三井不動産,2019-02-28,2637.5
三井不動産,2019-03-29,2782.5
三井不動産,2019-04-26,2567.0
三井不動産,2019-05-31,2631.5
三井不動産,2019-06-28,2612.5
三井不動産,2019-07-31,2471.5
三井不動産,2019-08-30,2546.0
三井不動産,2019-09-30,2679.0
三井不動産,2019-10-31,2781.0
三井不動産,2019-11-29,2723.0
三井不動産,2019-12-30,2672.0
三井不動産,2020-01-31,2911.5
三井不動産,2020-02-28,2477.5
三井不動産,2020-03-31,1870.5
三井不動産,2020-04-30,1998.0
三井不動産,2020-05-29,2073.5
三井不動産,2020-06-30,1909.5
三井不動産,2020-07-31,1648.0
三井不動産,2020-08-31,1920.0
三井不動産,2020-09-30,1826.5
三井不動産,2020-10-30,1774.5
三井不動産,2020-11-30,2181.5
三井不動産,2020-12-30,2158.5
三井不動産,2021-01-29,2118.5
三井不動産,2021-02-26,2400.0
三井不動産,2021-03-31,2513.5
三菱地所,2018-04-27,2002.5
三菱地所,2018-05-31,1976.0
三菱地所,2018-06-29,1937.0
三菱地所,2018-07-31,1940.0
三菱地所,2018-08-31,1844.5
三菱地所,2018-09-28,1932.0
三菱地所,2018-10-31,1805.5
三菱地所,2018-11-30,1821.0
三菱地所,2018-12-28,1729.5
三菱地所,2019-01-31,1924.5
三菱地所,2019-02-28,1913.0
三菱地所,2019-03-29,2005.5
三菱地所,2019-04-26,1875.5
三菱地所,2019-05-31,1997.0
三菱地所,2019-06-28,2005.0
三菱地所,2019-07-31,2012.0
三菱地所,2019-08-30,2034.0
三菱地所,2019-09-30,2084.0
三菱地所,2019-10-31,2107.5
三菱地所,2019-11-29,2006.5
三菱地所,2019-12-30,2089.5
三菱地所,2020-01-31,2152.0
三菱地所,2020-02-28,1844.0
三菱地所,2020-03-31,1595.0
三菱地所,2020-04-30,1762.5
三菱地所,2020-05-29,1713.0
三菱地所,2020-06-30,1602.5
三菱地所,2020-07-31,1519.0
三菱地所,2020-08-31,1661.5
三菱地所,2020-09-30,1587.0
三菱地所,2020-10-30,1554.0
三菱地所,2020-11-30,1804.0
三菱地所,2020-12-30,1657.0
三菱地所,2021-01-29,1652.0
三菱地所,2021-02-26,1838.0
三菱地所,2021-03-31,1932.5
三菱自動車工業,2018-04-27,816.0
三菱自動車工業,2018-05-31,824.0
三菱自動車工業,2018-06-29,883.0
三菱自動車工業,2018-07-31,850.0
三菱自動車工業,2018-08-31,792.0
三菱自動車工業,2018-09-28,802.0
三菱自動車工業,2018-10-31,711.0
三菱自動車工業,2018-11-30,696.0
三菱自動車工業,2018-12-28,602.0
三菱自動車工業,2019-01-31,673.0
三菱自動車工業,2019-02-28,625.0
三菱自動車工業,2019-03-29,588.0
三菱自動車工業,2019-04-26,623.0
三菱自動車工業,2019-05-31,512.0
三菱自動車工業,2019-06-28,516.0
三菱自動車工業,2019-07-31,482.0
三菱自動車工業,2019-08-30,444.0
三菱自動車工業,2019-09-30,469.0
三菱自動車工業,2019-10-31,498.0
三菱自動車工業,2019-11-29,490.0
三菱自動車工業,2019-12-30,458.0
三菱自動車工業,2020-01-31,413.0
三菱自動車工業,2020-02-28,359.0
三菱自動車工業,2020-03-31,306.0
三菱自動車工業,2020-04-30,305.0
三菱自動車工業,2020-05-29,304.0
三菱自動車工業,2020-06-30,266.0
三菱自動車工業,2020-07-31,206.0
三菱自動車工業,2020-08-31,255.0
三菱自動車工業,2020-09-30,231.0
三菱自動車工業,2020-10-30,190.0
三菱自動車工業,2020-11-30,188.0
三菱自動車工業,2020-12-30,217.0
三菱自動車工業,2021-01-29,237.0
三菱自動車工業,2021-02-26,302.0
三菱自動車工業,2021-03-31,315.0
三菱電機,2018-04-27,1680.5
三菱電機,2018-05-31,1545.0
三菱電機,2018-06-29,1474.5
三菱電機,2018-07-31,1511.5
三菱電機,2018-08-31,1500.0
三菱電機,2018-09-28,1556.5
三菱電機,2018-10-31,1433.5
三菱電機,2018-11-30,1498.0
三菱電機,2018-12-28,1216.5
三菱電機,2019-01-31,1365.5
三菱電機,2019-02-28,1394.0
三菱電機,2019-03-29,1422.5
三菱電機,2019-04-26,1582.0
三菱電機,2019-05-31,1360.5
三菱電機,2019-06-28,1419.0
三菱電機,2019-07-31,1432.5
三菱電機,2019-08-30,1283.5
三菱電機,2019-09-30,1432.5
三菱電機,2019-10-31,1556.5
三菱電機,2019-11-29,1511.5
三菱電機,2019-12-30,1498.5
三菱電機,2020-01-31,1545.0
三菱電機,2020-02-28,1371.0
三菱電機,2020-03-31,1335.0
三菱電機,2020-04-30,1340.5
三菱電機,2020-05-29,1418.5
三菱電機,2020-06-30,1399.5
三菱電機,2020-07-31,1370.5
三菱電機,2020-08-31,1463.0
三菱電機,2020-09-30,1421.5
三菱電機,2020-10-30,1340.0
三菱電機,2020-11-30,1533.5
三菱電機,2020-12-30,1557.0
三菱電機,2021-01-29,1594.5
三菱電機,2021-02-26,1568.5
三菱電機,2021-03-31,1686.5
丸井グループ,2018-04-27,2275.0
丸井グループ,2018-05-31,2211.0
丸井グループ,2018-06-29,2334.0
丸井グループ,2018-07-31,2216.0
丸井グループ,2018-08-31,2455.0
丸井グループ,2018-09-28,2804.0
丸井グループ,2018-10-31,2430.0
丸井グループ,2018-11-30,2447.0
丸井グループ,2018-12-28,2133.0
丸井グループ,2019-01-31,2206.0
丸井グループ,2019-02-28,1959.0
丸井グループ,2019-03-29,2235.0
丸井グループ,2019-04-26,2257.0
丸井グループ,2019-05-31,2264.0
丸井グループ,2019-06-28,2194.0
丸井グループ,2019-07-31,2362.0
丸井グループ,2019-08-30,2115.0
丸井グループ,2019-09-30,2282.0
丸井グループ,2019-10-31,2417.0
丸井グループ,2019-11-29,2634.0
丸井グループ,2019-12-30,2668.0
丸井グループ,2020-01-31,2543.0
丸井グループ,2020-02-28,2106.0
丸井グループ,2020-03-31,1815.0
丸井グループ,2020-04-30,1772.0
丸井グループ,2020-05-29,1943.0
丸井グループ,2020-06-30,1946.0
丸井グループ,2020-07-31,1523.0
丸井グループ,2020-08-31,1937.0
丸井グループ,2020-09-30,2011.0
丸井グループ,2020-10-30,1874.0
丸井グループ,2020-11-30,1906.0
丸井グループ,2020-12-30,1812.0
丸井グループ,2021-01-29,1868.0
丸井グループ,2021-02-26,2021.0
丸井グループ,2021-03-31,2079.0
九電工,2018-04-27,5130.0
九電工,2018-05-31,5250.0
九電工,2018-06-29,5350.0
九電工,2018-07-31,4470.0
九電工,2018-08-31,4230.0
九電工,2018-09-28,4510.0
九電工,2018-10-31,4115.0
九電工,2018-11-30,4415.0
九電工,2018-12-28,4170.0
九電工,2019-01-31,3905.0
九電工,2019-02-28,3810.0
九電工,2019-03-29,3470.0
九電工,2019-04-26,3160.0
九電工,2019-05-31,3080.0
九電工,2019-06-28,3235.0
九電工,2019-07-31,3385.0
九電工,2019-08-30,3295.0
九電工,2019-09-30,3600.0
九電工,2019-10-31,3570.0
九電工,2019-11-29,3520.0
九電工,2019-12-30,3235.0
九電工,2020-01-31,3190.0
九電工,2020-02-28,2891.0
九電工,2020-03-31,2923.0
九電工,2020-04-30,3020.0
九電工,2020-05-29,2993.0
九電工,2020-06-30,3180.0
九電工,2020-07-31,2975.0
九電工,2020-08-31,3030.0
九電工,2020-09-30,3035.0
九電工,2020-10-30,2845.0
九電工,2020-11-30,2985.0
九電工,2020-12-30,3330.0
九電工,2021-01-29,3170.0
九電工,2021-02-26,3500.0
九電工,2021-03-31,4230.0
京セラ,2018-04-27,6998.0
京セラ,2018-05-31,6456.0
京セラ,2018-06-29,6247.0
京セラ,2018-07-31,6488.0
京セラ,2018-08-31,7010.0
京セラ,2018-09-28,6820.0
京セラ,2018-10-31,6138.0
京セラ,2018-11-30,6125.0
京セラ,2018-12-28,5508.0
京セラ,2019-01-31,6114.0
京セラ,2019-02-28,6141.0
京セラ,2019-03-29,6500.0
京セラ,2019-04-26,7190.0
京セラ,2019-05-31,6624.0
京セラ,2019-06-28,7035.0
京セラ,2019-07-31,6690.0
京セラ,2019-08-30,6315.0
京セラ,2019-09-30,6705.0
京セラ,2019-10-31,7142.0
京セラ,2019-11-29,7447.0
京セラ,2019-12-30,7480.0
京セラ,2020-01-31,7274.0
京セラ,2020-02-28,6796.0
京セラ,2020-03-31,6408.0
京セラ,2020-04-30,5779.0
京セラ,2020-05-29,5831.0
京セラ,2020-06-30,5865.0
京セラ,2020-07-31,5844.0
京セラ,2020-08-31,6087.0
京セラ,2020-09-30,5997.0
京セラ,2020-10-30,5731.0
京セラ,2020-11-30,5963.0
京セラ,2020-12-30,6326.0
京セラ,2021-01-29,6699.0
京セラ,2021-02-26,6858.0
京セラ,2021-03-31,7025.0
任天堂,2018-04-27,46170.0
任天堂,2018-05-31,45000.0
任天堂,2018-06-29,36200.0
任天堂,2018-07-31,36760.0
任天堂,2018-08-31,40160.0
任天堂,2018-09-28,41460.0
任天堂,2018-10-31,35160.0
任天堂,2018-11-30,34610.0
任天堂,2018-12-28,29285.0
任天堂,2019-01-31,33830.0
任天堂,2019-02-28,30440.0
任天堂,2019-03-29,31560.0
任天堂,2019-04-26,38000.0
任天堂,2019-05-31,38700.0
任天堂,2019-06-28,39490.0
任天堂,2019-07-31,40100.0
任天堂,2019-08-30,40290.0
任天堂,2019-09-30,40020.0
任天堂,2019-10-31,38620.0
任天堂,2019-11-29,42350.0
任天堂,2019-12-30,43970.0
任天堂,2020-01-31,40770.0
任天堂,2020-02-28,36270.0
任天堂,2020-03-31,41610.0
任天堂,2020-04-30,44650.0
任天堂,2020-05-29,43540.0
任天堂,2020-06-30,48010.0
任天堂,2020-07-31,46440.0
任天堂,2020-08-31,56740.0
任天堂,2020-09-30,59660.0
任天堂,2020-10-30,56980.0
任天堂,2020-11-30,59260.0
任天堂,2020-12-30,65830.0
任天堂,2021-01-29,60580.0
任天堂,2021-02-26,64750.0
任天堂,2021-03-31,61810.0
伊藤忠テクノソリューションズ,2018-04-27,2270.0
伊藤忠テクノソリューションズ,2018-05-31,1975.0
伊藤忠テクノソリューションズ,2018-06-29,1914.0
伊藤忠テクノソリューションズ,2018-07-31,2124.0
伊藤忠テクノソリューションズ,2018-08-31,2460.0
伊藤忠テクノソリューションズ,2018-09-28,2469.0
伊藤忠テクノソリューションズ,2018-10-31,2140.0
伊藤忠テクノソリューションズ,2018-11-30,2189.0
伊藤忠テクノソリューションズ,2018-12-28,2124.0
伊藤忠テクノソリューションズ,2019-01-31,2262.0
伊藤忠テクノソリューションズ,2019-02-28,2620.0
伊藤忠テクノソリューションズ,2019-03-29,2583.0
伊藤忠テクノソリューションズ,2019-04-26,2721.0
伊藤忠テクノソリューションズ,2019-05-31,2696.0
伊藤忠テクノソリューションズ,2019-06-28,2762.0
伊藤忠テクノソリューションズ,2019-07-31,2811.0
伊藤忠テクノソリューションズ,2019-08-30,2928.0
伊藤忠テクノソリューションズ,2019-09-30,2862.0
伊藤忠テクノソリューションズ,2019-10-31,2923.0
伊藤忠テクノソリューションズ,2019-11-29,2923.0
伊藤忠テクノソリューションズ,2019-12-30,3075.0
伊藤忠テクノソリューションズ,2020-01-31,3245.0
伊藤忠テクノソリューションズ,2020-02-28,2994.0
伊藤忠テクノソリューションズ,2020-03-31,3085.0
伊藤忠テクノソリューションズ,2020-04-30,3300.0
伊藤忠テクノソリューションズ,2020-05-29,3640.0
伊藤忠テクノソリューションズ,2020-06-30,4040.0
伊藤忠テクノソリューションズ,2020-07-31,4275.0
伊藤忠テクノソリューションズ,2020-08-31,3840.0
伊藤忠テクノソリューションズ,2020-09-30,3985.0
伊藤忠テクノソリューションズ,2020-10-30,3555.0
伊藤忠テクノソリューションズ,2020-11-30,3685.0
伊藤忠テクノソリューションズ,2020-12-30,3685.0
伊藤忠テクノソリューションズ,2021-01-29,3690.0
伊藤忠テクノソリューションズ,2021-02-26,3270.0
伊藤忠テクノソリューションズ,2021-03-31,3565.0
住友不動産,2018-04-27,4349.0
住友不動産,2018-05-31,4113.0
住友不動産,2018-06-29,4089.0
住友不動産,2018-07-31,4088.0
住友不動産,2018-08-31,3850.0
住友不動産,2018-09-28,4080.0
住友不動産,2018-10-31,3883.0
住友不動産,2018-11-30,4208.0
住友不動産,2018-12-28,4026.0
住友不動産,2019-01-31,4153.0
住友不動産,2019-02-28,4164.0
住友不動産,2019-03-29,4586.0
住友不動産,2019-04-26,4103.0
住友不動産,2019-05-31,4007.0
住友不動産,2019-06-28,3848.0
住友不動産,2019-07-31,3977.0
住友不動産,2019-08-30,3995.0
住友不動産,2019-09-30,4113.0
住友不動産,2019-10-31,3943.0
住友不動産,2019-11-29,3814.0
住友不動産,2019-12-30,3812.0
住友不動産,2020-01-31,4050.0
住友不動産,2020-02-28,3372.0
住友不動産,2020-03-31,2635.0
住友不動産,2020-04-30,2913.5
住友不動産,2020-05-29,2984.5
住友不動産,2020-06-30,2963.0
住友不動産,2020-07-31,2689.5
住友不動産,2020-08-31,3131.0
住友不動産,2020-09-30,3102.0
住友不動産,2020-10-30,2787.0
住友不動産,2020-11-30,3405.0
住友不動産,2020-12-30,3181.0
住友不動産,2021-01-29,3159.0
住友不動産,2021-02-26,3670.0
住友不動産,2021-03-31,3906.0
参天製薬,2018-04-27,1845.0
参天製薬,2018-05-31,1897.0
参天製薬,2018-06-29,1931.0
参天製薬,2018-07-31,1865.0
参天製薬,2018-08-31,1712.0
参天製薬,2018-09-28,1801.0
参天製薬,2018-10-31,1675.0
参天製薬,2018-11-30,1943.0
参天製薬,2018-12-28,1586.0
参天製薬,2019-01-31,1499.0
参天製薬,2019-02-28,1735.0
参天製薬,2019-03-29,1649.0
参天製薬,2019-04-26,1694.0
参天製薬,2019-05-31,1563.0
参天製薬,2019-06-28,1785.0
参天製薬,2019-07-31,1761.0
参天製薬,2019-08-30,1861.0
参天製薬,2019-09-30,1878.0
参天製薬,2019-10-31,1925.0
参天製薬,2019-11-29,2050.0
参天製薬,2019-12-30,2086.0
参天製薬,2020-01-31,2056.0
参天製薬,2020-02-28,1732.0
参天製薬,2020-03-31,1858.0
参天製薬,2020-04-30,1904.0
参天製薬,2020-05-29,1990.0
参天製薬,2020-06-30,1983.0
参天製薬,2020-07-31,1780.0
参天製薬,2020-08-31,2021.0
参天製薬,2020-09-30,2149.0
参天製薬,2020-10-30,1857.0
参天製薬,2020-11-30,1735.0
参天製薬,2020-12-30,1675.0
参天製薬,2021-01-29,1731.0
参天製薬,2021-02-26,1462.0
参天製薬,2021-03-31,1523.0
塩野義製薬,2018-04-27,5634.0
塩野義製薬,2018-05-31,5714.0
塩野義製薬,2018-06-29,5691.0
塩野義製薬,2018-07-31,6076.0
塩野義製薬,2018-08-31,6456.0
塩野義製薬,2018-09-28,7424.0
塩野義製薬,2018-10-31,7232.0
塩野義製薬,2018-11-30,7508.0
塩野義製薬,2018-12-28,6271.0
塩野義製薬,2019-01-31,6686.0
塩野義製薬,2019-02-28,7116.0
塩野義製薬,2019-03-29,6852.0
塩野義製薬,2019-04-26,6476.0
塩野義製薬,2019-05-31,5940.0
塩野義製薬,2019-06-28,6209.0
塩野義製薬,2019-07-31,6057.0
塩野義製薬,2019-08-30,5695.0
塩野義製薬,2019-09-30,5999.0
塩野義製薬,2019-10-31,6518.0
塩野義製薬,2019-11-29,6438.0
塩野義製薬,2019-12-30,6767.0
塩野義製薬,2020-01-31,6565.0
塩野義製薬,2020-02-28,5845.0
塩野義製薬,2020-03-31,5317.0
塩野義製薬,2020-04-30,5929.0
塩野義製薬,2020-05-29,6361.0
塩野義製薬,2020-06-30,6750.0
塩野義製薬,2020-07-31,6259.0
塩野義製薬,2020-08-31,5883.0
塩野義製薬,2020-09-30,5629.0
塩野義製薬,2020-10-30,4924.0
塩野義製薬,2020-11-30,5593.0
塩野義製薬,2020-12-30,5635.0
塩野義製薬,2021-01-29,5680.0
塩野義製薬,2021-02-26,5413.0
塩野義製薬,2021-03-31,5952.0
大同特殊鋼,2018-04-27,5940.0
大同特殊鋼,2018-05-31,5120.0
大同特殊鋼,2018-06-29,5120.0
大同特殊鋼,2018-07-31,5510.0
大同特殊鋼,2018-08-31,5070.0
大同特殊鋼,2018-09-28,5520.0
大同特殊鋼,2018-10-31,4650.0
大同特殊鋼,2018-11-30,4595.0
大同特殊鋼,2018-12-28,4325.0
大同特殊鋼,2019-01-31,4540.0
大同特殊鋼,2019-02-28,4700.0
大同特殊鋼,2019-03-29,4365.0
大同特殊鋼,2019-04-26,4510.0
大同特殊鋼,2019-05-31,3825.0
大同特殊鋼,2019-06-28,4085.0
大同特殊鋼,2019-07-31,4160.0
大同特殊鋼,2019-08-30,3985.0
大同特殊鋼,2019-09-30,4235.0
大同特殊鋼,2019-10-31,4770.0
大同特殊鋼,2019-11-29,4935.0
大同特殊鋼,2019-12-30,4805.0
大同特殊鋼,2020-01-31,4245.0
大同特殊鋼,2020-02-28,3925.0
大同特殊鋼,2020-03-31,3480.0
大同特殊鋼,2020-04-30,3595.0
大同特殊鋼,2020-05-29,3695.0
大同特殊鋼,2020-06-30,3305.0
大同特殊鋼,2020-07-31,2961.0
大同特殊鋼,2020-08-31,3530.0
大同特殊鋼,2020-09-30,3260.0
大同特殊鋼,2020-10-30,3405.0
大同特殊鋼,2020-11-30,4340.0
大同特殊鋼,2020-12-30,4305.0
大同特殊鋼,2021-01-29,4270.0
大同特殊鋼,2021-02-26,4385.0
大同特殊鋼,2021-03-31,5110.0
大阪ガス,2018-04-27,2354.0
大阪ガス,2018-05-31,2374.5
大阪ガス,2018-06-29,2292.5
大阪ガス,2018-07-31,2145.0
大阪ガス,2018-08-31,2075.5
大阪ガス,2018-09-28,2216.0
大阪ガス,2018-10-31,2071.0
大阪ガス,2018-11-30,2069.0
大阪ガス,2018-12-28,2009.0
大阪ガス,2019-01-31,2147.0
大阪ガス,2019-02-28,2280.0
大阪ガス,2019-03-29,2184.0
大阪ガス,2019-04-26,2055.0
大阪ガス,2019-05-31,1927.0
大阪ガス,2019-06-28,1877.0
大阪ガス,2019-07-31,2004.0
大阪ガス,2019-08-30,1902.0
大阪ガス,2019-09-30,2067.0
大阪ガス,2019-10-31,2123.0
大阪ガス,2019-11-29,2052.0
大阪ガス,2019-12-30,2091.0
大阪ガス,2020-01-31,1857.0
大阪ガス,2020-02-28,1745.0
大阪ガス,2020-03-31,2036.0
大阪ガス,2020-04-30,1999.0
大阪ガス,2020-05-29,2153.0
大阪ガス,2020-06-30,2128.0
大阪ガス,2020-07-31,1944.0
大阪ガス,2020-08-31,2073.0
大阪ガス,2020-09-30,2050.0
大阪ガス,2020-10-30,1982.0
大阪ガス,2020-11-30,2004.0
大阪ガス,2020-12-30,2112.0
大阪ガス,2021-01-29,1933.0
大阪ガス,2021-02-26,1906.0
大阪ガス,2021-03-31,2157.0
太平洋工業,2018-04-27,1556.0
太平洋工業,2018-05-31,1539.0
太平洋工業,2018-06-29,1628.0
太平洋工業,2018-07-31,1827.0
太平洋工業,2018-08-31,1801.0
太平洋工業,2018-09-28,1883.0
太平洋工業,2018-10-31,1651.0
太平洋工業,2018-11-30,1703.0
太平洋工業,2018-12-28,1468.0
太平洋工業,2019-01-31,1535.0
太平洋工業,2019-02-28,1695.0
太平洋工業,2019-03-29,1556.0
太平洋工業,2019-04-26,1816.0
太平洋工業,2019-05-31,1426.0
太平洋工業,2019-06-28,1547.0
太平洋工業,2019-07-31,1544.0
太平洋工業,2019-08-30,1439.0
太平洋工業,2019-09-30,1579.0
太平洋工業,2019-10-31,1490.0
太平洋工業,2019-11-29,1509.0
太平洋工業,2019-12-30,1495.0
太平洋工業,2020-01-31,1329.0
太平洋工業,2020-02-28,1176.0
太平洋工業,2020-03-31,941.0
太平洋工業,2020-04-30,916.0
太平洋工業,2020-05-29,987.0
太平洋工業,2020-06-30,946.0
太平洋工業,2020-07-31,772.0
太平洋工業,2020-08-31,995.0
太平洋工業,2020-09-30,962.0
太平洋工業,2020-10-30,1045.0
太平洋工業,2020-11-30,1073.0
太平洋工業,2020-12-30,1074.0
太平洋工業,2021-01-29,1095.0
太平洋工業,2021-02-26,1153.0
太平洋工業,2021-03-31,1271.0
太陽誘電,2018-04-27,1949.0
太陽誘電,2018-05-31,2452.0
太陽誘電,2018-06-29,3095.0
太陽誘電,2018-07-31,3325.0
太陽誘電,2018-08-31,3275.0
太陽誘電,2018-09-28,2554.0
太陽誘電,2018-10-31,2279.0
太陽誘電,2018-11-30,2153.0
太陽誘電,2018-12-28,1636.0
太陽誘電,2019-01-31,1904.0
太陽誘電,2019-02-28,2192.0
太陽誘電,2019-03-29,2177.0
太陽誘電,2019-04-26,2687.0
太陽誘電,2019-05-31,1996.0
太陽誘電,2019-06-28,2005.0
太陽誘電,2019-07-31,2189.0
太陽誘電,2019-08-30,1999.0
太陽誘電,2019-09-30,2629.0
太陽誘電,2019-10-31,2901.0
太陽誘電,2019-11-29,2866.0
太陽誘電,2019-12-30,3355.0
太陽誘電,2020-01-31,3250.0
太陽誘電,2020-02-28,3020.0
太陽誘電,2020-03-31,2861.0
太陽誘電,2020-04-30,3030.0
太陽誘電,2020-05-29,3000.0
太陽誘電,2020-06-30,3345.0
太陽誘電,2020-07-31,3320.0
太陽誘電,2020-08-31,2856.0
太陽誘電,2020-09-30,3290.0
太陽誘電,2020-10-30,3840.0
太陽誘電,2020-11-30,4735.0
太陽誘電,2020-12-30,4835.0
太陽誘電,2021-01-29,6140.0
太陽誘電,2021-02-26,5260.0
太陽誘電,2021-03-31,5200.0
富士フイルムホールディングス,2018-04-27,4405.0
富士フイルムホールディングス,2018-05-31,4182.0
富士フイルムホールディングス,2018-06-29,4326.0
富士フイルムホールディングス,2018-07-31,4601.0
富士フイルムホールディングス,2018-08-31,4699.0
富士フイルムホールディングス,2018-09-28,5115.0
富士フイルムホールディングス,2018-10-31,4893.0
富士フイルムホールディングス,2018-11-30,4510.0
富士フイルムホールディングス,2018-12-28,4270.0
富士フイルムホールディングス,2019-01-31,4665.0
富士フイルムホールディングス,2019-02-28,4991.0
富士フイルムホールディングス,2019-03-29,5034.0
富士フイルムホールディングス,2019-04-26,5184.0
富士フイルムホールディングス,2019-05-31,5199.0
富士フイルムホールディングス,2019-06-28,5463.0
富士フイルムホールディングス,2019-07-31,5181.0
富士フイルムホールディングス,2019-08-30,4549.0
富士フイルムホールディングス,2019-09-30,4740.0
富士フイルムホールディングス,2019-10-31,4780.0
富士フイルムホールディングス,2019-11-29,5172.0
富士フイルムホールディングス,2019-12-30,5230.0
富士フイルムホールディングス,2020-01-31,5484.0
富士フイルムホールディングス,2020-02-28,5277.0
富士フイルムホールディングス,2020-03-31,5439.0
富士フイルムホールディングス,2020-04-30,5139.0
富士フイルムホールディングス,2020-05-29,4981.0
富士フイルムホールディングス,2020-06-30,4610.0
富士フイルムホールディングス,2020-07-31,4717.0
富士フイルムホールディングス,2020-08-31,5046.0
富士フイルムホールディングス,2020-09-30,5185.0
富士フイルムホールディングス,2020-10-30,5318.0
富士フイルムホールディングス,2020-11-30,5625.0
富士フイルムホールディングス,2020-12-30,5438.0
富士フイルムホールディングス,2021-01-29,5987.0
富士フイルムホールディングス,2021-02-26,6070.0
富士フイルムホールディングス,2021-03-31,6571.0
富士通,2018-04-27,665.9
富士通,2018-05-31,666.7
富士通,2018-06-29,671.8
富士通,2018-07-31,760.4
富士通,2018-08-31,813.1
富士通,2018-09-28,8096.0
富士通,2018-10-31,6862.0
富士通,2018-11-30,6987.0
富士通,2018-12-28,6847.0
富士通,2019-01-31,7284.0
富士通,2019-02-28,7509.0
富士通,2019-03-29,7986.0
富士通,2019-04-26,8135.0
富士通,2019-05-31,7355.0
富士通,2019-06-28,7512.0
富士通,2019-07-31,8543.0
富士通,2019-08-30,8203.0
富士通,2019-09-30,8655.0
富士通,2019-10-31,9621.0
富士通,2019-11-29,9951.0
富士通,2019-12-30,10270.0
富士通,2020-01-31,11615.0
富士通,2020-02-28,11210.0
富士通,2020-03-31,9755.0
富士通,2020-04-30,10535.0
富士通,2020-05-29,11100.0
富士通,2020-06-30,12620.0
富士通,2020-07-31,14120.0
富士通,2020-08-31,13820.0
富士通,2020-09-30,14340.0
富士通,2020-10-30,12225.0
富士通,2020-11-30,14505.0
富士通,2020-12-30,14905.0
富士通,2021-01-29,16020.0
富士通,2021-02-26,15360.0
富士通,2021-03-31,16000.0
小野薬品工業,2018-04-27,2534.5
小野薬品工業,2018-05-31,2699.5
小野薬品工業,2018-06-29,2597.0
小野薬品工業,2018-07-31,2634.5
小野薬品工業,2018-08-31,2920.0
小野薬品工業,2018-09-28,3215.0
小野薬品工業,2018-10-31,2572.0
小野薬品工業,2018-11-30,2745.5
小野薬品工業,2018-12-28,2245.0
小野薬品工業,2019-01-31,2370.5
小野薬品工業,2019-02-28,2288.5
小野薬品工業,2019-03-29,2169.0
小野薬品工業,2019-04-26,2079.5
小野薬品工業,2019-05-31,1920.0
小野薬品工業,2019-06-28,1932.0
小野薬品工業,2019-07-31,1983.0
小野薬品工業,2019-08-30,1962.5
小野薬品工業,2019-09-30,1957.0
小野薬品工業,2019-10-31,2047.0
小野薬品工業,2019-11-29,2455.0
小野薬品工業,2019-12-30,2502.0
小野薬品工業,2020-01-31,2539.5
小野薬品工業,2020-02-28,2210.0
小野薬品工業,2020-03-31,2486.0
小野薬品工業,2020-04-30,2591.0
小野薬品工業,2020-05-29,3077.0
小野薬品工業,2020-06-30,3137.0
小野薬品工業,2020-07-31,2963.5
小野薬品工業,2020-08-31,3199.0
小野薬品工業,2020-09-30,3304.0
小野薬品工業,2020-10-30,2972.0
小野薬品工業,2020-11-30,3303.0
小野薬品工業,2020-12-30,3108.0
小野薬品工業,2021-01-29,3125.0
小野薬品工業,2021-02-26,2864.0
小野薬品工業,2021-03-31,2890.0
新光電気工業,2018-04-27,857.0
新光電気工業,2018-05-31,920.0
新光電気工業,2018-06-29,991.0
新光電気工業,2018-07-31,1068.0
新光電気工業,2018-08-31,1047.0
新光電気工業,2018-09-28,956.0
新光電気工業,2018-10-31,785.0
新光電気工業,2018-11-30,803.0
新光電気工業,2018-12-28,700.0
新光電気工業,2019-01-31,748.0
新光電気工業,2019-02-28,806.0
新光電気工業,2019-03-29,848.0
新光電気工業,2019-04-26,979.0
新光電気工業,2019-05-31,872.0
新光電気工業,2019-06-28,912.0
新光電気工業,2019-07-31,887.0
新光電気工業,2019-08-30,836.0
新光電気工業,2019-09-30,920.0
新光電気工業,2019-10-31,1063.0
新光電気工業,2019-11-29,1104.0
新光電気工業,2019-12-30,1290.0
新光電気工業,2020-01-31,1319.0
新光電気工業,2020-02-28,1187.0
新光電気工業,2020-03-31,1036.0
新光電気工業,2020-04-30,1361.0
新光電気工業,2020-05-29,1368.0
新光電気工業,2020-06-30,1461.0
新光電気工業,2020-07-31,1574.0
新光電気工業,2020-08-31,1577.0
新光電気工業,2020-09-30,1835.0
新光電気工業,2020-10-30,1817.0
新光電気工業,2020-11-30,2311.0
新光電気工業,2020-12-30,2360.0
新光電気工業,2021-01-29,2630.0
新光電気工業,2021-02-26,2854.0
新光電気工業,2021-03-31,3425.0
日本ガイシ,2018-04-27,2012.0
日本ガイシ,2018-05-31,1987.0
日本ガイシ,2018-06-29,1973.0
日本ガイシ,2018-07-31,1956.0
日本ガイシ,2018-08-31,1810.0
日本ガイシ,2018-09-28,1874.0
日本ガイシ,2018-10-31,1587.0
日本ガイシ,2018-11-30,1683.0
日本ガイシ,2018-12-28,1491.0
日本ガイシ,2019-01-31,1670.0
日本ガイシ,2019-02-28,1699.0
日本ガイシ,2019-03-29,1608.0
日本ガイシ,2019-04-26,1644.0
日本ガイシ,2019-05-31,1474.0
日本ガイシ,2019-06-28,1571.0
日本ガイシ,2019-07-31,1632.0
日本ガイシ,2019-08-30,1426.0
日本ガイシ,2019-09-30,1539.0
日本ガイシ,2019-10-31,1674.0
日本ガイシ,2019-11-29,1805.0
日本ガイシ,2019-12-30,1904.0
日本ガイシ,2020-01-31,1857.0
日本ガイシ,2020-02-28,1697.0
日本ガイシ,2020-03-31,1417.0
日本ガイシ,2020-04-30,1424.0
日本ガイシ,2020-05-29,1579.0
日本ガイシ,2020-06-30,1488.0
日本ガイシ,2020-07-31,1307.0
日本ガイシ,2020-08-31,1507.0
日本ガイシ,2020-09-30,1495.0
日本ガイシ,2020-10-30,1483.0
日本ガイシ,2020-11-30,1659.0
日本ガイシ,2020-12-30,1592.0
日本ガイシ,2021-01-29,1828.0
日本ガイシ,2021-02-26,1880.0
日本ガイシ,2021-03-31,2024.0
日本特殊陶業,2018-04-27,2820.0
日本特殊陶業,2018-05-31,2980.0
日本特殊陶業,2018-06-29,3160.0
日本特殊陶業,2018-07-31,3210.0
日本特殊陶業,2018-08-31,3160.0
日本特殊陶業,2018-09-28,3310.0
日本特殊陶業,2018-10-31,2292.0
日本特殊陶業,2018-11-30,2332.0
日本特殊陶業,2018-12-28,2192.0
日本特殊陶業,2019-01-31,2338.0
日本特殊陶業,2019-02-28,2366.0
日本特殊陶業,2019-03-29,2054.0
日本特殊陶業,2019-04-26,2157.0
日本特殊陶業,2019-05-31,1911.0
日本特殊陶業,2019-06-28,2022.0
日本特殊陶業,2019-07-31,2086.0
日本特殊陶業,2019-08-30,1834.0
日本特殊陶業,2019-09-30,2058.0
日本特殊陶業,2019-10-31,2217.0
日本特殊陶業,2019-11-29,2191.0
日本特殊陶業,2019-12-30,2134.0
日本特殊陶業,2020-01-31,1947.0
日本特殊陶業,2020-02-28,1775.0
日本特殊陶業,2020-03-31,1522.0
日本特殊陶業,2020-04-30,1622.0
日本特殊陶業,2020-05-29,1737.0
日本特殊陶業,2020-06-30,1544.0
日本特殊陶業,2020-07-31,1409.0
日本特殊陶業,2020-08-31,1825.0
日本特殊陶業,2020-09-30,1830.0
日本特殊陶業,2020-10-30,1825.0
日本特殊陶業,2020-11-30,1891.0
日本特殊陶業,2020-12-30,1763.0
日本特殊陶業,2021-01-29,1942.0
日本特殊陶業,2021-02-26,1802.0
日本特殊陶業,2021-03-31,1911.0
日本航空電子工業,2018-04-27,1872.0
日本航空電子工業,2018-05-31,1815.0
日本航空電子工業,2018-06-29,1745.0
日本航空電子工業,2018-07-31,1924.0
日本航空電子工業,2018-08-31,2032.0
日本航空電子工業,2018-09-28,1914.0
日本航空電子工業,2018-10-31,1501.0
日本航空電子工業,2018-11-30,1430.0
日本航空電子工業,2018-12-28,1272.0
日本航空電子工業,2019-01-31,1414.0
日本航空電子工業,2019-02-28,1449.0
日本航空電子工業,2019-03-29,1541.0
日本航空電子工業,2019-04-26,1794.0
日本航空電子工業,2019-05-31,1518.0
日本航空電子工業,2019-06-28,1581.0
日本航空電子工業,2019-07-31,1526.0
日本航空電子工業,2019-08-30,1405.0
日本航空電子工業,2019-09-30,1531.0
日本航空電子工業,2019-10-31,2037.0
日本航空電子工業,2019-11-29,2084.0
日本航空電子工業,2019-12-30,2218.0
日本航空電子工業,2020-01-31,1974.0
日本航空電子工業,2020-02-28,1733.0
日本航空電子工業,2020-03-31,1301.0
日本航空電子工業,2020-04-30,1412.0
日本航空電子工業,2020-05-29,1493.0
日本航空電子工業,2020-06-30,1447.0
日本航空電子工業,2020-07-31,1333.0
日本航空電子工業,2020-08-31,1381.0
日本航空電子工業,2020-09-30,1442.0
日本航空電子工業,2020-10-30,1429.0
日本航空電子工業,2020-11-30,1400.0
日本航空電子工業,2020-12-30,1579.0
日本航空電子工業,2021-01-29,1625.0
日本航空電子工業,2021-02-26,1690.0
日本航空電子工業,2021-03-31,1790.0
日本製鉄,2018-04-27,2385.0
日本製鉄,2018-05-31,2282.5
日本製鉄,2018-06-29,2175.5
日本製鉄,2018-07-31,2223.5
日本製鉄,2018-08-31,2235.5
日本製鉄,2018-09-28,2403.5
日本製鉄,2018-10-31,2087.0
日本製鉄,2018-11-30,2076.0
日本製鉄,2018-12-28,1892.5
日本製鉄,2019-01-31,2010.0
日本製鉄,2019-02-28,2003.5
日本製鉄,2019-03-29,1954.0
日本製鉄,2019-04-26,1980.5
日本製鉄,2019-05-31,1806.5
日本製鉄,2019-06-28,1849.0
日本製鉄,2019-07-31,1716.5
日本製鉄,2019-08-30,1486.0
日本製鉄,2019-09-30,1505.5
日本製鉄,2019-10-31,1591.5
日本製鉄,2019-11-29,1605.5
日本製鉄,2019-12-30,1654.0
日本製鉄,2020-01-31,1535.5
日本製鉄,2020-02-28,1216.0
日本製鉄,2020-03-31,925.4
日本製鉄,2020-04-30,911.9
日本製鉄,2020-05-29,992.6
日本製鉄,2020-06-30,1013.5
日本製鉄,2020-07-31,857.5
日本製鉄,2020-08-31,1044.5
日本製鉄,2020-09-30,989.5
日本製鉄,2020-10-30,1006.5
日本製鉄,2020-11-30,1276.5
日本製鉄,2020-12-30,1328.0
日本製鉄,2021-01-29,1207.0
日本製鉄,2021-02-26,1567.5
日本製鉄,2021-03-31,1886.5
日本触媒,2018-04-27,7440.0
日本触媒,2018-05-31,8390.0
日本触媒,2018-06-29,8010.0
日本触媒,2018-07-31,7980.0
日本触媒,2018-08-31,8190.0
日本触媒,2018-09-28,8830.0
日本触媒,2018-10-31,7280.0
日本触媒,2018-11-30,7570.0
日本触媒,2018-12-28,7010.0
日本触媒,2019-01-31,7200.0
日本触媒,2019-02-28,7590.0
日本触媒,2019-03-29,7220.0
日本触媒,2019-04-26,7700.0
日本触媒,2019-05-31,6520.0
日本触媒,2019-06-28,7120.0
日本触媒,2019-07-31,7110.0
日本触媒,2019-08-30,6150.0
日本触媒,2019-09-30,6140.0
日本触媒,2019-10-31,6720.0
日本触媒,2019-11-29,6770.0
日本触媒,2019-12-30,6790.0
日本触媒,2020-01-31,6500.0
日本触媒,2020-02-28,5480.0
日本触媒,2020-03-31,4950.0
日本触媒,2020-04-30,5120.0
日本触媒,2020-05-29,6030.0
日本触媒,2020-06-30,5640.0
日本触媒,2020-07-31,5240.0
日本触媒,2020-08-31,5580.0
日本触媒,2020-09-30,5600.0
日本触媒,2020-10-30,5100.0
日本触媒,2020-11-30,5220.0
日本触媒,2020-12-30,5780.0
日本触媒,2021-01-29,5860.0
日本触媒,2021-02-26,5660.0
日本触媒,2021-03-31,6340.0
日本電産,2018-04-27,17140.0
日本電産,2018-05-31,16885.0
日本電産,2018-06-29,16625.0
日本電産,2018-07-31,16180.0
日本電産,2018-08-31,16105.0
日本電産,2018-09-28,16345.0
日本電産,2018-10-31,14490.0
日本電産,2018-11-30,15120.0
日本電産,2018-12-28,12475.0
日本電産,2019-01-31,13030.0
日本電産,2019-02-28,13475.0
日本電産,2019-03-29,14025.0
日本電産,2019-04-26,15785.0
日本電産,2019-05-31,13590.0
日本電産,2019-06-28,14725.0
日本電産,2019-07-31,14715.0
日本電産,2019-08-30,13855.0
日本電産,2019-09-30,14520.0
日本電産,2019-10-31,16085.0
日本電産,2019-11-29,16190.0
日本電産,2019-12-30,15005.0
日本電産,2020-01-31,14040.0
日本電産,2020-02-28,12780.0
日本電産,2020-03-31,5607.0
日本電産,2020-04-30,6286.0
日本電産,2020-05-29,6622.0
日本電産,2020-06-30,7196.0
日本電産,2020-07-31,8375.0
日本電産,2020-08-31,8911.0
日本電産,2020-09-30,9805.0
日本電産,2020-10-30,10500.0
日本電産,2020-11-30,13305.0
日本電産,2020-12-30,12980.0
日本電産,2021-01-29,13850.0
日本電産,2021-02-26,13520.0
日本電産,2021-03-31,13435.0
日東電工,2018-04-27,8150.0
日東電工,2018-05-31,8559.0
日東電工,2018-06-29,8383.0
日東電工,2018-07-31,8082.0
日東電工,2018-08-31,8628.0
日東電工,2018-09-28,8516.0
日東電工,2018-10-31,7078.0
日東電工,2018-11-30,6203.0
日東電工,2018-12-28,5543.0
日東電工,2019-01-31,6140.0
日東電工,2019-02-28,5942.0
日東電工,2019-03-29,5815.0
日東電工,2019-04-26,5990.0
日東電工,2019-05-31,4750.0
日東電工,2019-06-28,5317.0
日東電工,2019-07-31,5390.0
日東電工,2019-08-30,4946.0
日東電工,2019-09-30,5204.0
日東電工,2019-10-31,6040.0
日東電工,2019-11-29,6140.0
日東電工,2019-12-30,6180.0
日東電工,2020-01-31,6190.0
日東電工,2020-02-28,5420.0
日東電工,2020-03-31,4825.0
日東電工,2020-04-30,5410.0
日東電工,2020-05-29,5830.0
日東電工,2020-06-30,6100.0
日東電工,2020-07-31,5950.0
日東電工,2020-08-31,6440.0
日東電工,2020-09-30,6840.0
日東電工,2020-10-30,7310.0
日東電工,2020-11-30,8640.0
日東電工,2020-12-30,9230.0
日東電工,2021-01-29,9470.0
日東電工,2021-02-26,9090.0
日東電工,2021-03-31,9460.0
日清食品ホールディングス,2018-04-27,8050.0
日清食品ホールディングス,2018-05-31,8100.0
日清食品ホールディングス,2018-06-29,8010.0
日清食品ホールディングス,2018-07-31,7710.0
日清食品ホールディングス,2018-08-31,7090.0
日清食品ホールディングス,2018-09-28,7810.0
日清食品ホールディングス,2018-10-31,7290.0
日清食品ホールディングス,2018-11-30,7330.0
日清食品ホールディングス,2018-12-28,6900.0
日清食品ホールディングス,2019-01-31,6910.0
日清食品ホールディングス,2019-02-28,7730.0
日清食品ホールディングス,2019-03-29,7600.0
日清食品ホールディングス,2019-04-26,7330.0
日清食品ホールディングス,2019-05-31,6580.0
日清食品ホールディングス,2019-06-28,6940.0
日清食品ホールディングス,2019-07-31,6790.0
日清食品ホールディングス,2019-08-30,7370.0
日清食品ホールディングス,2019-09-30,7800.0
日清食品ホールディングス,2019-10-31,8200.0
日清食品ホールディングス,2019-11-29,8200.0
日清食品ホールディングス,2019-12-30,8120.0
日清食品ホールディングス,2020-01-31,8260.0
日清食品ホールディングス,2020-02-28,8500.0
日清食品ホールディングス,2020-03-31,9000.0
日清食品ホールディングス,2020-04-30,8840.0
日清食品ホールディングス,2020-05-29,9000.0
日清食品ホールディングス,2020-06-30,9550.0
日清食品ホールディングス,2020-07-31,9480.0
日清食品ホールディングス,2020-08-31,10600.0
日清食品ホールディングス,2020-09-30,9900.0
日清食品ホールディングス,2020-10-30,9040.0
日清食品ホールディングス,2020-11-30,8620.0
日清食品ホールディングス,2020-12-30,8840.0
日清食品ホールディングス,2021-01-29,9050.0
日清食品ホールディングス,2021-02-26,8050.0
日清食品ホールディングス,2021-03-31,8210.0
日産自動車,2018-04-27,1151.5
日産自動車,2018-05-31,1080.5
日産自動車,2018-06-29,1078.0
日産自動車,2018-07-31,1055.5
日産自動車,2018-08-31,1040.0
日産自動車,2018-09-28,1063.5
日産自動車,2018-10-31,1027.5
日産自動車,2018-11-30,994.3
日産自動車,2018-12-28,880.3
日産自動車,2019-01-31,926.8
日産自動車,2019-02-28,962.4
日産自動車,2019-03-29,908.2
日産自動車,2019-04-26,893.3
日産自動車,2019-05-31,734.6
日産自動車,2019-06-28,771.6
日産自動車,2019-07-31,710.8
日産自動車,2019-08-30,656.4
日産自動車,2019-09-30,674.1
日産自動車,2019-10-31,689.4
日産自動車,2019-11-29,678.8
日産自動車,2019-12-30,636.1
日産自動車,2020-01-31,599.5
日産自動車,2020-02-28,463.6
日産自動車,2020-03-31,356.6
日産自動車,2020-04-30,369.8
日産自動車,2020-05-29,400.9
日産自動車,2020-06-30,399.2
日産自動車,2020-07-31,361.0
日産自動車,2020-08-31,431.5
日産自動車,2020-09-30,371.8
日産自動車,2020-10-30,366.0
日産自動車,2020-11-30,492.5
日産自動車,2020-12-30,560.0
日産自動車,2021-01-29,532.1
日産自動車,2021-02-26,574.7
日産自動車,2021-03-31,615.9
日立製作所,2018-04-27,801.6
日立製作所,2018-05-31,796.6
日立製作所,2018-06-29,781.6
日立製作所,2018-07-31,778.6
日立製作所,2018-08-31,725.5
日立製作所,2018-09-28,3860.0
日立製作所,2018-10-31,3462.0
日立製作所,2018-11-30,3288.0
日立製作所,2018-12-28,2935.5
日立製作所,2019-01-31,3413.0
日立製作所,2019-02-28,3335.0
日立製作所,2019-03-29,3585.0
日立製作所,2019-04-26,3689.0
日立製作所,2019-05-31,3686.0
日立製作所,2019-06-28,3949.0
日立製作所,2019-07-31,3892.0
日立製作所,2019-08-30,3629.0
日立製作所,2019-09-30,4023.0
日立製作所,2019-10-31,4069.0
日立製作所,2019-11-29,4300.0
日立製作所,2019-12-30,4626.0
日立製作所,2020-01-31,4230.0
日立製作所,2020-02-28,3637.0
日立製作所,2020-03-31,3143.0
日立製作所,2020-04-30,3241.0
日立製作所,2020-05-29,3455.0
日立製作所,2020-06-30,3403.0
日立製作所,2020-07-31,3128.0
日立製作所,2020-08-31,3530.0
日立製作所,2020-09-30,3543.0
日立製作所,2020-10-30,3502.0
日立製作所,2020-11-30,3966.0
日立製作所,2020-12-30,4065.0
日立製作所,2021-01-29,4306.0
日立製作所,2021-02-26,4876.0
日立製作所,2021-03-31,5004.0
日立金属,2018-04-27,1256.0
日立金属,2018-05-31,1198.0
日立金属,2018-06-29,1150.0
日立金属,2018-07-31,1208.0
日立金属,2018-08-31,1284.0
日立金属,2018-09-28,1407.0
日立金属,2018-10-31,1332.0
日立金属,2018-11-30,1278.0
日立金属,2018-12-28,1150.0
日立金属,2019-01-31,1219.0
日立金属,2019-02-28,1134.0
日立金属,2019-03-29,1286.0
日立金属,2019-04-26,1281.0
日立金属,2019-05-31,1082.0
日立金属,2019-06-28,1217.0
日立金属,2019-07-31,1154.0
日立金属,2019-08-30,1144.0
日立金属,2019-09-30,1166.0
日立金属,2019-10-31,1368.0
日立金属,2019-11-29,1532.0
日立金属,2019-12-30,1613.0
日立金属,2020-01-31,1702.0
日立金属,2020-02-28,1543.0
日立金属,2020-03-31,1139.0
日立金属,2020-04-30,1056.0
日立金属,2020-05-29,1242.0
日立金属,2020-06-30,1283.0
日立金属,2020-07-31,1372.0
日立金属,2020-08-31,1591.0
日立金属,2020-09-30,1615.0
日立金属,2020-10-30,1381.0
日立金属,2020-11-30,1533.0
日立金属,2020-12-30,1566.0
日立金属,2021-01-29,1669.0
日立金属,2021-02-26,1689.0
日立金属,2021-03-31,1822.0
日鉄ソリューションズ,2018-04-27,3170.0
日鉄ソリューションズ,2018-05-31,2963.0
日鉄ソリューションズ,2018-06-29,2793.0
日鉄ソリューションズ,2018-07-31,2946.0
日鉄ソリューションズ,2018-08-31,3595.0
日鉄ソリューションズ,2018-09-28,3670.0
日鉄ソリューションズ,2018-10-31,3375.0
日鉄ソリューションズ,2018-11-30,3245.0
日鉄ソリューションズ,2018-12-28,2640.0
日鉄ソリューションズ,2019-01-31,2862.0
日鉄ソリューションズ,2019-02-28,2942.0
日鉄ソリューションズ,2019-03-29,2988.0
日鉄ソリューションズ,2019-04-26,2986.0
日鉄ソリューションズ,2019-05-31,3385.0
日鉄ソリューションズ,2019-06-28,3420.0
日鉄ソリューションズ,2019-07-31,3690.0
日鉄ソリューションズ,2019-08-30,3550.0
日鉄ソリューションズ,2019-09-30,3525.0
日鉄ソリューションズ,2019-10-31,3705.0
日鉄ソリューションズ,2019-11-29,3790.0
日鉄ソリューションズ,2019-12-30,3600.0
日鉄ソリューションズ,2020-01-31,3255.0
日鉄ソリューションズ,2020-02-28,2992.0
日鉄ソリューションズ,2020-03-31,2632.0
日鉄ソリューションズ,2020-04-30,2697.0
日鉄ソリューションズ,2020-05-29,2952.0
日鉄ソリューションズ,2020-06-30,2945.0
日鉄ソリューションズ,2020-07-31,2756.0
日鉄ソリューションズ,2020-08-31,3085.0
日鉄ソリューションズ,2020-09-30,3240.0
日鉄ソリューションズ,2020-10-30,3050.0
日鉄ソリューションズ,2020-11-30,3085.0
日鉄ソリューションズ,2020-12-30,3040.0
日鉄ソリューションズ,2021-01-29,3355.0
日鉄ソリューションズ,2021-02-26,3125.0
日鉄ソリューションズ,2021-03-31,3510.0
本田技研工業,2018-04-27,3767.0
本田技研工業,2018-05-31,3447.0
本田技研工業,2018-06-29,3253.0
本田技研工業,2018-07-31,3355.0
本田技研工業,2018-08-31,3292.0
本田技研工業,2018-09-28,3439.0
本田技研工業,2018-10-31,3241.0
本田技研工業,2018-11-30,3202.0
本田技研工業,2018-12-28,2894.5
本田技研工業,2019-01-31,3249.0
本田技研工業,2019-02-28,3153.0
本田技研工業,2019-03-29,2995.0
本田技研工業,2019-04-26,3101.0
本田技研工業,2019-05-31,2651.0
本田技研工業,2019-06-28,2785.0
本田技研工業,2019-07-31,2710.5
本田技研工業,2019-08-30,2523.5
本田技研工業,2019-09-30,2798.5
本田技研工業,2019-10-31,2942.0
本田技研工業,2019-11-29,3067.0
本田技研工業,2019-12-30,3099.0
本田技研工業,2020-01-31,2831.0
本田技研工業,2020-02-28,2799.5
本田技研工業,2020-03-31,2430.0
本田技研工業,2020-04-30,2610.5
本田技研工業,2020-05-29,2784.0
本田技研工業,2020-06-30,2755.5
本田技研工業,2020-07-31,2524.0
本田技研工業,2020-08-31,2729.0
本田技研工業,2020-09-30,2473.5
本田技研工業,2020-10-30,2435.0
本田技研工業,2020-11-30,2871.5
本田技研工業,2020-12-30,2877.5
本田技研工業,2021-01-29,2764.5
本田技研工業,2021-02-26,2911.5
本田技研工業,2021-03-31,3319.0
村田製作所,2018-04-27,13850.0
村田製作所,2018-05-31,16185.0
村田製作所,2018-06-29,18620.0
村田製作所,2018-07-31,19500.0
村田製作所,2018-08-31,19185.0
村田製作所,2018-09-28,17465.0
村田製作所,2018-10-31,17165.0
村田製作所,2018-11-30,17315.0
村田製作所,2018-12-28,14955.0
村田製作所,2019-01-31,15420.0
村田製作所,2019-02-28,17325.0
村田製作所,2019-03-29,5512.0
村田製作所,2019-04-26,5960.0
村田製作所,2019-05-31,4705.0
村田製作所,2019-06-28,4840.0
村田製作所,2019-07-31,4843.0
村田製作所,2019-08-30,4459.0
村田製作所,2019-09-30,5185.0
村田製作所,2019-10-31,5863.0
村田製作所,2019-11-29,6344.0
村田製作所,2019-12-30,6746.0
村田製作所,2020-01-31,6328.0
村田製作所,2020-02-28,5721.0
村田製作所,2020-03-31,5472.0
村田製作所,2020-04-30,6019.0
村田製作所,2020-05-29,6015.0
村田製作所,2020-06-30,6316.0
村田製作所,2020-07-31,6609.0
村田製作所,2020-08-31,6280.0
村田製作所,2020-09-30,6773.0
村田製作所,2020-10-30,7267.0
村田製作所,2020-11-30,9129.0
村田製作所,2020-12-30,9320.0
村田製作所,2021-01-29,10055.0
村田製作所,2021-02-26,9081.0
村田製作所,2021-03-31,8842.0
東レ,2018-04-27,1022.0
東レ,2018-05-31,890.9
東レ,2018-06-29,874.0
東レ,2018-07-31,865.9
東レ,2018-08-31,833.7
東レ,2018-09-28,853.5
東レ,2018-10-31,801.9
東レ,2018-11-30,890.3
東レ,2018-12-28,772.0
東レ,2019-01-31,806.9
東レ,2019-02-28,775.5
東レ,2019-03-29,706.9
東レ,2019-04-26,758.0
東レ,2019-05-31,746.9
東レ,2019-06-28,819.2
東レ,2019-07-31,752.9
東レ,2019-08-30,757.6
東レ,2019-09-30,802.1
東レ,2019-10-31,770.7
東レ,2019-11-29,724.0
東レ,2019-12-30,741.1
東レ,2020-01-31,725.2
東レ,2020-02-28,624.7
東レ,2020-03-31,469.0
東レ,2020-04-30,499.1
東レ,2020-05-29,523.9
東レ,2020-06-30,507.5
東レ,2020-07-31,454.1
東レ,2020-08-31,503.7
東レ,2020-09-30,479.3
東レ,2020-10-30,470.4
東レ,2020-11-30,566.1
東レ,2020-12-30,610.9
東レ,2021-01-29,681.2
東レ,2021-02-26,696.6
東レ,2021-03-31,712.5
東京エレクトロン,2018-04-27,21055.0
東京エレクトロン,2018-05-31,20400.0
東京エレクトロン,2018-06-29,19020.0
東京エレクトロン,2018-07-31,19155.0
東京エレクトロン,2018-08-31,18875.0
東京エレクトロン,2018-09-28,15610.0
東京エレクトロン,2018-10-31,15685.0
東京エレクトロン,2018-11-30,15875.0
東京エレクトロン,2018-12-28,12515.0
東京エレクトロン,2019-01-31,15635.0
東京エレクトロン,2019-02-28,15150.0
東京エレクトロン,2019-03-29,16000.0
東京エレクトロン,2019-04-26,17645.0
東京エレクトロン,2019-05-31,14790.0
東京エレクトロン,2019-06-28,15120.0
東京エレクトロン,2019-07-31,18695.0
東京エレクトロン,2019-08-30,19005.0
東京エレクトロン,2019-09-30,20565.0
東京エレクトロン,2019-10-31,22075.0
東京エレクトロン,2019-11-29,22600.0
東京エレクトロン,2019-12-30,23925.0
東京エレクトロン,2020-01-31,24500.0
東京エレクトロン,2020-02-28,22325.0
東京エレクトロン,2020-03-31,20355.0
東京エレクトロン,2020-04-30,22940.0
東京エレクトロン,2020-05-29,21500.0
東京エレクトロン,2020-06-30,26440.0
東京エレクトロン,2020-07-31,28800.0
東京エレクトロン,2020-08-31,27150.0
東京エレクトロン,2020-09-30,27330.0
東京エレクトロン,2020-10-30,27900.0
東京エレクトロン,2020-11-30,35470.0
東京エレクトロン,2020-12-30,38400.0
東京エレクトロン,2021-01-29,39810.0
東京エレクトロン,2021-02-26,43550.0
東京エレクトロン,2021-03-31,46790.0
東京製鉄,2018-04-27,915.0
東京製鉄,2018-05-31,885.0
東京製鉄,2018-06-29,984.0
東京製鉄,2018-07-31,957.0
東京製鉄,2018-08-31,889.0
東京製鉄,2018-09-28,832.0
東京製鉄,2018-10-31,889.0
東京製鉄,2018-11-30,978.0
東京製鉄,2018-12-28,890.0
東京製鉄,2019-01-31,917.0
東京製鉄,2019-02-28,923.0
東京製鉄,2019-03-29,962.0
東京製鉄,2019-04-26,950.0
東京製鉄,2019-05-31,831.0
東京製鉄,2019-06-28,814.0
東京製鉄,2019-07-31,832.0
東京製鉄,2019-08-30,824.0
東京製鉄,2019-09-30,828.0
東京製鉄,2019-10-31,875.0
東京製鉄,2019-11-29,836.0
東京製鉄,2019-12-30,790.0
東京製鉄,2020-01-31,826.0
東京製鉄,2020-02-28,688.0
東京製鉄,2020-03-31,676.0
東京製鉄,2020-04-30,691.0
東京製鉄,2020-05-29,698.0
東京製鉄,2020-06-30,620.0
東京製鉄,2020-07-31,593.0
東京製鉄,2020-08-31,711.0
東京製鉄,2020-09-30,715.0
東京製鉄,2020-10-30,662.0
東京製鉄,2020-11-30,656.0
東京製鉄,2020-12-30,668.0
東京製鉄,2021-01-29,737.0
東京製鉄,2021-02-26,702.0
東京製鉄,2021-03-31,847.0
東芝,2018-04-27,293.0
東芝,2018-05-31,306.0
東芝,2018-06-29,333.0
東芝,2018-07-31,343.0
東芝,2018-08-31,332.0
東芝,2018-09-28,3285.0
東芝,2018-10-31,3380.0
東芝,2018-11-30,3520.0
東芝,2018-12-28,3100.0
東芝,2019-01-31,3435.0
東芝,2019-02-28,3490.0
東芝,2019-03-29,3525.0
東芝,2019-04-26,3700.0
東芝,2019-05-31,3450.0
東芝,2019-06-28,3355.0
東芝,2019-07-31,3485.0
東芝,2019-08-30,3300.0
東芝,2019-09-30,3300.0
東芝,2019-10-31,3705.0
東芝,2019-11-29,3930.0
東芝,2019-12-30,3705.0
東芝,2020-01-31,3500.0
東芝,2020-02-28,2925.0
東芝,2020-03-31,2380.0
東芝,2020-04-30,2687.0
東芝,2020-05-29,2944.0
東芝,2020-06-30,3435.0
東芝,2020-07-31,3200.0
東芝,2020-08-31,3055.0
東芝,2020-09-30,2671.0
東芝,2020-10-30,2629.0
東芝,2020-11-30,2922.0
東芝,2020-12-30,2885.0
東芝,2021-01-29,3415.0
東芝,2021-02-26,3355.0
東芝,2021-03-31,3740.0
横河電機,2018-04-27,2414.0
横河電機,2018-05-31,1989.0
横河電機,2018-06-29,1972.0
横河電機,2018-07-31,1981.0
横河電機,2018-08-31,2279.0
横河電機,2018-09-28,2403.0
横河電機,2018-10-31,2221.0
横河電機,2018-11-30,2086.0
横河電機,2018-12-28,1901.0
横河電機,2019-01-31,2022.0
横河電機,2019-02-28,2144.0
横河電機,2019-03-29,2291.0
横河電機,2019-04-26,2318.0
横河電機,2019-05-31,2113.0
横河電機,2019-06-28,2112.0
横河電機,2019-07-31,1963.0
横河電機,2019-08-30,1930.0
横河電機,2019-09-30,1977.0
横河電機,2019-10-31,1997.0
横河電機,2019-11-29,2003.0
横河電機,2019-12-30,1929.0
横河電機,2020-01-31,1936.0
横河電機,2020-02-28,1737.0
横河電機,2020-03-31,1303.0
横河電機,2020-04-30,1480.0
横河電機,2020-05-29,1552.0
横河電機,2020-06-30,1680.0
横河電機,2020-07-31,1603.0
横河電機,2020-08-31,1733.0
横河電機,2020-09-30,1665.0
横河電機,2020-10-30,1526.0
横河電機,2020-11-30,1844.0
横河電機,2020-12-30,2054.0
横河電機,2021-01-29,2255.0
横河電機,2021-02-26,2016.0
横河電機,2021-03-31,2038.0
神戸製鋼所,2018-04-27,1132.0
神戸製鋼所,2018-05-31,1093.0
神戸製鋼所,2018-06-29,1014.0
神戸製鋼所,2018-07-31,1097.0
神戸製鋼所,2018-08-31,930.0
神戸製鋼所,2018-09-28,1010.0
神戸製鋼所,2018-10-31,908.0
神戸製鋼所,2018-11-30,934.0
神戸製鋼所,2018-12-28,764.0
神戸製鋼所,2019-01-31,870.0
神戸製鋼所,2019-02-28,881.0
神戸製鋼所,2019-03-29,831.0
神戸製鋼所,2019-04-26,849.0
神戸製鋼所,2019-05-31,673.0
神戸製鋼所,2019-06-28,705.0
神戸製鋼所,2019-07-31,704.0
神戸製鋼所,2019-08-30,554.0
神戸製鋼所,2019-09-30,576.0
神戸製鋼所,2019-10-31,588.0
神戸製鋼所,2019-11-29,559.0
神戸製鋼所,2019-12-30,589.0
神戸製鋼所,2020-01-31,507.0
神戸製鋼所,2020-02-28,401.0
神戸製鋼所,2020-03-31,334.0
神戸製鋼所,2020-04-30,365.0
神戸製鋼所,2020-05-29,401.0
神戸製鋼所,2020-06-30,370.0
神戸製鋼所,2020-07-31,338.0
神戸製鋼所,2020-08-31,407.0
神戸製鋼所,2020-09-30,399.0
神戸製鋼所,2020-10-30,405.0
神戸製鋼所,2020-11-30,505.0
神戸製鋼所,2020-12-30,551.0
神戸製鋼所,2021-01-29,487.0
神戸製鋼所,2021-02-26,656.0
神戸製鋼所,2021-03-31,748.0
積水化学工業,2018-04-27,1940.0
積水化学工業,2018-05-31,1788.0
積水化学工業,2018-06-29,1888.0
積水化学工業,2018-07-31,1998.0
積水化学工業,2018-08-31,1932.0
積水化学工業,2018-09-28,2096.0
積水化学工業,2018-10-31,1773.0
積水化学工業,2018-11-30,1842.0
積水化学工業,2018-12-28,1631.0
積水化学工業,2019-01-31,1692.0
積水化学工業,2019-02-28,1747.0
積水化学工業,2019-03-29,1779.0
積水化学工業,2019-04-26,1781.0
積水化学工業,2019-05-31,1597.0
積水化学工業,2019-06-28,1618.0
積水化学工業,2019-07-31,1621.0
積水化学工業,2019-08-30,1531.0
積水化学工業,2019-09-30,1673.0
積水化学工業,2019-10-31,1899.0
積水化学工業,2019-11-29,1905.0
積水化学工業,2019-12-30,1904.0
積水化学工業,2020-01-31,1843.0
積水化学工業,2020-02-28,1609.0
積水化学工業,2020-03-31,1433.0
積水化学工業,2020-04-30,1370.0
積水化学工業,2020-05-29,1505.0
積水化学工業,2020-06-30,1542.0
積水化学工業,2020-07-31,1432.0
積水化学工業,2020-08-31,1697.0
積水化学工業,2020-09-30,1677.0
積水化学工業,2020-10-30,1620.0
積水化学工業,2020-11-30,1803.0
積水化学工業,2020-12-30,1954.0
積水化学工業,2021-01-29,1884.0
積水化学工業,2021-02-26,1895.0
積水化学工業,2021-03-31,2125.0
第一三共,2018-04-27,3750.0
第一三共,2018-05-31,3495.0
第一三共,2018-06-29,4237.0
第一三共,2018-07-31,4622.0
第一三共,2018-08-31,4338.0
第一三共,2018-09-28,4925.0
第一三共,2018-10-31,4314.0
第一三共,2018-11-30,4167.0
第一三共,2018-12-28,3511.0
第一三共,2019-01-31,3767.0
第一三共,2019-02-28,4167.0
第一三共,2019-03-29,5100.0
第一三共,2019-04-26,5481.0
第一三共,2019-05-31,5255.0
第一三共,2019-06-28,5635.0
第一三共,2019-07-31,6647.0
第一三共,2019-08-30,7018.0
第一三共,2019-09-30,6804.0
第一三共,2019-10-31,7140.0
第一三共,2019-11-29,6862.0
第一三共,2019-12-30,7228.0
第一三共,2020-01-31,7441.0
第一三共,2020-02-28,6590.0
第一三共,2020-03-31,7434.0
第一三共,2020-04-30,7382.0
第一三共,2020-05-29,10085.0
第一三共,2020-06-30,8806.0
第一三共,2020-07-31,9258.0
第一三共,2020-08-31,9447.0
第一三共,2020-09-30,3229.0
第一三共,2020-10-30,2748.0
第一三共,2020-11-30,3694.0
第一三共,2020-12-30,3535.0
第一三共,2021-01-29,3365.0
第一三共,2021-02-26,3010.0
第一三共,2021-03-31,3225.0
豊田合成,2018-04-27,2774.0
豊田合成,2018-05-31,2869.0
豊田合成,2018-06-29,2809.0
豊田合成,2018-07-31,2820.0
豊田合成,2018-08-31,2772.0
豊田合成,2018-09-28,2805.0
豊田合成,2018-10-31,2435.0
豊田合成,2018-11-30,2185.0
豊田合成,2018-12-28,2175.0
豊田合成,2019-01-31,2371.0
豊田合成,2019-02-28,2522.0
豊田合成,2019-03-29,2344.0
豊田合成,2019-04-26,2310.0
豊田合成,2019-05-31,1899.0
豊田合成,2019-06-28,2101.0
豊田合成,2019-07-31,2010.0
豊田合成,2019-08-30,1977.0
豊田合成,2019-09-30,2163.0
豊田合成,2019-10-31,2556.0
豊田合成,2019-11-29,2557.0
豊田合成,2019-12-30,2745.0
豊田合成,2020-01-31,2521.0
豊田合成,2020-02-28,2306.0
豊田合成,2020-03-31,1854.0
豊田合成,2020-04-30,2014.0
豊田合成,2020-05-29,2303.0
豊田合成,2020-06-30,2242.0
豊田合成,2020-07-31,2044.0
豊田合成,2020-08-31,2315.0
豊田合成,2020-09-30,2405.0
豊田合成,2020-10-30,2638.0
豊田合成,2020-11-30,2832.0
豊田合成,2020-12-30,2995.0
豊田合成,2021-01-29,2757.0
豊田合成,2021-02-26,2761.0
豊田合成,2021-03-31,2908.0
野村不動産ホールディングス,2018-04-27,2718.0
野村不動産ホールディングス,2018-05-31,2553.0
野村不動産ホールディングス,2018-06-29,2458.0
野村不動産ホールディングス,2018-07-31,2435.0
野村不動産ホールディングス,2018-08-31,2409.0
野村不動産ホールディングス,2018-09-28,2294.0
野村不動産ホールディングス,2018-10-31,2119.0
野村不動産ホールディングス,2018-11-30,2242.0
野村不動産ホールディングス,2018-12-28,2015.0
野村不動産ホールディングス,2019-01-31,2113.0
野村不動産ホールディングス,2019-02-28,2109.0
野村不動産ホールディングス,2019-03-29,2125.0
野村不動産ホールディングス,2019-04-26,2355.0
野村不動産ホールディングス,2019-05-31,2234.0
野村不動産ホールディングス,2019-06-28,2316.0
野村不動産ホールディングス,2019-07-31,2217.0
野村不動産ホールディングス,2019-08-30,2252.0
野村不動産ホールディングス,2019-09-30,2334.0
野村不動産ホールディングス,2019-10-31,2574.0
野村不動産ホールディングス,2019-11-29,2645.0
野村不動産ホールディングス,2019-12-30,2620.0
野村不動産ホールディングス,2020-01-31,2705.0
野村不動産ホールディングス,2020-02-28,2328.0
野村不動産ホールディングス,2020-03-31,1755.0
野村不動産ホールディングス,2020-04-30,1772.0
野村不動産ホールディングス,2020-05-29,1994.0
野村不動産ホールディングス,2020-06-30,2000.0
野村不動産ホールディングス,2020-07-31,1752.0
野村不動産ホールディングス,2020-08-31,2029.0
野村不動産ホールディングス,2020-09-30,1994.0
野村不動産ホールディングス,2020-10-30,1821.0
野村不動産ホールディングス,2020-11-30,2260.0
野村不動産ホールディングス,2020-12-30,2283.0
野村不動産ホールディングス,2021-01-29,2334.0
野村不動産ホールディングス,2021-02-26,2399.0
野村不動産ホールディングス,2021-03-31,2665.0
野村総合研究所,2018-04-27,5650.0
野村総合研究所,2018-05-31,5480.0
野村総合研究所,2018-06-29,5370.0
野村総合研究所,2018-07-31,5360.0
野村総合研究所,2018-08-31,5530.0
野村総合研究所,2018-09-28,5740.0
野村総合研究所,2018-10-31,5000.0
野村総合研究所,2018-11-30,4985.0
野村総合研究所,2018-12-28,4075.0
野村総合研究所,2019-01-31,4440.0
野村総合研究所,2019-02-28,4530.0
野村総合研究所,2019-03-29,5030.0
野村総合研究所,2019-04-26,5430.0
野村総合研究所,2019-05-31,5310.0
野村総合研究所,2019-06-28,1727.0
野村総合研究所,2019-07-31,1939.0
野村総合研究所,2019-08-30,2113.0
野村総合研究所,2019-09-30,2151.0
野村総合研究所,2019-10-31,2311.0
野村総合研究所,2019-11-29,2309.0
野村総合研究所,2019-12-30,2338.0
野村総合研究所,2020-01-31,2420.0
野村総合研究所,2020-02-28,2355.0
野村総合研究所,2020-03-31,2288.0
野村総合研究所,2020-04-30,2634.0
野村総合研究所,2020-05-29,2848.0
野村総合研究所,2020-06-30,2927.0
野村総合研究所,2020-07-31,2776.0
野村総合研究所,2020-08-31,2819.0
野村総合研究所,2020-09-30,3095.0
野村総合研究所,2020-10-30,3095.0
野村総合研究所,2020-11-30,3525.0
野村総合研究所,2020-12-30,3695.0
野村総合研究所,2021-01-29,3535.0
野村総合研究所,2021-02-26,3310.0
野村総合研究所,2021-03-31,3425.0
関西ペイント,2018-04-27,2464.0
関西ペイント,2018-05-31,2336.0
関西ペイント,2018-06-29,2302.0
関西ペイント,2018-07-31,2566.0
関西ペイント,2018-08-31,2197.0
関西ペイント,2018-09-28,2094.0
関西ペイント,2018-10-31,1671.0
関西ペイント,2018-11-30,2127.0
関西ペイント,2018-12-28,2114.0
関西ペイント,2019-01-31,1910.0
関西ペイント,2019-02-28,2047.0
関西ペイント,2019-03-29,2111.0
関西ペイント,2019-04-26,2115.0
関西ペイント,2019-05-31,2057.0
関西ペイント,2019-06-28,2259.0
関西ペイント,2019-07-31,2156.0
関西ペイント,2019-08-30,2211.0
関西ペイント,2019-09-30,2511.0
関西ペイント,2019-10-31,2625.0
関西ペイント,2019-11-29,2758.0
関西ペイント,2019-12-30,2677.0
関西ペイント,2020-01-31,2646.0
関西ペイント,2020-02-28,2357.0
関西ペイント,2020-03-31,2058.0
関西ペイント,2020-04-30,2061.0
関西ペイント,2020-05-29,2232.0
関西ペイント,2020-06-30,2273.0
関西ペイント,2020-07-31,2030.0
関西ペイント,2020-08-31,2529.0
関西ペイント,2020-09-30,2608.0
関西ペイント,2020-10-30,2689.0
関西ペイント,2020-11-30,3165.0
関西ペイント,2020-12-30,3175.0
関西ペイント,2021-01-29,3085.0
関西ペイント,2021-02-26,2782.0
関西ペイント,2021-03-31,2955.0
ＪＦＥホールディングス,2018-04-27,2254.5
ＪＦＥホールディングス,2018-05-31,2252.0
ＪＦＥホールディングス,2018-06-29,2096.0
ＪＦＥホールディングス,2018-07-31,2265.5
ＪＦＥホールディングス,2018-08-31,2431.5
ＪＦＥホールディングス,2018-09-28,2607.0
ＪＦＥホールディングス,2018-10-31,2131.0
ＪＦＥホールディングス,2018-11-30,2001.5
ＪＦＥホールディングス,2018-12-28,1757.0
ＪＦＥホールディングス,2019-01-31,1914.5
ＪＦＥホールディングス,2019-02-28,1941.5
ＪＦＥホールディングス,2019-03-29,1878.5
ＪＦＥホールディングス,2019-04-26,1905.0
ＪＦＥホールディングス,2019-05-31,1508.0
ＪＦＥホールディングス,2019-06-28,1582.5
ＪＦＥホールディングス,2019-07-31,1447.5
ＪＦＥホールディングス,2019-08-30,1243.5
ＪＦＥホールディングス,2019-09-30,1300.0
ＪＦＥホールディングス,2019-10-31,1367.0
ＪＦＥホールディングス,2019-11-29,1395.0
ＪＦＥホールディングス,2019-12-30,1411.0
ＪＦＥホールディングス,2020-01-31,1315.0
ＪＦＥホールディングス,2020-02-28,1002.0
ＪＦＥホールディングス,2020-03-31,703.0
ＪＦＥホールディングス,2020-04-30,724.0
ＪＦＥホールディングス,2020-05-29,792.0
ＪＦＥホールディングス,2020-06-30,772.0
ＪＦＥホールディングス,2020-07-31,684.0
ＪＦＥホールディングス,2020-08-31,803.0
ＪＦＥホールディングス,2020-09-30,732.0
ＪＦＥホールディングス,2020-10-30,728.0
ＪＦＥホールディングス,2020-11-30,956.0
ＪＦＥホールディングス,2020-12-30,988.0
ＪＦＥホールディングス,2021-01-29,909.0
ＪＦＥホールディングス,2021-02-26,1118.0
ＪＦＥホールディングス,2021-03-31,1363.0
ＪＳＲ,2018-04-27,2065.0
ＪＳＲ,2018-05-31,2124.0
ＪＳＲ,2018-06-29,1886.0
ＪＳＲ,2018-07-31,2141.0
ＪＳＲ,2018-08-31,2157.0
ＪＳＲ,2018-09-28,2121.0
ＪＳＲ,2018-10-31,1686.0
ＪＳＲ,2018-11-30,1817.0
ＪＳＲ,2018-12-28,1655.0
ＪＳＲ,2019-01-31,1756.0
ＪＳＲ,2019-02-28,1846.0
ＪＳＲ,2019-03-29,1716.0
ＪＳＲ,2019-04-26,1688.0
ＪＳＲ,2019-05-31,1545.0
ＪＳＲ,2019-06-28,1701.0
ＪＳＲ,2019-07-31,1809.0
ＪＳＲ,2019-08-30,1738.0
ＪＳＲ,2019-09-30,1729.0
ＪＳＲ,2019-10-31,2049.0
ＪＳＲ,2019-11-29,1937.0
ＪＳＲ,2019-12-30,2012.0
ＪＳＲ,2020-01-31,1986.0
ＪＳＲ,2020-02-28,1900.0
ＪＳＲ,2020-03-31,1993.0
ＪＳＲ,2020-04-30,2040.0
ＪＳＲ,2020-05-29,2112.0
ＪＳＲ,2020-06-30,2080.0
ＪＳＲ,2020-07-31,2271.0
ＪＳＲ,2020-08-31,2260.0
ＪＳＲ,2020-09-30,2489.0
ＪＳＲ,2020-10-30,2346.0
ＪＳＲ,2020-11-30,2885.0
ＪＳＲ,2020-12-30,2874.0
ＪＳＲ,2021-01-29,3195.0
ＪＳＲ,2021-02-26,3175.0
ＪＳＲ,2021-03-31,3340.0
ＳＣＲＥＥＮホールディングス,2018-04-27,9010.0
ＳＣＲＥＥＮホールディングス,2018-05-31,9260.0
ＳＣＲＥＥＮホールディングス,2018-06-29,7800.0
ＳＣＲＥＥＮホールディングス,2018-07-31,8150.0
ＳＣＲＥＥＮホールディングス,2018-08-31,8410.0
ＳＣＲＥＥＮホールディングス,2018-09-28,6640.0
ＳＣＲＥＥＮホールディングス,2018-10-31,6150.0
ＳＣＲＥＥＮホールディングス,2018-11-30,5680.0
ＳＣＲＥＥＮホールディングス,2018-12-28,4605.0
ＳＣＲＥＥＮホールディングス,2019-01-31,4635.0
ＳＣＲＥＥＮホールディングス,2019-02-28,4440.0
ＳＣＲＥＥＮホールディングス,2019-03-29,4460.0
ＳＣＲＥＥＮホールディングス,2019-04-26,5340.0
ＳＣＲＥＥＮホールディングス,2019-05-31,3740.0
ＳＣＲＥＥＮホールディングス,2019-06-28,4495.0
ＳＣＲＥＥＮホールディングス,2019-07-31,5980.0
ＳＣＲＥＥＮホールディングス,2019-08-30,6100.0
ＳＣＲＥＥＮホールディングス,2019-09-30,6370.0
ＳＣＲＥＥＮホールディングス,2019-10-31,7590.0
ＳＣＲＥＥＮホールディングス,2019-11-29,7630.0
ＳＣＲＥＥＮホールディングス,2019-12-30,7490.0
ＳＣＲＥＥＮホールディングス,2020-01-31,5880.0
ＳＣＲＥＥＮホールディングス,2020-02-28,5470.0
ＳＣＲＥＥＮホールディングス,2020-03-31,4000.0
ＳＣＲＥＥＮホールディングス,2020-04-30,5260.0
ＳＣＲＥＥＮホールディングス,2020-05-29,4825.0
ＳＣＲＥＥＮホールディングス,2020-06-30,5030.0
ＳＣＲＥＥＮホールディングス,2020-07-31,5210.0
ＳＣＲＥＥＮホールディングス,2020-08-31,5170.0
ＳＣＲＥＥＮホールディングス,2020-09-30,5570.0
ＳＣＲＥＥＮホールディングス,2020-10-30,5690.0
ＳＣＲＥＥＮホールディングス,2020-11-30,6960.0
ＳＣＲＥＥＮホールディングス,2020-12-30,7600.0
ＳＣＲＥＥＮホールディングス,2021-01-29,8080.0
ＳＣＲＥＥＮホールディングス,2021-02-26,8300.0
ＳＣＲＥＥＮホールディングス,2021-03-31,9740.0
ＳＭＣ,2018-04-27,41720.0
ＳＭＣ,2018-05-31,41430.0
ＳＭＣ,2018-06-29,40630.0
ＳＭＣ,2018-07-31,37480.0
ＳＭＣ,2018-08-31,36970.0
ＳＭＣ,2018-09-28,36360.0
ＳＭＣ,2018-10-31,36150.0
ＳＭＣ,2018-11-30,38480.0
ＳＭＣ,2018-12-28,33240.0
ＳＭＣ,2019-01-31,35730.0
ＳＭＣ,2019-02-28,38750.0
ＳＭＣ,2019-03-29,41530.0
ＳＭＣ,2019-04-26,46060.0
ＳＭＣ,2019-05-31,35770.0
ＳＭＣ,2019-06-28,40170.0
ＳＭＣ,2019-07-31,39860.0
ＳＭＣ,2019-08-30,40140.0
ＳＭＣ,2019-09-30,46100.0
ＳＭＣ,2019-10-31,47190.0
ＳＭＣ,2019-11-29,49610.0
ＳＭＣ,2019-12-30,50290.0
ＳＭＣ,2020-01-31,48230.0
ＳＭＣ,2020-02-28,43070.0
ＳＭＣ,2020-03-31,45750.0
ＳＭＣ,2020-04-30,49000.0
ＳＭＣ,2020-05-29,54370.0
ＳＭＣ,2020-06-30,55180.0
ＳＭＣ,2020-07-31,55070.0
ＳＭＣ,2020-08-31,58250.0
ＳＭＣ,2020-09-30,58460.0
ＳＭＣ,2020-10-30,55300.0
ＳＭＣ,2020-11-30,66320.0
ＳＭＣ,2020-12-30,62950.0
ＳＭＣ,2021-01-29,63360.0
ＳＭＣ,2021-02-26,62900.0
ＳＭＣ,2021-03-31,64310.0
ＳＵＢＡＲＵ,2018-04-27,3679.0
ＳＵＢＡＲＵ,2018-05-31,3330.0
ＳＵＢＡＲＵ,2018-06-29,3225.0
ＳＵＢＡＲＵ,2018-07-31,3254.0
ＳＵＢＡＲＵ,2018-08-31,3301.0
ＳＵＢＡＲＵ,2018-09-28,3480.0
ＳＵＢＡＲＵ,2018-10-31,3053.0
ＳＵＢＡＲＵ,2018-11-30,2523.0
ＳＵＢＡＲＵ,2018-12-28,2360.0
ＳＵＢＡＲＵ,2019-01-31,2552.0
ＳＵＢＡＲＵ,2019-02-28,2826.5
ＳＵＢＡＲＵ,2019-03-29,2522.5
ＳＵＢＡＲＵ,2019-04-26,2720.5
ＳＵＢＡＲＵ,2019-05-31,2522.0
ＳＵＢＡＲＵ,2019-06-28,2619.0
ＳＵＢＡＲＵ,2019-07-31,2544.5
ＳＵＢＡＲＵ,2019-08-30,2846.0
ＳＵＢＡＲＵ,2019-09-30,3040.0
ＳＵＢＡＲＵ,2019-10-31,3123.0
ＳＵＢＡＲＵ,2019-11-29,2866.5
ＳＵＢＡＲＵ,2019-12-30,2713.5
ＳＵＢＡＲＵ,2020-01-31,2760.0
ＳＵＢＡＲＵ,2020-02-28,2619.5
ＳＵＢＡＲＵ,2020-03-31,2073.5
ＳＵＢＡＲＵ,2020-04-30,2175.0
ＳＵＢＡＲＵ,2020-05-29,2378.5
ＳＵＢＡＲＵ,2020-06-30,2241.5
ＳＵＢＡＲＵ,2020-07-31,1994.5
ＳＵＢＡＲＵ,2020-08-31,2202.5
ＳＵＢＡＲＵ,2020-09-30,2032.0
ＳＵＢＡＲＵ,2020-10-30,1905.5
ＳＵＢＡＲＵ,2020-11-30,2073.0
ＳＵＢＡＲＵ,2020-12-30,2062.5
ＳＵＢＡＲＵ,2021-01-29,2006.0
ＳＵＢＡＲＵ,2021-02-26,1988.5
ＳＵＢＡＲＵ,2021-03-31,2204.0
ＴＤＫ,2018-04-27,9450.0
ＴＤＫ,2018-05-31,9780.0
ＴＤＫ,2018-06-29,11320.0
ＴＤＫ,2018-07-31,11930.0
ＴＤＫ,2018-08-31,12490.0
ＴＤＫ,2018-09-28,12390.0
ＴＤＫ,2018-10-31,9750.0
ＴＤＫ,2018-11-30,8950.0
ＴＤＫ,2018-12-28,7720.0
ＴＤＫ,2019-01-31,8570.0
ＴＤＫ,2019-02-28,8700.0
ＴＤＫ,2019-03-29,8670.0
ＴＤＫ,2019-04-26,9690.0
ＴＤＫ,2019-05-31,7400.0
ＴＤＫ,2019-06-28,8340.0
ＴＤＫ,2019-07-31,8470.0
ＴＤＫ,2019-08-30,8460.0
ＴＤＫ,2019-09-30,9670.0
ＴＤＫ,2019-10-31,10830.0
ＴＤＫ,2019-11-29,11510.0
ＴＤＫ,2019-12-30,12390.0
ＴＤＫ,2020-01-31,11870.0
ＴＤＫ,2020-02-28,10450.0
ＴＤＫ,2020-03-31,8380.0
ＴＤＫ,2020-04-30,9380.0
ＴＤＫ,2020-05-29,10080.0
ＴＤＫ,2020-06-30,10680.0
ＴＤＫ,2020-07-31,11680.0
ＴＤＫ,2020-08-31,11010.0
ＴＤＫ,2020-09-30,11410.0
ＴＤＫ,2020-10-30,12210.0
ＴＤＫ,2020-11-30,14720.0
ＴＤＫ,2020-12-30,15540.0
ＴＤＫ,2021-01-29,16880.0
ＴＤＫ,2021-02-26,15240.0
ＴＤＫ,2021-03-31,15330.0
ＴＯＷＡ,2018-04-27,1353.0
ＴＯＷＡ,2018-05-31,1352.0
ＴＯＷＡ,2018-06-29,1117.0
ＴＯＷＡ,2018-07-31,1098.0
ＴＯＷＡ,2018-08-31,1089.0
ＴＯＷＡ,2018-09-28,1081.0
ＴＯＷＡ,2018-10-31,826.0
ＴＯＷＡ,2018-11-30,741.0
ＴＯＷＡ,2018-12-28,583.0
ＴＯＷＡ,2019-01-31,689.0
ＴＯＷＡ,2019-02-28,656.0
ＴＯＷＡ,2019-03-29,675.0
ＴＯＷＡ,2019-04-26,921.0
ＴＯＷＡ,2019-05-31,761.0
ＴＯＷＡ,2019-06-28,784.0
ＴＯＷＡ,2019-07-31,869.0
ＴＯＷＡ,2019-08-30,694.0
ＴＯＷＡ,2019-09-30,854.0
ＴＯＷＡ,2019-10-31,1076.0
ＴＯＷＡ,2019-11-29,1177.0
ＴＯＷＡ,2019-12-30,1182.0
ＴＯＷＡ,2020-01-31,1013.0
ＴＯＷＡ,2020-02-28,898.0
ＴＯＷＡ,2020-03-31,746.0
ＴＯＷＡ,2020-04-30,945.0
ＴＯＷＡ,2020-05-29,1119.0
ＴＯＷＡ,2020-06-30,1165.0
ＴＯＷＡ,2020-07-31,1219.0
ＴＯＷＡ,2020-08-31,1073.0
ＴＯＷＡ,2020-09-30,1154.0
ＴＯＷＡ,2020-10-30,1199.0
ＴＯＷＡ,2020-11-30,1814.0
ＴＯＷＡ,2020-12-30,2101.0
ＴＯＷＡ,2021-01-29,1926.0
ＴＯＷＡ,2021-02-26,1970.0
ＴＯＷＡ,2021-03-31,2137.0
