企業名,会計年度,四半期,y_hat_umlp
あらた,2018,Q1,113.819885
あらた,2018,Q2,35.870438
あらた,2018,Q3,111.68224
あらた,2018,Q4,82.33586
あらた,2019,Q1,101.69258
あらた,2019,Q2,96.70746
あらた,2019,Q3,98.6946
あらた,2019,Q4,88.987595
あらた,2020,Q1,104.469604
あらた,2020,Q2,69.35464
あらた,2020,Q3,100.66035
あらた,2020,Q4,68.77553
いすゞ自動車,2018,Q1,27.678352
いすゞ自動車,2018,Q2,23.803938
いすゞ自動車,2018,Q3,37.46358
いすゞ自動車,2018,Q4,21.714083
いすゞ自動車,2019,Q1,41.553497
いすゞ自動車,2019,Q2,25.741161
いすゞ自動車,2019,Q3,22.209394
いすゞ自動車,2019,Q4,41.13702
いすゞ自動車,2020,Q1,44.043896
いすゞ自動車,2020,Q2,23.645597
いすゞ自動車,2020,Q3,30.549887
いすゞ自動車,2020,Q4,30.46677
いなげや,2018,Q1,5.7596264
いなげや,2018,Q2,3.5248027
いなげや,2018,Q3,20.135675
いなげや,2018,Q4,3.8846643
いなげや,2019,Q1,-2.2638805
いなげや,2019,Q2,5.8821597
いなげや,2019,Q3,-0.015045989
いなげや,2019,Q4,-25.520811
いなげや,2020,Q1,-18.470493
いなげや,2020,Q2,0.13789248
いなげや,2020,Q3,1.5376308
いなげや,2020,Q4,4.9698515
かどや製油,2018,Q1,54.569115
かどや製油,2018,Q2,53.564877
かどや製油,2018,Q3,44.309914
かどや製油,2018,Q4,55.69775
かどや製油,2019,Q1,69.47355
かどや製油,2019,Q2,70.52048
かどや製油,2019,Q3,64.311386
かどや製油,2019,Q4,68.83101
かどや製油,2020,Q1,50.10583
かどや製油,2020,Q2,75.61615
かどや製油,2020,Q3,58.44309
かどや製油,2020,Q4,83.49901
きんでん,2018,Q1,10.224725
きんでん,2018,Q2,25.218546
きんでん,2018,Q3,32.217552
きんでん,2018,Q4,64.98493
きんでん,2019,Q1,9.123726
きんでん,2019,Q2,24.367622
きんでん,2019,Q3,29.937677
きんでん,2019,Q4,53.973434
きんでん,2020,Q1,9.56703
きんでん,2020,Q2,26.815691
きんでん,2020,Q3,16.020897
きんでん,2020,Q4,47.477837
さくらインターネット,2018,Q1,34.618065
さくらインターネット,2018,Q2,16.278727
さくらインターネット,2018,Q3,-0.20953894
さくらインターネット,2018,Q4,2.642148
さくらインターネット,2019,Q1,4.373561
さくらインターネット,2019,Q2,12.922678
さくらインターネット,2019,Q3,20.30433
さくらインターネット,2019,Q4,3.7704325
さくらインターネット,2020,Q1,0.13055098
さくらインターネット,2020,Q2,7.506463
さくらインターネット,2020,Q3,3.0615392
さくらインターネット,2020,Q4,4.600206
たけびし,2018,Q1,38.816895
たけびし,2018,Q2,39.342865
たけびし,2018,Q3,34.27122
たけびし,2018,Q4,38.784977
たけびし,2019,Q1,27.639553
たけびし,2019,Q2,25.063963
たけびし,2019,Q3,26.837877
たけびし,2019,Q4,25.05944
たけびし,2020,Q1,44.37463
たけびし,2020,Q2,44.905262
たけびし,2020,Q3,46.37505
たけびし,2020,Q4,44.417713
なとり,2018,Q1,20.848722
なとり,2018,Q2,14.949527
なとり,2018,Q3,65.35592
なとり,2018,Q4,-18.380314
なとり,2019,Q1,22.869726
なとり,2019,Q2,23.368536
なとり,2019,Q3,57.633877
なとり,2019,Q4,-21.736828
なとり,2020,Q1,21.67765
なとり,2020,Q2,15.19129
なとり,2020,Q3,70.89087
なとり,2020,Q4,-16.927294
はせがわ,2018,Q1,-1.9430964
はせがわ,2018,Q2,29.56897
はせがわ,2018,Q3,7.5526133
はせがわ,2018,Q4,15.79013
はせがわ,2019,Q1,0.031101987
はせがわ,2019,Q2,13.574672
はせがわ,2019,Q3,0.59347963
はせがわ,2019,Q4,4.877767
はせがわ,2020,Q1,2.7298205
はせがわ,2020,Q2,-20.94745
はせがわ,2020,Q3,-44.25612
はせがわ,2020,Q4,-32.931522
はるやまホールディングス,2018,Q1,-1.4990005
はるやまホールディングス,2018,Q2,-11.5228195
はるやまホールディングス,2018,Q3,18.132357
はるやまホールディングス,2018,Q4,66.11285
はるやまホールディングス,2019,Q1,-12.923294
はるやまホールディングス,2019,Q2,-21.231802
はるやまホールディングス,2019,Q3,14.598284
はるやまホールディングス,2019,Q4,34.970707
はるやまホールディングス,2020,Q1,-1.5037761
はるやまホールディングス,2020,Q2,-55.561752
はるやまホールディングス,2020,Q3,21.765785
はるやまホールディングス,2020,Q4,-5.953284
ぴあ,2018,Q1,10.804151
ぴあ,2018,Q2,28.611162
ぴあ,2018,Q3,-0.8103419
ぴあ,2018,Q4,16.230507
ぴあ,2019,Q1,13.57194
ぴあ,2019,Q2,33.58198
ぴあ,2019,Q3,18.607038
ぴあ,2019,Q4,19.91571
ぴあ,2020,Q1,0.20210595
ぴあ,2020,Q2,-72.45135
ぴあ,2020,Q3,-35.2129
ぴあ,2020,Q4,-26.19332
やまや,2018,Q1,30.293854
やまや,2018,Q2,38.70252
やまや,2018,Q3,103.35129
やまや,2018,Q4,35.539898
やまや,2019,Q1,41.767883
やまや,2019,Q2,33.811638
やまや,2019,Q3,105.68344
やまや,2019,Q4,34.46506
やまや,2020,Q1,110.7468
やまや,2020,Q2,102.1162
やまや,2020,Q3,0.99903417
やまや,2020,Q4,-7.061639
りらいあコミュニケーションズ,2018,Q1,17.24146
りらいあコミュニケーションズ,2018,Q2,13.374935
りらいあコミュニケーションズ,2018,Q3,18.27012
りらいあコミュニケーションズ,2018,Q4,18.15448
りらいあコミュニケーションズ,2019,Q1,11.380155
りらいあコミュニケーションズ,2019,Q2,67.44174
りらいあコミュニケーションズ,2019,Q3,61.33765
りらいあコミュニケーションズ,2019,Q4,72.871574
りらいあコミュニケーションズ,2020,Q1,18.302965
りらいあコミュニケーションズ,2020,Q2,15.714518
りらいあコミュニケーションズ,2020,Q3,18.19254
りらいあコミュニケーションズ,2020,Q4,-42.14017
わかもと製薬,2018,Q1,1.2319571
わかもと製薬,2018,Q2,-3.1150851
わかもと製薬,2018,Q3,1.7645677
わかもと製薬,2018,Q4,14.321998
わかもと製薬,2019,Q1,6.430051
わかもと製薬,2019,Q2,-2.1777904
わかもと製薬,2019,Q3,1.0021993
わかもと製薬,2019,Q4,-6.46981
わかもと製薬,2020,Q1,-19.237135
わかもと製薬,2020,Q2,-5.1981745
わかもと製薬,2020,Q3,-2.2232265
わかもと製薬,2020,Q4,-1.5762851
アイカ工業,2018,Q1,41.120964
アイカ工業,2018,Q2,36.21713
アイカ工業,2018,Q3,36.659966
アイカ工業,2018,Q4,35.813126
アイカ工業,2019,Q1,36.785374
アイカ工業,2019,Q2,38.841995
アイカ工業,2019,Q3,35.136047
アイカ工業,2019,Q4,40.082966
アイカ工業,2020,Q1,41.755444
アイカ工業,2020,Q2,28.753172
アイカ工業,2020,Q3,44.091885
アイカ工業,2020,Q4,46.25277
アイコム,2018,Q1,4.4516835
アイコム,2018,Q2,5.951785
アイコム,2018,Q3,20.150797
アイコム,2018,Q4,42.028572
アイコム,2019,Q1,17.980883
アイコム,2019,Q2,27.525003
アイコム,2019,Q3,34.32323
アイコム,2019,Q4,65.16377
アイコム,2020,Q1,17.332783
アイコム,2020,Q2,-5.786145
アイコム,2020,Q3,7.8974733
アイコム,2020,Q4,72.15534
アイシン,2018,Q1,93.29697
アイシン,2018,Q2,96.476494
アイシン,2018,Q3,77.529
アイシン,2018,Q4,123.4157
アイシン,2019,Q1,90.21539
アイシン,2019,Q2,135.19687
アイシン,2019,Q3,75.41768
アイシン,2019,Q4,72.1825
アイシン,2020,Q1,74.21917
アイシン,2020,Q2,-185.40015
アイシン,2020,Q3,359.26813
アイシン,2020,Q4,89.48275
アイダエンジニアリング,2018,Q1,12.4510765
アイダエンジニアリング,2018,Q2,22.736666
アイダエンジニアリング,2018,Q3,19.910759
アイダエンジニアリング,2018,Q4,19.017807
アイダエンジニアリング,2019,Q1,14.689705
アイダエンジニアリング,2019,Q2,21.95617
アイダエンジニアリング,2019,Q3,17.777527
アイダエンジニアリング,2019,Q4,26.260523
アイダエンジニアリング,2020,Q1,12.740043
アイダエンジニアリング,2020,Q2,13.759533
アイダエンジニアリング,2020,Q3,17.314024
アイダエンジニアリング,2020,Q4,16.86348
アイチコーポレーション,2018,Q1,8.500027
アイチコーポレーション,2018,Q2,10.895219
アイチコーポレーション,2018,Q3,15.225414
アイチコーポレーション,2018,Q4,11.242488
アイチコーポレーション,2019,Q1,4.724135
アイチコーポレーション,2019,Q2,20.33418
アイチコーポレーション,2019,Q3,21.300959
アイチコーポレーション,2019,Q4,28.57906
アイチコーポレーション,2020,Q1,19.071854
アイチコーポレーション,2020,Q2,17.522865
アイチコーポレーション,2020,Q3,7.4862595
アイチコーポレーション,2020,Q4,23.459677
アイティフォー,2018,Q1,1.4167702
アイティフォー,2018,Q2,3.1778817
アイティフォー,2018,Q3,2.8948882
アイティフォー,2018,Q4,13.362452
アイティフォー,2019,Q1,2.6462865
アイティフォー,2019,Q2,8.874074
アイティフォー,2019,Q3,4.887714
アイティフォー,2019,Q4,16.928623
アイティフォー,2020,Q1,2.8386357
アイティフォー,2020,Q2,7.0345616
アイティフォー,2020,Q3,3.1219673
アイティフォー,2020,Q4,23.444654
アイティメディア,2018,Q1,-2.5339923
アイティメディア,2018,Q2,5.0882287
アイティメディア,2018,Q3,10.169593
アイティメディア,2018,Q4,6.1247244
アイティメディア,2019,Q1,13.160208
アイティメディア,2019,Q2,9.884794
アイティメディア,2019,Q3,10.4624
アイティメディア,2019,Q4,8.911917
アイティメディア,2020,Q1,6.4109254
アイティメディア,2020,Q2,19.322258
アイティメディア,2020,Q3,12.552036
アイティメディア,2020,Q4,20.94532
アイネス,2018,Q1,-2.9029555
アイネス,2018,Q2,11.159334
アイネス,2018,Q3,-1.971206
アイネス,2018,Q4,35.82173
アイネス,2019,Q1,1.5121474
アイネス,2019,Q2,35.38806
アイネス,2019,Q3,26.60172
アイネス,2019,Q4,-9.171519
アイネス,2020,Q1,37.614315
アイネス,2020,Q2,43.13001
アイネス,2020,Q3,27.814249
アイネス,2020,Q4,29.439234
アイネット,2018,Q1,11.8051195
アイネット,2018,Q2,24.738398
アイネット,2018,Q3,20.898514
アイネット,2018,Q4,26.084787
アイネット,2019,Q1,13.565104
アイネット,2019,Q2,26.226864
アイネット,2019,Q3,22.657255
アイネット,2019,Q4,26.003416
アイネット,2020,Q1,27.502518
アイネット,2020,Q2,22.746202
アイネット,2020,Q3,23.252274
アイネット,2020,Q4,24.012625
アイホン,2018,Q1,16.654093
アイホン,2018,Q2,43.826004
アイホン,2018,Q3,17.285095
アイホン,2018,Q4,71.126976
アイホン,2019,Q1,5.0243883
アイホン,2019,Q2,60.966976
アイホン,2019,Q3,20.245792
アイホン,2019,Q4,53.500122
アイホン,2020,Q1,40.16041
アイホン,2020,Q2,16.295187
アイホン,2020,Q3,5.1366916
アイホン,2020,Q4,32.53927
アイロムグループ,2018,Q1,47.91117
アイロムグループ,2018,Q2,74.03879
アイロムグループ,2018,Q3,75.36287
アイロムグループ,2018,Q4,-39.365383
アイロムグループ,2019,Q1,-3.5948887
アイロムグループ,2019,Q2,-0.2943697
アイロムグループ,2019,Q3,48.49266
アイロムグループ,2019,Q4,7.3298163
アイロムグループ,2020,Q1,13.444006
アイロムグループ,2020,Q2,36.79254
アイロムグループ,2020,Q3,63.144947
アイロムグループ,2020,Q4,261.42227
アキレス,2018,Q1,15.969791
アキレス,2018,Q2,18.275766
アキレス,2018,Q3,18.064018
アキレス,2018,Q4,-1.098286
アキレス,2019,Q1,10.238693
アキレス,2019,Q2,-14.378334
アキレス,2019,Q3,11.124973
アキレス,2019,Q4,5.4767613
アキレス,2020,Q1,57.519352
アキレス,2020,Q2,15.630621
アキレス,2020,Q3,52.79706
アキレス,2020,Q4,16.058245
アクシアル　リテイリング,2018,Q1,34.555645
アクシアル　リテイリング,2018,Q2,46.537434
アクシアル　リテイリング,2018,Q3,56.752914
アクシアル　リテイリング,2018,Q4,32.887123
アクシアル　リテイリング,2019,Q1,46.322575
アクシアル　リテイリング,2019,Q2,63.89646
アクシアル　リテイリング,2019,Q3,50.690105
アクシアル　リテイリング,2019,Q4,42.73973
アクシアル　リテイリング,2020,Q1,51.426895
アクシアル　リテイリング,2020,Q2,47.295227
アクシアル　リテイリング,2020,Q3,40.877724
アクシアル　リテイリング,2020,Q4,46.908783
アクセル,2018,Q1,24.549109
アクセル,2018,Q2,16.301569
アクセル,2018,Q3,2.6750886
アクセル,2018,Q4,8.873682
アクセル,2019,Q1,-2.8141294
アクセル,2019,Q2,1.6643507
アクセル,2019,Q3,-11.415403
アクセル,2019,Q4,-41.049725
アクセル,2020,Q1,13.953577
アクセル,2020,Q2,-1.6830416
アクセル,2020,Q3,50.270897
アクセル,2020,Q4,15.191168
アジアパイルホールディングス,2018,Q1,14.161691
アジアパイルホールディングス,2018,Q2,15.306353
アジアパイルホールディングス,2018,Q3,13.724088
アジアパイルホールディングス,2018,Q4,16.785698
アジアパイルホールディングス,2019,Q1,14.23354
アジアパイルホールディングス,2019,Q2,32.388878
アジアパイルホールディングス,2019,Q3,19.130297
アジアパイルホールディングス,2019,Q4,14.454992
アジアパイルホールディングス,2020,Q1,29.3536
アジアパイルホールディングス,2020,Q2,19.656708
アジアパイルホールディングス,2020,Q3,28.753721
アジアパイルホールディングス,2020,Q4,28.248203
アステラス製薬,2018,Q1,40.012512
アステラス製薬,2018,Q2,26.320665
アステラス製薬,2018,Q3,43.437683
アステラス製薬,2018,Q4,14.644504
アステラス製薬,2019,Q1,27.92776
アステラス製薬,2019,Q2,31.979635
アステラス製薬,2019,Q3,59.421497
アステラス製薬,2019,Q4,11.260034
アステラス製薬,2020,Q1,34.647774
アステラス製薬,2020,Q2,51.888973
アステラス製薬,2020,Q3,63.61067
アステラス製薬,2020,Q4,28.048502
アズビル,2018,Q1,29.924227
アズビル,2018,Q2,51.33213
アズビル,2018,Q3,54.62262
アズビル,2018,Q4,94.3826
アズビル,2019,Q1,43.538162
アズビル,2019,Q2,55.48446
アズビル,2019,Q3,51.036716
アズビル,2019,Q4,98.05465
アズビル,2020,Q1,20.406456
アズビル,2020,Q2,41.38139
アズビル,2020,Q3,35.71256
アズビル,2020,Q4,61.875435
アズワン,2018,Q1,51.75189
アズワン,2018,Q2,42.26018
アズワン,2018,Q3,54.627174
アズワン,2018,Q4,51.848812
アズワン,2019,Q1,53.123814
アズワン,2019,Q2,56.170826
アズワン,2019,Q3,55.138844
アズワン,2019,Q4,38.465084
アズワン,2020,Q1,49.940918
アズワン,2020,Q2,64.9053
アズワン,2020,Q3,64.74361
アズワン,2020,Q4,50.5461
アツギ,2018,Q1,-0.41810054
アツギ,2018,Q2,25.379534
アツギ,2018,Q3,21.582594
アツギ,2018,Q4,1.380626
アツギ,2019,Q1,-162.29472
アツギ,2019,Q2,-76.3454
アツギ,2019,Q3,-94.07864
アツギ,2019,Q4,-156.75066
アツギ,2020,Q1,-37.888145
アツギ,2020,Q2,-208.85388
アツギ,2020,Q3,-97.50349
アツギ,2020,Q4,-85.74773
アドウェイズ,2018,Q1,54.282684
アドウェイズ,2018,Q2,23.139929
アドウェイズ,2018,Q3,53.16711
アドウェイズ,2018,Q4,27.64076
アドウェイズ,2019,Q1,116.45539
アドウェイズ,2019,Q2,228.8886
アドウェイズ,2019,Q3,219.41412
アドウェイズ,2019,Q4,169.65074
アドウェイズ,2020,Q1,18.76706
アドウェイズ,2020,Q2,-14.856987
アドウェイズ,2020,Q3,85.32513
アドウェイズ,2020,Q4,73.968864
アドソル日進,2018,Q1,15.640407
アドソル日進,2018,Q2,16.288599
アドソル日進,2018,Q3,17.267776
アドソル日進,2018,Q4,14.058269
アドソル日進,2019,Q1,18.591082
アドソル日進,2019,Q2,20.062279
アドソル日進,2019,Q3,20.084385
アドソル日進,2019,Q4,15.943005
アドソル日進,2020,Q1,20.3562
アドソル日進,2020,Q2,21.437183
アドソル日進,2020,Q3,22.853022
アドソル日進,2020,Q4,14.668964
アドバネクス,2018,Q1,-12.9248085
アドバネクス,2018,Q2,1.8974472
アドバネクス,2018,Q3,10.567673
アドバネクス,2018,Q4,0.2181053
アドバネクス,2019,Q1,5.5800595
アドバネクス,2019,Q2,-2.9476633
アドバネクス,2019,Q3,-9.776622
アドバネクス,2019,Q4,-1.7356708
アドバネクス,2020,Q1,-10.571884
アドバネクス,2020,Q2,-24.341858
アドバネクス,2020,Q3,-30.033316
アドバネクス,2020,Q4,85.7018
アドバンテスト,2018,Q1,5.483136
アドバンテスト,2018,Q2,26.814041
アドバンテスト,2018,Q3,10.244047
アドバンテスト,2018,Q4,74.50401
アドバンテスト,2019,Q1,51.52952
アドバンテスト,2019,Q2,54.615753
アドバンテスト,2019,Q3,98.18994
アドバンテスト,2019,Q4,46.974842
アドバンテスト,2020,Q1,75.924194
アドバンテスト,2020,Q2,66.02803
アドバンテスト,2020,Q3,59.66295
アドバンテスト,2020,Q4,74.89152
アドヴァングループ,2018,Q1,18.30489
アドヴァングループ,2018,Q2,35.46738
アドヴァングループ,2018,Q3,21.955385
アドヴァングループ,2018,Q4,15.419363
アドヴァングループ,2019,Q1,23.175121
アドヴァングループ,2019,Q2,25.997282
アドヴァングループ,2019,Q3,30.46823
アドヴァングループ,2019,Q4,30.089836
アドヴァングループ,2020,Q1,22.784533
アドヴァングループ,2020,Q2,14.160259
アドヴァングループ,2020,Q3,35.0847
アドヴァングループ,2020,Q4,34.626297
アネスト岩田,2018,Q1,13.585875
アネスト岩田,2018,Q2,18.137825
アネスト岩田,2018,Q3,12.374236
アネスト岩田,2018,Q4,17.010077
アネスト岩田,2019,Q1,19.926653
アネスト岩田,2019,Q2,16.851736
アネスト岩田,2019,Q3,14.221755
アネスト岩田,2019,Q4,23.774342
アネスト岩田,2020,Q1,14.696724
アネスト岩田,2020,Q2,24.538609
アネスト岩田,2020,Q3,24.496124
アネスト岩田,2020,Q4,25.896692
アマダ,2018,Q1,9.402526
アマダ,2018,Q2,26.849518
アマダ,2018,Q3,19.834114
アマダ,2018,Q4,24.173847
アマダ,2019,Q1,19.63769
アマダ,2019,Q2,15.77709
アマダ,2019,Q3,13.845628
アマダ,2019,Q4,25.731127
アマダ,2020,Q1,9.831929
アマダ,2020,Q2,24.932848
アマダ,2020,Q3,20.623053
アマダ,2020,Q4,22.00291
アマノ,2018,Q1,8.3595085
アマノ,2018,Q2,15.80031
アマノ,2018,Q3,30.732252
アマノ,2018,Q4,20.465118
アマノ,2019,Q1,10.878928
アマノ,2019,Q2,37.136528
アマノ,2019,Q3,20.802837
アマノ,2019,Q4,40.83092
アマノ,2020,Q1,13.013414
アマノ,2020,Q2,32.469414
アマノ,2020,Q3,24.649754
アマノ,2020,Q4,34.00011
アミューズ,2018,Q1,64.611595
アミューズ,2018,Q2,38.86994
アミューズ,2018,Q3,67.95935
アミューズ,2018,Q4,78.335915
アミューズ,2019,Q1,63.55144
アミューズ,2019,Q2,52.973793
アミューズ,2019,Q3,72.33357
アミューズ,2019,Q4,59.859547
アミューズ,2020,Q1,82.67395
アミューズ,2020,Q2,66.12547
アミューズ,2020,Q3,72.16158
アミューズ,2020,Q4,61.2813
アリアケジャパン,2018,Q1,51.573936
アリアケジャパン,2018,Q2,56.81117
アリアケジャパン,2018,Q3,60.295254
アリアケジャパン,2018,Q4,39.518925
アリアケジャパン,2019,Q1,16.09257
アリアケジャパン,2019,Q2,50.768795
アリアケジャパン,2019,Q3,65.22636
アリアケジャパン,2019,Q4,59.78055
アリアケジャパン,2020,Q1,47.662296
アリアケジャパン,2020,Q2,61.722626
アリアケジャパン,2020,Q3,66.11483
アリアケジャパン,2020,Q4,53.369896
アルインコ,2018,Q1,36.656075
アルインコ,2018,Q2,33.364643
アルインコ,2018,Q3,38.93762
アルインコ,2018,Q4,8.042616
アルインコ,2019,Q1,22.609488
アルインコ,2019,Q2,33.10166
アルインコ,2019,Q3,40.840584
アルインコ,2019,Q4,4.2996593
アルインコ,2020,Q1,29.048183
アルインコ,2020,Q2,29.954285
アルインコ,2020,Q3,28.577034
アルインコ,2020,Q4,24.938229
アルコニックス,2018,Q1,143.25015
アルコニックス,2018,Q2,82.2813
アルコニックス,2018,Q3,118.14494
アルコニックス,2018,Q4,64.321785
アルコニックス,2019,Q1,89.001945
アルコニックス,2019,Q2,82.43338
アルコニックス,2019,Q3,97.97021
アルコニックス,2019,Q4,43.552727
アルコニックス,2020,Q1,65.03261
アルコニックス,2020,Q2,39.42353
アルコニックス,2020,Q3,65.81202
アルコニックス,2020,Q4,56.184452
アルゴグラフィックス,2018,Q1,56.16054
アルゴグラフィックス,2018,Q2,47.274097
アルゴグラフィックス,2018,Q3,45.851994
アルゴグラフィックス,2018,Q4,56.73589
アルゴグラフィックス,2019,Q1,63.70642
アルゴグラフィックス,2019,Q2,48.567078
アルゴグラフィックス,2019,Q3,49.11624
アルゴグラフィックス,2019,Q4,51.11914
アルゴグラフィックス,2020,Q1,49.96808
アルゴグラフィックス,2020,Q2,59.75352
アルゴグラフィックス,2020,Q3,56.56288
アルゴグラフィックス,2020,Q4,55.76833
アルビス,2018,Q1,75.971085
アルビス,2018,Q2,76.5297
アルビス,2018,Q3,68.387
アルビス,2018,Q4,66.74973
アルビス,2019,Q1,60.2219
アルビス,2019,Q2,54.83359
アルビス,2019,Q3,15.904415
アルビス,2019,Q4,66.10224
アルビス,2020,Q1,62.00921
アルビス,2020,Q2,39.57823
アルビス,2020,Q3,54.445484
アルビス,2020,Q4,71.285095
アルファ,2018,Q1,37.475662
アルファ,2018,Q2,32.978996
アルファ,2018,Q3,-5.82849
アルファ,2018,Q4,6.586819
アルファ,2019,Q1,44.688953
アルファ,2019,Q2,29.904947
アルファ,2019,Q3,36.47071
アルファ,2019,Q4,47.14322
アルファ,2020,Q1,-27.64435
アルファ,2020,Q2,-64.29886
アルファ,2020,Q3,43.378258
アルファ,2020,Q4,90.91761
アルファシステムズ,2018,Q1,22.193716
アルファシステムズ,2018,Q2,26.460796
アルファシステムズ,2018,Q3,22.41107
アルファシステムズ,2018,Q4,33.066437
アルファシステムズ,2019,Q1,29.33218
アルファシステムズ,2019,Q2,18.396841
アルファシステムズ,2019,Q3,25.766567
アルファシステムズ,2019,Q4,35.710407
アルファシステムズ,2020,Q1,25.912718
アルファシステムズ,2020,Q2,46.46016
アルファシステムズ,2020,Q3,26.006882
アルファシステムズ,2020,Q4,52.35662
アルフレッサ　ホールディングス,2018,Q1,82.16835
アルフレッサ　ホールディングス,2018,Q2,49.126244
アルフレッサ　ホールディングス,2018,Q3,54.922173
アルフレッサ　ホールディングス,2018,Q4,55.805832
アルフレッサ　ホールディングス,2019,Q1,109.57506
アルフレッサ　ホールディングス,2019,Q2,1.98025
アルフレッサ　ホールディングス,2019,Q3,55.228397
アルフレッサ　ホールディングス,2019,Q4,41.807148
アルフレッサ　ホールディングス,2020,Q1,50.399624
アルフレッサ　ホールディングス,2020,Q2,50.551582
アルフレッサ　ホールディングス,2020,Q3,42.158882
アルフレッサ　ホールディングス,2020,Q4,49.311485
アルプスアルパイン,2018,Q1,9.54795
アルプスアルパイン,2018,Q2,49.254223
アルプスアルパイン,2018,Q3,116.59508
アルプスアルパイン,2018,Q4,22.728558
アルプスアルパイン,2019,Q1,9.226892
アルプスアルパイン,2019,Q2,29.455969
アルプスアルパイン,2019,Q3,13.779003
アルプスアルパイン,2019,Q4,8.441948
アルプスアルパイン,2020,Q1,4.759282
アルプスアルパイン,2020,Q2,1.233863
アルプスアルパイン,2020,Q3,10.809967
アルプスアルパイン,2020,Q4,20.923306
アルプス物流,2018,Q1,23.538809
アルプス物流,2018,Q2,23.039757
アルプス物流,2018,Q3,22.880886
アルプス物流,2018,Q4,23.861473
アルプス物流,2019,Q1,24.23681
アルプス物流,2019,Q2,24.266687
アルプス物流,2019,Q3,22.761877
アルプス物流,2019,Q4,22.244255
アルプス物流,2020,Q1,37.73528
アルプス物流,2020,Q2,37.052616
アルプス物流,2020,Q3,35.30548
アルプス物流,2020,Q4,35.29072
アンリツ,2018,Q1,2.2431538
アンリツ,2018,Q2,12.477938
アンリツ,2018,Q3,7.3084846
アンリツ,2018,Q4,20.9957
アンリツ,2019,Q1,22.82226
アンリツ,2019,Q2,21.621508
アンリツ,2019,Q3,13.740034
アンリツ,2019,Q4,19.925293
アンリツ,2020,Q1,4.7961445
アンリツ,2020,Q2,28.668972
アンリツ,2020,Q3,23.71106
アンリツ,2020,Q4,15.449614
アートネイチャー,2018,Q1,18.333342
アートネイチャー,2018,Q2,34.72744
アートネイチャー,2018,Q3,14.935239
アートネイチャー,2018,Q4,23.776
アートネイチャー,2019,Q1,26.463665
アートネイチャー,2019,Q2,26.743715
アートネイチャー,2019,Q3,9.833345
アートネイチャー,2019,Q4,22.88994
アートネイチャー,2020,Q1,22.490742
アートネイチャー,2020,Q2,17.457567
アートネイチャー,2020,Q3,-11.426944
アートネイチャー,2020,Q4,27.221718
アーレスティ,2018,Q1,27.075174
アーレスティ,2018,Q2,31.801252
アーレスティ,2018,Q3,24.844166
アーレスティ,2018,Q4,93.832146
アーレスティ,2019,Q1,75.9667
アーレスティ,2019,Q2,102.13932
アーレスティ,2019,Q3,52.239616
アーレスティ,2019,Q4,54.089855
アーレスティ,2020,Q1,104.484604
アーレスティ,2020,Q2,81.14211
アーレスティ,2020,Q3,-2.2561245
アーレスティ,2020,Q4,34.646214
イエローハット,2018,Q1,59.143944
イエローハット,2018,Q2,56.079655
イエローハット,2018,Q3,101.709946
イエローハット,2018,Q4,46.617413
イエローハット,2019,Q1,58.960995
イエローハット,2019,Q2,51.397114
イエローハット,2019,Q3,134.92757
イエローハット,2019,Q4,66.95122
イエローハット,2020,Q1,71.64131
イエローハット,2020,Q2,69.70449
イエローハット,2020,Q3,69.91392
イエローハット,2020,Q4,73.16208
イソライト工業,2018,Q1,18.186613
イソライト工業,2018,Q2,3.007678
イソライト工業,2018,Q3,21.801298
イソライト工業,2018,Q4,28.465782
イソライト工業,2019,Q1,-0.047079317
イソライト工業,2019,Q2,13.351357
イソライト工業,2019,Q3,12.471538
イソライト工業,2019,Q4,5.41506
イソライト工業,2020,Q1,13.270809
イソライト工業,2020,Q2,14.251125
イソライト工業,2020,Q3,18.294107
イソライト工業,2020,Q4,23.279694
イチカワ,2018,Q1,2.3472097
イチカワ,2018,Q2,4.635576
イチカワ,2018,Q3,-2.8126817
イチカワ,2018,Q4,12.175541
イチカワ,2019,Q1,0.6605675
イチカワ,2019,Q2,4.321419
イチカワ,2019,Q3,9.408215
イチカワ,2019,Q4,-5.9784613
イチカワ,2020,Q1,4.325132
イチカワ,2020,Q2,3.8537567
イチカワ,2020,Q3,12.245616
イチカワ,2020,Q4,0.5883958
イチケン,2018,Q1,-5.3307233
イチケン,2018,Q2,40.575645
イチケン,2018,Q3,34.027256
イチケン,2018,Q4,35.955685
イチケン,2019,Q1,30.311666
イチケン,2019,Q2,86.47751
イチケン,2019,Q3,103.71609
イチケン,2019,Q4,85.653824
イチケン,2020,Q1,49.464985
イチケン,2020,Q2,90.20343
イチケン,2020,Q3,29.395296
イチケン,2020,Q4,55.416275
イチネンホールディングス,2018,Q1,35.109818
イチネンホールディングス,2018,Q2,52.252975
イチネンホールディングス,2018,Q3,28.17391
イチネンホールディングス,2018,Q4,-3.4710433
イチネンホールディングス,2019,Q1,20.989132
イチネンホールディングス,2019,Q2,46.892574
イチネンホールディングス,2019,Q3,26.304752
イチネンホールディングス,2019,Q4,36.343517
イチネンホールディングス,2020,Q1,34.687283
イチネンホールディングス,2020,Q2,43.72255
イチネンホールディングス,2020,Q3,36.57676
イチネンホールディングス,2020,Q4,32.41384
イノテック,2018,Q1,19.219978
イノテック,2018,Q2,7.5661855
イノテック,2018,Q3,4.479195
イノテック,2018,Q4,22.110552
イノテック,2019,Q1,1.9708043
イノテック,2019,Q2,-4.21411
イノテック,2019,Q3,17.400509
イノテック,2019,Q4,2.3439639
イノテック,2020,Q1,7.313509
イノテック,2020,Q2,4.4282045
イノテック,2020,Q3,8.489564
イノテック,2020,Q4,27.597794
イビデン,2018,Q1,36.92357
イビデン,2018,Q2,32.325855
イビデン,2018,Q3,24.16873
イビデン,2018,Q4,-10.216244
イビデン,2019,Q1,-175.86403
イビデン,2019,Q2,7.0504427
イビデン,2019,Q3,60.17603
イビデン,2019,Q4,29.011282
イビデン,2020,Q1,-46.06753
イビデン,2020,Q2,-22.540016
イビデン,2020,Q3,4.371632
イビデン,2020,Q4,9.550855
イフジ産業,2018,Q1,3.587695
イフジ産業,2018,Q2,17.049091
イフジ産業,2018,Q3,32.803032
イフジ産業,2018,Q4,14.995854
イフジ産業,2019,Q1,22.918333
イフジ産業,2019,Q2,19.090809
イフジ産業,2019,Q3,25.990007
イフジ産業,2019,Q4,8.864752
イフジ産業,2020,Q1,16.150146
イフジ産業,2020,Q2,15.727331
イフジ産業,2020,Q3,21.937643
イフジ産業,2020,Q4,11.386466
イリソ電子工業,2018,Q1,72.99369
イリソ電子工業,2018,Q2,114.97886
イリソ電子工業,2018,Q3,77.713615
イリソ電子工業,2018,Q4,68.950806
イリソ電子工業,2019,Q1,49.918896
イリソ電子工業,2019,Q2,57.53615
イリソ電子工業,2019,Q3,79.27496
イリソ電子工業,2019,Q4,71.606224
イリソ電子工業,2020,Q1,70.606155
イリソ電子工業,2020,Q2,26.218113
イリソ電子工業,2020,Q3,67.962975
イリソ電子工業,2020,Q4,78.9456
インターネットイニシアティブ,2018,Q1,1548.0153
インターネットイニシアティブ,2018,Q2,1519.2056
インターネットイニシアティブ,2018,Q3,1313.5814
インターネットイニシアティブ,2018,Q4,1309.0713
インターネットイニシアティブ,2019,Q1,1249.3855
インターネットイニシアティブ,2019,Q2,1122.6848
インターネットイニシアティブ,2019,Q3,965.06934
インターネットイニシアティブ,2019,Q4,900.114
インターネットイニシアティブ,2020,Q1,786.142
インターネットイニシアティブ,2020,Q2,722.0645
インターネットイニシアティブ,2020,Q3,610.9548
インターネットイニシアティブ,2020,Q4,465.42685
インフォコム,2018,Q1,620.8739
インフォコム,2018,Q2,1347.8102
インフォコム,2018,Q3,768.8125
インフォコム,2018,Q4,1451.4215
インフォコム,2019,Q1,688.4148
インフォコム,2019,Q2,1252.8173
インフォコム,2019,Q3,822.99255
インフォコム,2019,Q4,1051.0704
インフォコム,2020,Q1,100.24559
インフォコム,2020,Q2,90.921326
インフォコム,2020,Q3,80.58079
インフォコム,2020,Q4,91.00599
インプレスホールディングス,2018,Q1,-4.156547
インプレスホールディングス,2018,Q2,-2.3859324
インプレスホールディングス,2018,Q3,9.987123
インプレスホールディングス,2018,Q4,-5.444731
インプレスホールディングス,2019,Q1,-4.2513785
インプレスホールディングス,2019,Q2,5.788707
インプレスホールディングス,2019,Q3,14.960851
インプレスホールディングス,2019,Q4,-6.0347695
インプレスホールディングス,2020,Q1,2.8696578
インプレスホールディングス,2020,Q2,3.070358
インプレスホールディングス,2020,Q3,12.773974
インプレスホールディングス,2020,Q4,-8.434707
イーグル工業,2018,Q1,70.8471
イーグル工業,2018,Q2,-13.269095
イーグル工業,2018,Q3,57.820454
イーグル工業,2018,Q4,45.052147
イーグル工業,2019,Q1,19.782969
イーグル工業,2019,Q2,67.966385
イーグル工業,2019,Q3,24.140335
イーグル工業,2019,Q4,39.44945
イーグル工業,2020,Q1,9.586729
イーグル工業,2020,Q2,19.09106
イーグル工業,2020,Q3,-3.5689063
イーグル工業,2020,Q4,70.47511
ウシオ電機,2018,Q1,21.287651
ウシオ電機,2018,Q2,19.734251
ウシオ電機,2018,Q3,20.436394
ウシオ電機,2018,Q4,21.40622
ウシオ電機,2019,Q1,20.384253
ウシオ電機,2019,Q2,29.108265
ウシオ電機,2019,Q3,16.433128
ウシオ電機,2019,Q4,16.306864
ウシオ電機,2020,Q1,19.230381
ウシオ電機,2020,Q2,18.679985
ウシオ電機,2020,Q3,16.023829
ウシオ電機,2020,Q4,48.291656
ウッドワン,2018,Q1,27.139841
ウッドワン,2018,Q2,17.625816
ウッドワン,2018,Q3,22.46843
ウッドワン,2018,Q4,2.2696328
ウッドワン,2019,Q1,10.118211
ウッドワン,2019,Q2,-9.434264
ウッドワン,2019,Q3,18.329678
ウッドワン,2019,Q4,6.356705
ウッドワン,2020,Q1,3.5169015
ウッドワン,2020,Q2,7.753365
ウッドワン,2020,Q3,34.860264
ウッドワン,2020,Q4,8.878353
エア・ウォーター,2018,Q1,25.219202
エア・ウォーター,2018,Q2,19.86619
エア・ウォーター,2018,Q3,34.56516
エア・ウォーター,2018,Q4,27.912525
エア・ウォーター,2019,Q1,32.470955
エア・ウォーター,2019,Q2,32.839874
エア・ウォーター,2019,Q3,22.732698
エア・ウォーター,2019,Q4,16.640425
エア・ウォーター,2020,Q1,26.867249
エア・ウォーター,2020,Q2,47.67329
エア・ウォーター,2020,Q3,49.38756
エア・ウォーター,2020,Q4,49.261642
エイチワン,2018,Q1,30.802208
エイチワン,2018,Q2,26.499758
エイチワン,2018,Q3,9.965615
エイチワン,2018,Q4,21.208647
エイチワン,2019,Q1,11.813848
エイチワン,2019,Q2,71.43677
エイチワン,2019,Q3,18.556255
エイチワン,2019,Q4,5.8101377
エイチワン,2020,Q1,-19.790415
エイチワン,2020,Q2,35.351746
エイチワン,2020,Q3,59.728344
エイチワン,2020,Q4,14.200162
エイチ・ツー・オー　リテイリン,2018,Q1,28.42167
エイチ・ツー・オー　リテイリン,2018,Q2,25.835535
エイチ・ツー・オー　リテイリン,2018,Q3,25.485582
エイチ・ツー・オー　リテイリン,2018,Q4,-17.06431
エイチ・ツー・オー　リテイリン,2019,Q1,35.4319
エイチ・ツー・オー　リテイリン,2019,Q2,5.1267643
エイチ・ツー・オー　リテイリン,2019,Q3,30.744324
エイチ・ツー・オー　リテイリン,2019,Q4,-12.320283
エイチ・ツー・オー　リテイリン,2020,Q1,23.944195
エイチ・ツー・オー　リテイリン,2020,Q2,-64.28079
エイチ・ツー・オー　リテイリン,2020,Q3,-53.831207
エイチ・ツー・オー　リテイリン,2020,Q4,-79.93223
エイベックス,2018,Q1,-5.5626044
エイベックス,2018,Q2,32.088894
エイベックス,2018,Q3,31.203236
エイベックス,2018,Q4,10.965925
エイベックス,2019,Q1,41.09345
エイベックス,2019,Q2,16.671621
エイベックス,2019,Q3,34.20208
エイベックス,2019,Q4,12.408001
エイベックス,2020,Q1,51.84041
エイベックス,2020,Q2,33.824116
エイベックス,2020,Q3,14.322078
エイベックス,2020,Q4,-8.740348
エクセディ,2018,Q1,63.302334
エクセディ,2018,Q2,61.483566
エクセディ,2018,Q3,61.060444
エクセディ,2018,Q4,70.57626
エクセディ,2019,Q1,52.989956
エクセディ,2019,Q2,49.06107
エクセディ,2019,Q3,52.372997
エクセディ,2019,Q4,54.64316
エクセディ,2020,Q1,82.82716
エクセディ,2020,Q2,-16.87307
エクセディ,2020,Q3,68.9736
エクセディ,2020,Q4,63.521355
エステー,2018,Q1,3.3238115
エステー,2018,Q2,35.20155
エステー,2018,Q3,3.9949503
エステー,2018,Q4,6.5340576
エステー,2019,Q1,-2.6392655
エステー,2019,Q2,43.87295
エステー,2019,Q3,-7.8905888
エステー,2019,Q4,8.384868
エステー,2020,Q1,17.39937
エステー,2020,Q2,56.57784
エステー,2020,Q3,12.458675
エステー,2020,Q4,13.068409
エステールホールディングス,2018,Q1,-8.556939
エステールホールディングス,2018,Q2,32.920513
エステールホールディングス,2018,Q3,21.664955
エステールホールディングス,2018,Q4,20.279234
エステールホールディングス,2019,Q1,-20.62122
エステールホールディングス,2019,Q2,17.454514
エステールホールディングス,2019,Q3,37.45625
エステールホールディングス,2019,Q4,39.18506
エステールホールディングス,2020,Q1,-3.3782547
エステールホールディングス,2020,Q2,43.072643
エステールホールディングス,2020,Q3,48.333054
エステールホールディングス,2020,Q4,26.72801
エスペック,2018,Q1,27.85368
エスペック,2018,Q2,37.81561
エスペック,2018,Q3,24.206228
エスペック,2018,Q4,43.354084
エスペック,2019,Q1,6.8463783
エスペック,2019,Q2,40.828682
エスペック,2019,Q3,39.150578
エスペック,2019,Q4,70.64278
エスペック,2020,Q1,25.383759
エスペック,2020,Q2,47.38232
エスペック,2020,Q3,17.315844
エスペック,2020,Q4,37.842514
エスライン,2018,Q1,17.89818
エスライン,2018,Q2,40.412186
エスライン,2018,Q3,25.680174
エスライン,2018,Q4,27.160646
エスライン,2019,Q1,30.129309
エスライン,2019,Q2,31.450926
エスライン,2019,Q3,25.751242
エスライン,2019,Q4,20.913452
エスライン,2020,Q1,-21.23357
エスライン,2020,Q2,10.829025
エスライン,2020,Q3,-9.707732
エスライン,2020,Q4,-37.79344
エスリード,2018,Q1,16.141024
エスリード,2018,Q2,53.65317
エスリード,2018,Q3,24.14019
エスリード,2018,Q4,68.8965
エスリード,2019,Q1,43.05049
エスリード,2019,Q2,73.136086
エスリード,2019,Q3,28.859013
エスリード,2019,Q4,63.880714
エスリード,2020,Q1,33.888992
エスリード,2020,Q2,57.464577
エスリード,2020,Q3,43.091793
エスリード,2020,Q4,89.22476
エス・エム・エス,2018,Q1,31.199505
エス・エム・エス,2018,Q2,316.6869
エス・エム・エス,2018,Q3,391.23993
エス・エム・エス,2018,Q4,117.50031
エス・エム・エス,2019,Q1,50.1272
エス・エム・エス,2019,Q2,299.14294
エス・エム・エス,2019,Q3,26.747835
エス・エム・エス,2019,Q4,134.62973
エス・エム・エス,2020,Q1,227.66014
エス・エム・エス,2020,Q2,18.614124
エス・エム・エス,2020,Q3,23.429476
エス・エム・エス,2020,Q4,44.422928
エディオン,2018,Q1,25.095623
エディオン,2018,Q2,54.08728
エディオン,2018,Q3,23.123028
エディオン,2018,Q4,-46.925327
エディオン,2019,Q1,5.679022
エディオン,2019,Q2,85.1006
エディオン,2019,Q3,49.276047
エディオン,2019,Q4,7.206237
エディオン,2020,Q1,13.724835
エディオン,2020,Q2,14.58347
エディオン,2020,Q3,6.1521983
エディオン,2020,Q4,-0.360417
エヌ・ティ・ティ・データ,2018,Q1,1516.1615
エヌ・ティ・ティ・データ,2018,Q2,1369.2905
エヌ・ティ・ティ・データ,2018,Q3,1132.0334
エヌ・ティ・ティ・データ,2018,Q4,1134.1162
エヌ・ティ・ティ・データ,2019,Q1,1137.2443
エヌ・ティ・ティ・データ,2019,Q2,1001.6864
エヌ・ティ・ティ・データ,2019,Q3,905.51196
エヌ・ティ・ティ・データ,2019,Q4,969.2616
エヌ・ティ・ティ・データ,2020,Q1,623.3756
エヌ・ティ・ティ・データ,2020,Q2,645.0451
エヌ・ティ・ティ・データ,2020,Q3,562.1963
エヌ・ティ・ティ・データ,2020,Q4,420.77344
エノモト,2018,Q1,19.57114
エノモト,2018,Q2,12.37396
エノモト,2018,Q3,39.013504
エノモト,2018,Q4,58.228283
エノモト,2019,Q1,10.035878
エノモト,2019,Q2,26.36226
エノモト,2019,Q3,20.698483
エノモト,2019,Q4,95.66003
エノモト,2020,Q1,34.768833
エノモト,2020,Q2,29.67277
エノモト,2020,Q3,48.594402
エノモト,2020,Q4,48.989185
エバラ食品工業,2018,Q1,13.355506
エバラ食品工業,2018,Q2,22.504726
エバラ食品工業,2018,Q3,62.259483
エバラ食品工業,2018,Q4,24.147484
エバラ食品工業,2019,Q1,28.729937
エバラ食品工業,2019,Q2,30.003983
エバラ食品工業,2019,Q3,2.318449
エバラ食品工業,2019,Q4,-1.6394181
エバラ食品工業,2020,Q1,6.2681246
エバラ食品工業,2020,Q2,45.55841
エバラ食品工業,2020,Q3,55.087997
エバラ食品工業,2020,Q4,5.0823584
エフテック,2018,Q1,16.06008
エフテック,2018,Q2,-2.989597
エフテック,2018,Q3,31.177994
エフテック,2018,Q4,32.49025
エフテック,2019,Q1,14.321376
エフテック,2019,Q2,-19.375824
エフテック,2019,Q3,-1.1070603
エフテック,2019,Q4,18.916195
エフテック,2020,Q1,102.39348
エフテック,2020,Q2,107.12059
エフテック,2020,Q3,33.8141
エフテック,2020,Q4,9.991166
エフピコ,2018,Q1,64.22049
エフピコ,2018,Q2,85.50297
エフピコ,2018,Q3,115.84679
エフピコ,2018,Q4,37.600655
エフピコ,2019,Q1,52.312225
エフピコ,2019,Q2,88.42522
エフピコ,2019,Q3,110.15171
エフピコ,2019,Q4,59.013
エフピコ,2020,Q1,46.58534
エフピコ,2020,Q2,75.2596
エフピコ,2020,Q3,96.93534
エフピコ,2020,Q4,43.950356
エフ・シー・シー,2018,Q1,34.79134
エフ・シー・シー,2018,Q2,48.321823
エフ・シー・シー,2018,Q3,70.70519
エフ・シー・シー,2018,Q4,44.92677
エフ・シー・シー,2019,Q1,41.633457
エフ・シー・シー,2019,Q2,49.091225
エフ・シー・シー,2019,Q3,47.25228
エフ・シー・シー,2019,Q4,36.951508
エフ・シー・シー,2020,Q1,10.996385
エフ・シー・シー,2020,Q2,21.959566
エフ・シー・シー,2020,Q3,61.65564
エフ・シー・シー,2020,Q4,31.467985
エフ・ジェー・ネクスト,2018,Q1,40.45407
エフ・ジェー・ネクスト,2018,Q2,24.234858
エフ・ジェー・ネクスト,2018,Q3,31.180998
エフ・ジェー・ネクスト,2018,Q4,63.688858
エフ・ジェー・ネクスト,2019,Q1,42.423386
エフ・ジェー・ネクスト,2019,Q2,40.229515
エフ・ジェー・ネクスト,2019,Q3,17.217875
エフ・ジェー・ネクスト,2019,Q4,69.82746
エフ・ジェー・ネクスト,2020,Q1,48.395527
エフ・ジェー・ネクスト,2020,Q2,44.57327
エフ・ジェー・ネクスト,2020,Q3,48.357162
エフ・ジェー・ネクスト,2020,Q4,25.515867
エムスリー,2018,Q1,794.29755
エムスリー,2018,Q2,797.8092
エムスリー,2018,Q3,787.54156
エムスリー,2018,Q4,731.27045
エムスリー,2019,Q1,484.65155
エムスリー,2019,Q2,583.497
エムスリー,2019,Q3,464.27084
エムスリー,2019,Q4,225.74617
エムスリー,2020,Q1,250.46541
エムスリー,2020,Q2,420.36816
エムスリー,2020,Q3,264.64233
エムスリー,2020,Q4,307.45715
エレコム,2018,Q1,41.987774
エレコム,2018,Q2,47.03407
エレコム,2018,Q3,50.33334
エレコム,2018,Q4,46.55062
エレコム,2019,Q1,42.29921
エレコム,2019,Q2,48.105812
エレコム,2019,Q3,75.9633
エレコム,2019,Q4,37.26611
エレコム,2020,Q1,47.20162
エレコム,2020,Q2,66.65544
エレコム,2020,Q3,52.287964
エレコム,2020,Q4,52.94611
エレマテック,2018,Q1,45.004036
エレマテック,2018,Q2,37.670044
エレマテック,2018,Q3,42.814392
エレマテック,2018,Q4,46.504948
エレマテック,2019,Q1,29.515825
エレマテック,2019,Q2,-5.431616
エレマテック,2019,Q3,11.8893175
エレマテック,2019,Q4,39.378777
エレマテック,2020,Q1,41.448418
エレマテック,2020,Q2,-4.216955
エレマテック,2020,Q3,43.12571
エレマテック,2020,Q4,12.395601
エンシュウ,2018,Q1,5.9714456
エンシュウ,2018,Q2,6.7295294
エンシュウ,2018,Q3,1.0143204
エンシュウ,2018,Q4,-5.1993937
エンシュウ,2019,Q1,25.0258
エンシュウ,2019,Q2,54.002483
エンシュウ,2019,Q3,2.498819
エンシュウ,2019,Q4,12.211554
エンシュウ,2020,Q1,13.933974
エンシュウ,2020,Q2,19.778528
エンシュウ,2020,Q3,-11.27616
エンシュウ,2020,Q4,6.9489923
エンプラス,2018,Q1,103.50339
エンプラス,2018,Q2,103.8627
エンプラス,2018,Q3,94.54026
エンプラス,2018,Q4,30.14766
エンプラス,2019,Q1,36.36049
エンプラス,2019,Q2,70.168724
エンプラス,2019,Q3,64.927444
エンプラス,2019,Q4,84.338524
エンプラス,2020,Q1,48.45987
エンプラス,2020,Q2,112.95713
エンプラス,2020,Q3,60.97635
エンプラス,2020,Q4,1.2518599
エーアンドエーマテリアル,2018,Q1,22.277964
エーアンドエーマテリアル,2018,Q2,28.341839
エーアンドエーマテリアル,2018,Q3,33.931847
エーアンドエーマテリアル,2018,Q4,34.633343
エーアンドエーマテリアル,2019,Q1,35.480404
エーアンドエーマテリアル,2019,Q2,37.287956
エーアンドエーマテリアル,2019,Q3,80.232956
エーアンドエーマテリアル,2019,Q4,55.55947
エーアンドエーマテリアル,2020,Q1,75.950356
エーアンドエーマテリアル,2020,Q2,70.545685
エーアンドエーマテリアル,2020,Q3,10.809538
エーアンドエーマテリアル,2020,Q4,3.486358
エーザイ,2018,Q1,46.096222
エーザイ,2018,Q2,48.95891
エーザイ,2018,Q3,-5.615626
エーザイ,2018,Q4,53.402412
エーザイ,2019,Q1,11.061917
エーザイ,2019,Q2,56.663784
エーザイ,2019,Q3,40.917015
エーザイ,2019,Q4,41.101234
エーザイ,2020,Q1,43.94919
エーザイ,2020,Q2,103.274765
エーザイ,2020,Q3,60.540203
エーザイ,2020,Q4,53.074116
エー・アンド・デイ,2018,Q1,-8.417257
エー・アンド・デイ,2018,Q2,16.130753
エー・アンド・デイ,2018,Q3,4.198474
エー・アンド・デイ,2018,Q4,67.65511
エー・アンド・デイ,2019,Q1,-9.372651
エー・アンド・デイ,2019,Q2,30.256
エー・アンド・デイ,2019,Q3,6.7490807
エー・アンド・デイ,2019,Q4,64.70215
エー・アンド・デイ,2020,Q1,-9.806473
エー・アンド・デイ,2020,Q2,27.948872
エー・アンド・デイ,2020,Q3,14.483037
エー・アンド・デイ,2020,Q4,49.19886
オイレス工業,2018,Q1,28.351797
オイレス工業,2018,Q2,23.620691
オイレス工業,2018,Q3,45.877754
オイレス工業,2018,Q4,48.741234
オイレス工業,2019,Q1,27.948124
オイレス工業,2019,Q2,46.838337
オイレス工業,2019,Q3,44.984333
オイレス工業,2019,Q4,48.963806
オイレス工業,2020,Q1,48.535366
オイレス工業,2020,Q2,17.87595
オイレス工業,2020,Q3,30.04734
オイレス工業,2020,Q4,2.6046152
オカダアイヨン,2018,Q1,22.522573
オカダアイヨン,2018,Q2,12.701378
オカダアイヨン,2018,Q3,28.555107
オカダアイヨン,2018,Q4,15.016825
オカダアイヨン,2019,Q1,24.22499
オカダアイヨン,2019,Q2,30.16186
オカダアイヨン,2019,Q3,13.832536
オカダアイヨン,2019,Q4,26.027191
オカダアイヨン,2020,Q1,26.906855
オカダアイヨン,2020,Q2,29.880419
オカダアイヨン,2020,Q3,25.56383
オカダアイヨン,2020,Q4,28.409899
オカムラ,2018,Q1,17.172268
オカムラ,2018,Q2,16.934528
オカムラ,2018,Q3,9.563819
オカムラ,2018,Q4,45.886112
オカムラ,2019,Q1,16.604687
オカムラ,2019,Q2,16.567131
オカムラ,2019,Q3,9.871147
オカムラ,2019,Q4,32.987354
オカムラ,2020,Q1,18.078777
オカムラ,2020,Q2,12.846442
オカムラ,2020,Q3,28.730883
オカムラ,2020,Q4,18.933784
オカモト,2018,Q1,13.592622
オカモト,2018,Q2,18.283428
オカモト,2018,Q3,36.36823
オカモト,2018,Q4,-1.0765617
オカモト,2019,Q1,36.521286
オカモト,2019,Q2,7.1769123
オカモト,2019,Q3,68.82212
オカモト,2019,Q4,39.450096
オカモト,2020,Q1,10.415802
オカモト,2020,Q2,21.668346
オカモト,2020,Q3,30.135475
オカモト,2020,Q4,3.6030269
オリエンタルランド,2018,Q1,99.588715
オリエンタルランド,2018,Q2,92.81756
オリエンタルランド,2018,Q3,146.51204
オリエンタルランド,2018,Q4,76.912674
オリエンタルランド,2019,Q1,95.13847
オリエンタルランド,2019,Q2,109.91735
オリエンタルランド,2019,Q3,116.56614
オリエンタルランド,2019,Q4,97.41859
オリエンタルランド,2020,Q1,110.886024
オリエンタルランド,2020,Q2,77.01578
オリエンタルランド,2020,Q3,129.27843
オリエンタルランド,2020,Q4,14.557429
オリジン,2018,Q1,28.663284
オリジン,2018,Q2,3.2148328
オリジン,2018,Q3,95.002686
オリジン,2018,Q4,16.865082
オリジン,2019,Q1,109.224
オリジン,2019,Q2,15.178213
オリジン,2019,Q3,14.766722
オリジン,2019,Q4,10.691518
オリジン,2020,Q1,-7.2463875
オリジン,2020,Q2,-0.43469566
オリジン,2020,Q3,9.927822
オリジン,2020,Q4,6.144166
オリンパス,2018,Q1,-28.017443
オリンパス,2018,Q2,-24.509531
オリンパス,2018,Q3,37.85636
オリンパス,2018,Q4,26.277552
オリンパス,2019,Q1,38.066696
オリンパス,2019,Q2,-34.04013
オリンパス,2019,Q3,8.851899
オリンパス,2019,Q4,-20.19297
オリンパス,2020,Q1,8.421126
オリンパス,2020,Q2,4.918519
オリンパス,2020,Q3,-1.6640286
オリンパス,2020,Q4,3.11851
オルガノ,2018,Q1,-0.8027884
オルガノ,2018,Q2,13.694097
オルガノ,2018,Q3,35.80132
オルガノ,2018,Q4,27.382229
オルガノ,2019,Q1,-2.2227545
オルガノ,2019,Q2,0.3595759
オルガノ,2019,Q3,133.67183
オルガノ,2019,Q4,161.40259
オルガノ,2020,Q1,88.28751
オルガノ,2020,Q2,83.316414
オルガノ,2020,Q3,44.674103
オルガノ,2020,Q4,5.4929996
オーイズミ,2018,Q1,1.446453
オーイズミ,2018,Q2,1.6083175
オーイズミ,2018,Q3,2.142008
オーイズミ,2018,Q4,4.746734
オーイズミ,2019,Q1,11.733046
オーイズミ,2019,Q2,4.5324507
オーイズミ,2019,Q3,6.460149
オーイズミ,2019,Q4,11.184447
オーイズミ,2020,Q1,10.918052
オーイズミ,2020,Q2,28.881212
オーイズミ,2020,Q3,31.979778
オーイズミ,2020,Q4,-26.166414
オークマ,2018,Q1,36.437866
オークマ,2018,Q2,6.101602
オークマ,2018,Q3,38.076553
オークマ,2018,Q4,38.747982
オークマ,2019,Q1,27.825138
オークマ,2019,Q2,45.357174
オークマ,2019,Q3,29.378832
オークマ,2019,Q4,39.56819
オークマ,2020,Q1,42.626984
オークマ,2020,Q2,47.585163
オークマ,2020,Q3,10.589704
オークマ,2020,Q4,21.89472
オートバックスセブン,2018,Q1,21.978317
オートバックスセブン,2018,Q2,14.257569
オートバックスセブン,2018,Q3,80.06312
オートバックスセブン,2018,Q4,-1.695122
オートバックスセブン,2019,Q1,21.936596
オートバックスセブン,2019,Q2,16.667227
オートバックスセブン,2019,Q3,94.55187
オートバックスセブン,2019,Q4,33.183636
オートバックスセブン,2020,Q1,2.2578683
オートバックスセブン,2020,Q2,6.9822164
オートバックスセブン,2020,Q3,49.65192
オートバックスセブン,2020,Q4,-5.9958396
オーハシテクニカ,2018,Q1,46.838135
オーハシテクニカ,2018,Q2,52.11848
オーハシテクニカ,2018,Q3,54.469128
オーハシテクニカ,2018,Q4,51.567905
オーハシテクニカ,2019,Q1,44.329865
オーハシテクニカ,2019,Q2,50.43036
オーハシテクニカ,2019,Q3,42.70987
オーハシテクニカ,2019,Q4,49.124897
オーハシテクニカ,2020,Q1,61.3317
オーハシテクニカ,2020,Q2,40.399323
オーハシテクニカ,2020,Q3,37.73791
オーハシテクニカ,2020,Q4,37.380013
オーバル,2018,Q1,-0.8717438
オーバル,2018,Q2,1.8865247
オーバル,2018,Q3,-1.8885286
オーバル,2018,Q4,4.403523
オーバル,2019,Q1,-0.6268974
オーバル,2019,Q2,1.2981831
オーバル,2019,Q3,2.696243
オーバル,2019,Q4,7.5234394
オーバル,2020,Q1,-0.7863972
オーバル,2020,Q2,6.4385405
オーバル,2020,Q3,4.0594354
オーバル,2020,Q4,2.9702709
オービック,2018,Q1,99.30594
オービック,2018,Q2,156.44885
オービック,2018,Q3,147.8874
オービック,2018,Q4,104.72907
オービック,2019,Q1,129.04622
オービック,2019,Q2,87.26432
オービック,2019,Q3,89.0093
オービック,2019,Q4,92.67628
オービック,2020,Q1,93.19672
オービック,2020,Q2,41.84316
オービック,2020,Q3,67.63381
オービック,2020,Q4,82.94892
オービックビジネスコンサルタン,2018,Q1,100.03473
オービックビジネスコンサルタン,2018,Q2,103.68288
オービックビジネスコンサルタン,2018,Q3,45.67197
オービックビジネスコンサルタン,2018,Q4,90.94507
オービックビジネスコンサルタン,2019,Q1,44.226547
オービックビジネスコンサルタン,2019,Q2,43.712975
オービックビジネスコンサルタン,2019,Q3,49.421852
オービックビジネスコンサルタン,2019,Q4,49.769184
オービックビジネスコンサルタン,2020,Q1,42.840267
オービックビジネスコンサルタン,2020,Q2,46.53648
オービックビジネスコンサルタン,2020,Q3,45.813717
オービックビジネスコンサルタン,2020,Q4,40.925106
カシオ計算機,2018,Q1,15.912272
カシオ計算機,2018,Q2,18.968138
カシオ計算機,2018,Q3,29.999197
カシオ計算機,2018,Q4,27.003706
カシオ計算機,2019,Q1,18.874735
カシオ計算機,2019,Q2,18.301271
カシオ計算機,2019,Q3,27.837307
カシオ計算機,2019,Q4,22.170614
カシオ計算機,2020,Q1,17.7631
カシオ計算機,2020,Q2,0.72872794
カシオ計算機,2020,Q3,6.2299604
カシオ計算機,2020,Q4,10.705392
カナデン,2018,Q1,23.269459
カナデン,2018,Q2,36.094303
カナデン,2018,Q3,21.135069
カナデン,2018,Q4,34.497524
カナデン,2019,Q1,4.170669
カナデン,2019,Q2,28.070791
カナデン,2019,Q3,4.5366354
カナデン,2019,Q4,35.39198
カナデン,2020,Q1,5.593714
カナデン,2020,Q2,37.881184
カナデン,2020,Q3,8.548066
カナデン,2020,Q4,39.043297
カネカ,2018,Q1,14.318751
カネカ,2018,Q2,19.749296
カネカ,2018,Q3,18.872997
カネカ,2018,Q4,15.751021
カネカ,2019,Q1,102.44308
カネカ,2019,Q2,13.964057
カネカ,2019,Q3,17.684105
カネカ,2019,Q4,20.817186
カネカ,2020,Q1,27.1451
カネカ,2020,Q2,24.46091
カネカ,2020,Q3,26.24995
カネカ,2020,Q4,49.785515
カプコン,2018,Q1,8.360725
カプコン,2018,Q2,-6.3672924
カプコン,2018,Q3,12.835309
カプコン,2018,Q4,2.1545053
カプコン,2019,Q1,-5.3759394
カプコン,2019,Q2,23.74387
カプコン,2019,Q3,0.20609173
カプコン,2019,Q4,35.01233
カプコン,2020,Q1,2.0784826
カプコン,2020,Q2,24.170715
カプコン,2020,Q3,19.496193
カプコン,2020,Q4,27.59568
カメイ,2018,Q1,53.792953
カメイ,2018,Q2,26.389957
カメイ,2018,Q3,29.243168
カメイ,2018,Q4,51.046368
カメイ,2019,Q1,46.512688
カメイ,2019,Q2,29.421862
カメイ,2019,Q3,42.95061
カメイ,2019,Q4,57.348278
カメイ,2020,Q1,75.167625
カメイ,2020,Q2,31.961168
カメイ,2020,Q3,45.1233
カメイ,2020,Q4,44.837193
カワタ,2018,Q1,7.973105
カワタ,2018,Q2,40.654034
カワタ,2018,Q3,0.2730556
カワタ,2018,Q4,42.648342
カワタ,2019,Q1,49.528244
カワタ,2019,Q2,29.466803
カワタ,2019,Q3,28.002283
カワタ,2019,Q4,40.327568
カワタ,2020,Q1,48.163113
カワタ,2020,Q2,33.052425
カワタ,2020,Q3,32.13046
カワタ,2020,Q4,20.372269
カワチ薬品,2018,Q1,30.328365
カワチ薬品,2018,Q2,83.223274
カワチ薬品,2018,Q3,32.9907
カワチ薬品,2018,Q4,-11.672029
カワチ薬品,2019,Q1,4.2408824
カワチ薬品,2019,Q2,-88.04449
カワチ薬品,2019,Q3,61.474056
カワチ薬品,2019,Q4,4.842826
カワチ薬品,2020,Q1,2.58354
カワチ薬品,2020,Q2,38.100697
カワチ薬品,2020,Q3,-0.8498319
カワチ薬品,2020,Q4,-25.947826
キッコーマン,2018,Q1,48.83165
キッコーマン,2018,Q2,26.738642
キッコーマン,2018,Q3,34.94419
キッコーマン,2018,Q4,17.019222
キッコーマン,2019,Q1,51.37634
キッコーマン,2019,Q2,38.482346
キッコーマン,2019,Q3,30.096537
キッコーマン,2019,Q4,15.941493
キッコーマン,2020,Q1,47.698708
キッコーマン,2020,Q2,40.751263
キッコーマン,2020,Q3,43.271812
キッコーマン,2020,Q4,19.377666
キッセイ薬品工業,2018,Q1,17.24494
キッセイ薬品工業,2018,Q2,7.4106383
キッセイ薬品工業,2018,Q3,40.937675
キッセイ薬品工業,2018,Q4,18.629608
キッセイ薬品工業,2019,Q1,61.499977
キッセイ薬品工業,2019,Q2,11.622961
キッセイ薬品工業,2019,Q3,48.766624
キッセイ薬品工業,2019,Q4,37.06395
キッセイ薬品工業,2020,Q1,70.86529
キッセイ薬品工業,2020,Q2,26.965885
キッセイ薬品工業,2020,Q3,70.85141
キッセイ薬品工業,2020,Q4,48.444237
キトー,2018,Q1,192.85915
キトー,2018,Q2,646.01794
キトー,2018,Q3,251.50381
キトー,2018,Q4,217.5878
キトー,2019,Q1,104.96494
キトー,2019,Q2,218.47026
キトー,2019,Q3,133.9714
キトー,2019,Q4,148.70334
キトー,2020,Q1,226.31992
キトー,2020,Q2,270.49014
キトー,2020,Q3,525.65814
キトー,2020,Q4,536.7183
キムラタン,2018,Q1,-4.452385
キムラタン,2018,Q2,3.312126
キムラタン,2018,Q3,-0.23600164
キムラタン,2018,Q4,-0.618879
キムラタン,2019,Q1,-2.0779548
キムラタン,2019,Q2,-2.8624587
キムラタン,2019,Q3,-1.8707355
キムラタン,2019,Q4,-1.9251012
キムラタン,2020,Q1,-1.5814539
キムラタン,2020,Q2,-1.4527899
キムラタン,2020,Q3,-1.4408864
キムラタン,2020,Q4,-2.8540976
キムラユニティー,2018,Q1,28.174479
キムラユニティー,2018,Q2,25.912994
キムラユニティー,2018,Q3,19.004177
キムラユニティー,2018,Q4,10.214162
キムラユニティー,2019,Q1,33.61497
キムラユニティー,2019,Q2,20.155743
キムラユニティー,2019,Q3,36.56869
キムラユニティー,2019,Q4,18.913748
キムラユニティー,2020,Q1,27.792173
キムラユニティー,2020,Q2,25.86872
キムラユニティー,2020,Q3,22.772787
キムラユニティー,2020,Q4,19.051264
キューブシステム,2018,Q1,15.619077
キューブシステム,2018,Q2,16.090117
キューブシステム,2018,Q3,13.785612
キューブシステム,2018,Q4,10.44357
キューブシステム,2019,Q1,7.5371027
キューブシステム,2019,Q2,8.842831
キューブシステム,2019,Q3,7.594451
キューブシステム,2019,Q4,9.189601
キューブシステム,2020,Q1,7.777561
キューブシステム,2020,Q2,8.220893
キューブシステム,2020,Q3,9.397594
キューブシステム,2020,Q4,15.925382
キョーリン製薬ホールディングス,2018,Q1,28.864532
キョーリン製薬ホールディングス,2018,Q2,10.152949
キョーリン製薬ホールディングス,2018,Q3,63.869747
キョーリン製薬ホールディングス,2018,Q4,16.123846
キョーリン製薬ホールディングス,2019,Q1,29.877853
キョーリン製薬ホールディングス,2019,Q2,11.681367
キョーリン製薬ホールディングス,2019,Q3,53.724464
キョーリン製薬ホールディングス,2019,Q4,23.107225
キョーリン製薬ホールディングス,2020,Q1,18.74659
キョーリン製薬ホールディングス,2020,Q2,8.12114
キョーリン製薬ホールディングス,2020,Q3,83.01549
キョーリン製薬ホールディングス,2020,Q4,28.95525
キング,2018,Q1,6.645385
キング,2018,Q2,14.427241
キング,2018,Q3,13.395205
キング,2018,Q4,13.505844
キング,2019,Q1,13.075338
キング,2019,Q2,12.576099
キング,2019,Q3,9.245076
キング,2019,Q4,11.567499
キング,2020,Q1,8.530676
キング,2020,Q2,9.676042
キング,2020,Q3,-0.5053611
キング,2020,Q4,-4.2427197
キーエンス,2018,Q1,580.62854
キーエンス,2018,Q2,598.57556
キーエンス,2018,Q3,623.0544
キーエンス,2018,Q4,509.47586
キーエンス,2019,Q1,643.0279
キーエンス,2019,Q2,653.5192
キーエンス,2019,Q3,668.86664
キーエンス,2019,Q4,335.31686
キーエンス,2020,Q1,279.5394
キーエンス,2020,Q2,554.1821
キーエンス,2020,Q3,535.5778
キーエンス,2020,Q4,538.3432
キーコーヒー,2018,Q1,16.912388
キーコーヒー,2018,Q2,-10.125917
キーコーヒー,2018,Q3,24.15059
キーコーヒー,2018,Q4,0.19610947
キーコーヒー,2019,Q1,10.976394
キーコーヒー,2019,Q2,11.492024
キーコーヒー,2019,Q3,20.731226
キーコーヒー,2019,Q4,-14.441628
キーコーヒー,2020,Q1,12.539436
キーコーヒー,2020,Q2,1.0383425
キーコーヒー,2020,Q3,24.340345
キーコーヒー,2020,Q4,14.31378
クオールホールディングス,2018,Q1,554.8685
クオールホールディングス,2018,Q2,535.68823
クオールホールディングス,2018,Q3,477.1085
クオールホールディングス,2018,Q4,424.6705
クオールホールディングス,2019,Q1,60.250797
クオールホールディングス,2019,Q2,70.33422
クオールホールディングス,2019,Q3,410.75195
クオールホールディングス,2019,Q4,76.13738
クオールホールディングス,2020,Q1,66.41243
クオールホールディングス,2020,Q2,65.6478
クオールホールディングス,2020,Q3,65.76398
クオールホールディングス,2020,Q4,54.69224
クニミネ工業,2018,Q1,16.165947
クニミネ工業,2018,Q2,13.702116
クニミネ工業,2018,Q3,32.30363
クニミネ工業,2018,Q4,19.678953
クニミネ工業,2019,Q1,6.928393
クニミネ工業,2019,Q2,17.973999
クニミネ工業,2019,Q3,34.997604
クニミネ工業,2019,Q4,30.816067
クニミネ工業,2020,Q1,13.738982
クニミネ工業,2020,Q2,15.628881
クニミネ工業,2020,Q3,31.028028
クニミネ工業,2020,Q4,30.878553
クボテック,2018,Q1,-147.02373
クボテック,2018,Q2,-3.2321093
クボテック,2018,Q3,-48.339222
クボテック,2018,Q4,-9.888857
クボテック,2019,Q1,-40.672855
クボテック,2019,Q2,-38.340294
クボテック,2019,Q3,18.307606
クボテック,2019,Q4,-12.463815
クボテック,2020,Q1,-20.518547
クボテック,2020,Q2,-25.617983
クボテック,2020,Q3,-164.79736
クボテック,2020,Q4,-42.102547
クラボウ,2018,Q1,8.052234
クラボウ,2018,Q2,6.174229
クラボウ,2018,Q3,-0.5296904
クラボウ,2018,Q4,1.8798246
クラボウ,2019,Q1,17.346872
クラボウ,2019,Q2,5.4582834
クラボウ,2019,Q3,83.60261
クラボウ,2019,Q4,55.26015
クラボウ,2020,Q1,49.188404
クラボウ,2020,Q2,52.754955
クラボウ,2020,Q3,38.096214
クラボウ,2020,Q4,33.734337
クリナップ,2018,Q1,2.4798288
クリナップ,2018,Q2,28.957989
クリナップ,2018,Q3,-5.2320123
クリナップ,2018,Q4,3.0154634
クリナップ,2019,Q1,-11.872946
クリナップ,2019,Q2,-10.028332
クリナップ,2019,Q3,30.476303
クリナップ,2019,Q4,12.76143
クリナップ,2020,Q1,-3.3912816
クリナップ,2020,Q2,8.458064
クリナップ,2020,Q3,34.548622
クリナップ,2020,Q4,-3.9007323
クレスコ,2018,Q1,33.904446
クレスコ,2018,Q2,34.53385
クレスコ,2018,Q3,52.22144
クレスコ,2018,Q4,32.626347
クレスコ,2019,Q1,49.69497
クレスコ,2019,Q2,51.10512
クレスコ,2019,Q3,53.225056
クレスコ,2019,Q4,42.678844
クレスコ,2020,Q1,25.952066
クレスコ,2020,Q2,58.263386
クレスコ,2020,Q3,55.898148
クレスコ,2020,Q4,30.434399
クレハ,2018,Q1,59.89469
クレハ,2018,Q2,28.086493
クレハ,2018,Q3,77.29669
クレハ,2018,Q4,79.1362
クレハ,2019,Q1,68.75028
クレハ,2019,Q2,133.9618
クレハ,2019,Q3,81.53052
クレハ,2019,Q4,114.4526
クレハ,2020,Q1,24.237326
クレハ,2020,Q2,110.82328
クレハ,2020,Q3,68.62922
クレハ,2020,Q4,9.614282
クロスキャット,2018,Q1,5.9628916
クロスキャット,2018,Q2,9.757349
クロスキャット,2018,Q3,5.1033916
クロスキャット,2018,Q4,16.429874
クロスキャット,2019,Q1,9.675953
クロスキャット,2019,Q2,16.539429
クロスキャット,2019,Q3,14.875793
クロスキャット,2019,Q4,16.606846
クロスキャット,2020,Q1,8.956772
クロスキャット,2020,Q2,17.728876
クロスキャット,2020,Q3,0.5520336
クロスキャット,2020,Q4,17.337137
クロップス,2018,Q1,10.618302
クロップス,2018,Q2,9.371374
クロップス,2018,Q3,13.143587
クロップス,2018,Q4,9.169417
クロップス,2019,Q1,9.389659
クロップス,2019,Q2,11.53323
クロップス,2019,Q3,22.56254
クロップス,2019,Q4,18.506254
クロップス,2020,Q1,13.994394
クロップス,2020,Q2,20.816866
クロップス,2020,Q3,13.019846
クロップス,2020,Q4,23.893759
クワザワホールディングス,2018,Q1,-11.351962
クワザワホールディングス,2018,Q2,47.813538
クワザワホールディングス,2018,Q3,64.23559
クワザワホールディングス,2018,Q4,-1.1959476
クワザワホールディングス,2019,Q1,-18.21431
クワザワホールディングス,2019,Q2,84.86777
クワザワホールディングス,2019,Q3,50.035637
クワザワホールディングス,2019,Q4,10.555676
クワザワホールディングス,2020,Q1,-23.045416
クワザワホールディングス,2020,Q2,49.411766
クワザワホールディングス,2020,Q3,23.499237
クワザワホールディングス,2020,Q4,4.8855767
グランディハウス,2018,Q1,646.8488
グランディハウス,2018,Q2,451.09708
グランディハウス,2018,Q3,481.6082
グランディハウス,2018,Q4,425.68933
グランディハウス,2019,Q1,459.72427
グランディハウス,2019,Q2,324.72452
グランディハウス,2019,Q3,302.24045
グランディハウス,2019,Q4,87.46434
グランディハウス,2020,Q1,80.14742
グランディハウス,2020,Q2,-3.0027764
グランディハウス,2020,Q3,34.672283
グランディハウス,2020,Q4,32.607975
グリムス,2018,Q1,36.672665
グリムス,2018,Q2,47.64614
グリムス,2018,Q3,32.75493
グリムス,2018,Q4,46.40507
グリムス,2019,Q1,38.195217
グリムス,2019,Q2,23.560413
グリムス,2019,Q3,29.054186
グリムス,2019,Q4,23.44073
グリムス,2020,Q1,32.835297
グリムス,2020,Q2,30.024628
グリムス,2020,Q3,18.878391
グリムス,2020,Q4,32.550594
グルメ杵屋,2018,Q1,17.047352
グルメ杵屋,2018,Q2,9.345876
グルメ杵屋,2018,Q3,4.405311
グルメ杵屋,2018,Q4,-1.0766197
グルメ杵屋,2019,Q1,0.7681273
グルメ杵屋,2019,Q2,15.461884
グルメ杵屋,2019,Q3,5.4630876
グルメ杵屋,2019,Q4,11.014901
グルメ杵屋,2020,Q1,10.77515
グルメ杵屋,2020,Q2,-5.2538433
グルメ杵屋,2020,Q3,-6.4931407
グルメ杵屋,2020,Q4,-30.871384
グローセル,2018,Q1,10.300297
グローセル,2018,Q2,10.624095
グローセル,2018,Q3,-2.8613882
グローセル,2018,Q4,9.752678
グローセル,2019,Q1,9.43954
グローセル,2019,Q2,7.5131884
グローセル,2019,Q3,1.43291
グローセル,2019,Q4,7.540744
グローセル,2020,Q1,7.216175
グローセル,2020,Q2,0.6297031
グローセル,2020,Q3,-15.320111
グローセル,2020,Q4,-7.5092163
グローブライド,2018,Q1,7.6252623
グローブライド,2018,Q2,43.067436
グローブライド,2018,Q3,8.868517
グローブライド,2018,Q4,34.58348
グローブライド,2019,Q1,48.776264
グローブライド,2019,Q2,155.86707
グローブライド,2019,Q3,7.7313957
グローブライド,2019,Q4,19.963362
グローブライド,2020,Q1,27.862135
グローブライド,2020,Q2,43.06847
グローブライド,2020,Q3,22.265461
グローブライド,2020,Q4,2.0383434
グローリー,2018,Q1,18.978073
グローリー,2018,Q2,31.792297
グローリー,2018,Q3,40.023647
グローリー,2018,Q4,94.38739
グローリー,2019,Q1,11.500541
グローリー,2019,Q2,30.380777
グローリー,2019,Q3,30.948929
グローリー,2019,Q4,69.22302
グローリー,2020,Q1,18.536184
グローリー,2020,Q2,56.930473
グローリー,2020,Q3,67.74028
グローリー,2020,Q4,61.67701
グンゼ,2018,Q1,-6.104944
グンゼ,2018,Q2,17.429615
グンゼ,2018,Q3,15.378249
グンゼ,2018,Q4,11.409616
グンゼ,2019,Q1,18.280182
グンゼ,2019,Q2,10.671983
グンゼ,2019,Q3,27.999352
グンゼ,2019,Q4,17.10284
グンゼ,2020,Q1,57.740547
グンゼ,2020,Q2,15.306346
グンゼ,2020,Q3,64.884544
グンゼ,2020,Q4,15.2453165
ケンコーマヨネーズ,2018,Q1,36.419914
ケンコーマヨネーズ,2018,Q2,34.97768
ケンコーマヨネーズ,2018,Q3,34.29725
ケンコーマヨネーズ,2018,Q4,29.583397
ケンコーマヨネーズ,2019,Q1,33.42235
ケンコーマヨネーズ,2019,Q2,36.92079
ケンコーマヨネーズ,2019,Q3,18.978075
ケンコーマヨネーズ,2019,Q4,45.89648
ケンコーマヨネーズ,2020,Q1,39.178333
ケンコーマヨネーズ,2020,Q2,49.294
ケンコーマヨネーズ,2020,Q3,41.705048
ケンコーマヨネーズ,2020,Q4,26.500362
ケーズホールディングス,2018,Q1,65.03492
ケーズホールディングス,2018,Q2,71.07794
ケーズホールディングス,2018,Q3,92.693375
ケーズホールディングス,2018,Q4,90.987946
ケーズホールディングス,2019,Q1,88.49023
ケーズホールディングス,2019,Q2,86.66837
ケーズホールディングス,2019,Q3,84.58573
ケーズホールディングス,2019,Q4,86.004135
ケーズホールディングス,2020,Q1,71.726814
ケーズホールディングス,2020,Q2,72.941444
ケーズホールディングス,2020,Q3,69.08663
ケーズホールディングス,2020,Q4,65.89174
ケーユーホールディングス,2018,Q1,49.42748
ケーユーホールディングス,2018,Q2,31.602894
ケーユーホールディングス,2018,Q3,35.048496
ケーユーホールディングス,2018,Q4,30.738707
ケーユーホールディングス,2019,Q1,28.621313
ケーユーホールディングス,2019,Q2,50.021225
ケーユーホールディングス,2019,Q3,28.707958
ケーユーホールディングス,2019,Q4,50.75804
ケーユーホールディングス,2020,Q1,51.84051
ケーユーホールディングス,2020,Q2,36.19832
ケーユーホールディングス,2020,Q3,37.876137
ケーユーホールディングス,2020,Q4,35.64055
ゲオホールディングス,2018,Q1,1035.0365
ゲオホールディングス,2018,Q2,1607.7039
ゲオホールディングス,2018,Q3,1558.3756
ゲオホールディングス,2018,Q4,1363.0201
ゲオホールディングス,2019,Q1,1187.1703
ゲオホールディングス,2019,Q2,1311.3906
ゲオホールディングス,2019,Q3,1267.73
ゲオホールディングス,2019,Q4,994.1131
ゲオホールディングス,2020,Q1,357.073
ゲオホールディングス,2020,Q2,687.03156
ゲオホールディングス,2020,Q3,225.4333
ゲオホールディングス,2020,Q4,6.470891
コア,2018,Q1,0.7038711
コア,2018,Q2,14.000477
コア,2018,Q3,16.068445
コア,2018,Q4,12.253842
コア,2019,Q1,1.3069814
コア,2019,Q2,19.973381
コア,2019,Q3,19.686237
コア,2019,Q4,32.356945
コア,2020,Q1,-5.2204776
コア,2020,Q2,22.816734
コア,2020,Q3,24.502874
コア,2020,Q4,28.39992
ココカラファイン,2018,Q1,72.06821
ココカラファイン,2018,Q2,60.146328
ココカラファイン,2018,Q3,82.65234
ココカラファイン,2018,Q4,56.17621
ココカラファイン,2019,Q1,83.07988
ココカラファイン,2019,Q2,61.103558
ココカラファイン,2019,Q3,79.661095
ココカラファイン,2019,Q4,89.80634
ココカラファイン,2020,Q1,74.2905
ココカラファイン,2020,Q2,110.2176
ココカラファイン,2020,Q3,62.012688
ココカラファイン,2020,Q4,49.009007
コニカミノルタ,2018,Q1,11.744684
コニカミノルタ,2018,Q2,7.885765
コニカミノルタ,2018,Q3,14.047714
コニカミノルタ,2018,Q4,19.569427
コニカミノルタ,2019,Q1,18.174034
コニカミノルタ,2019,Q2,31.293211
コニカミノルタ,2019,Q3,15.684805
コニカミノルタ,2019,Q4,13.911511
コニカミノルタ,2020,Q1,21.541681
コニカミノルタ,2020,Q2,-20.695776
コニカミノルタ,2020,Q3,-24.257036
コニカミノルタ,2020,Q4,-7.763302
コニシ,2018,Q1,39.680626
コニシ,2018,Q2,31.927135
コニシ,2018,Q3,30.103785
コニシ,2018,Q4,29.723694
コニシ,2019,Q1,29.971535
コニシ,2019,Q2,30.72491
コニシ,2019,Q3,29.717455
コニシ,2019,Q4,28.811932
コニシ,2020,Q1,27.9257
コニシ,2020,Q2,29.108969
コニシ,2020,Q3,32.487823
コニシ,2020,Q4,29.051214
コネクシオ,2018,Q1,627.68286
コネクシオ,2018,Q2,488.6174
コネクシオ,2018,Q3,253.12459
コネクシオ,2018,Q4,124.606026
コネクシオ,2019,Q1,35.677803
コネクシオ,2019,Q2,33.582302
コネクシオ,2019,Q3,50.44324
コネクシオ,2019,Q4,30.115927
コネクシオ,2020,Q1,39.340214
コネクシオ,2020,Q2,21.609192
コネクシオ,2020,Q3,47.917305
コネクシオ,2020,Q4,35.12214
コマツ,2018,Q1,36.30417
コマツ,2018,Q2,38.8015
コマツ,2018,Q3,43.948765
コマツ,2018,Q4,43.85379
コマツ,2019,Q1,44.270817
コマツ,2019,Q2,39.77375
コマツ,2019,Q3,38.223522
コマツ,2019,Q4,37.35108
コマツ,2020,Q1,32.5149
コマツ,2020,Q2,35.00726
コマツ,2020,Q3,32.346222
コマツ,2020,Q4,37.375145
コムシスホールディングス,2018,Q1,18.532434
コムシスホールディングス,2018,Q2,30.956053
コムシスホールディングス,2018,Q3,30.965221
コムシスホールディングス,2018,Q4,51.32004
コムシスホールディングス,2019,Q1,32.629677
コムシスホールディングス,2019,Q2,30.548237
コムシスホールディングス,2019,Q3,58.13486
コムシスホールディングス,2019,Q4,76.59857
コムシスホールディングス,2020,Q1,22.018967
コムシスホールディングス,2020,Q2,34.05555
コムシスホールディングス,2020,Q3,61.575
コムシスホールディングス,2020,Q4,64.5374
コムチュア,2018,Q1,1282.6088
コムチュア,2018,Q2,1215.8481
コムチュア,2018,Q3,1075.8759
コムチュア,2018,Q4,892.64343
コムチュア,2019,Q1,811.81647
コムチュア,2019,Q2,808.695
コムチュア,2019,Q3,728.062
コムチュア,2019,Q4,578.2526
コムチュア,2020,Q1,453.1716
コムチュア,2020,Q2,408.4923
コムチュア,2020,Q3,349.92828
コムチュア,2020,Q4,275.43362
コメリ,2018,Q1,73.351494
コメリ,2018,Q2,58.767895
コメリ,2018,Q3,55.267586
コメリ,2018,Q4,-10.974085
コメリ,2019,Q1,80.76002
コメリ,2019,Q2,55.083904
コメリ,2019,Q3,63.35623
コメリ,2019,Q4,-20.217836
コメリ,2020,Q1,89.8664
コメリ,2020,Q2,72.78104
コメリ,2020,Q3,54.03685
コメリ,2020,Q4,10.037518
コロナ,2018,Q1,-16.04541
コロナ,2018,Q2,19.868553
コロナ,2018,Q3,83.613815
コロナ,2018,Q4,-31.07029
コロナ,2019,Q1,-10.902422
コロナ,2019,Q2,21.912151
コロナ,2019,Q3,77.75577
コロナ,2019,Q4,-26.70392
コロナ,2020,Q1,18.731691
コロナ,2020,Q2,23.834238
コロナ,2020,Q3,45.128933
コロナ,2020,Q4,-50.701702
コロワイド,2018,Q1,1.6162155
コロワイド,2018,Q2,-1.4310964
コロワイド,2018,Q3,5.2297807
コロワイド,2018,Q4,-10.49143
コロワイド,2019,Q1,7.8498573
コロワイド,2019,Q2,-8.347174
コロワイド,2019,Q3,-5.032996
コロワイド,2019,Q4,-1.3746316
コロワイド,2020,Q1,-2.6052785
コロワイド,2020,Q2,-37.66355
コロワイド,2020,Q3,-42.78576
コロワイド,2020,Q4,-3.0467036
コンドーテック,2018,Q1,16.551716
コンドーテック,2018,Q2,25.948547
コンドーテック,2018,Q3,20.390396
コンドーテック,2018,Q4,18.862425
コンドーテック,2019,Q1,21.042759
コンドーテック,2019,Q2,21.10884
コンドーテック,2019,Q3,24.034777
コンドーテック,2019,Q4,22.410349
コンドーテック,2020,Q1,21.910261
コンドーテック,2020,Q2,23.416616
コンドーテック,2020,Q3,33.564785
コンドーテック,2020,Q4,22.622673
コーセー,2018,Q1,121.5124
コーセー,2018,Q2,69.751884
コーセー,2018,Q3,73.14565
コーセー,2018,Q4,52.33457
コーセー,2019,Q1,64.80181
コーセー,2019,Q2,91.60793
コーセー,2019,Q3,58.39478
コーセー,2019,Q4,67.92839
コーセー,2020,Q1,69.46538
コーセー,2020,Q2,56.795994
コーセー,2020,Q3,102.48204
コーセー,2020,Q4,106.93296
ゴールドウイン,2018,Q1,16.00094
ゴールドウイン,2018,Q2,37.186203
ゴールドウイン,2018,Q3,261.50317
ゴールドウイン,2018,Q4,59.268806
ゴールドウイン,2019,Q1,28.251652
ゴールドウイン,2019,Q2,68.845345
ゴールドウイン,2019,Q3,269.46924
ゴールドウイン,2019,Q4,124.29913
ゴールドウイン,2020,Q1,53.319378
ゴールドウイン,2020,Q2,3.3753076
ゴールドウイン,2020,Q3,233.53304
ゴールドウイン,2020,Q4,52.43389
ゴールドクレスト,2018,Q1,40.646095
ゴールドクレスト,2018,Q2,45.62159
ゴールドクレスト,2018,Q3,5.3350844
ゴールドクレスト,2018,Q4,-9.178558
ゴールドクレスト,2019,Q1,19.98854
ゴールドクレスト,2019,Q2,14.839218
ゴールドクレスト,2019,Q3,46.419785
ゴールドクレスト,2019,Q4,37.212105
ゴールドクレスト,2020,Q1,21.037422
ゴールドクレスト,2020,Q2,24.080519
ゴールドクレスト,2020,Q3,54.32327
ゴールドクレスト,2020,Q4,69.45432
サイネックス,2018,Q1,25.588938
サイネックス,2018,Q2,24.811127
サイネックス,2018,Q3,28.082237
サイネックス,2018,Q4,23.820026
サイネックス,2019,Q1,3.4016643
サイネックス,2019,Q2,15.641226
サイネックス,2019,Q3,5.8538613
サイネックス,2019,Q4,19.963863
サイネックス,2020,Q1,33.030785
サイネックス,2020,Q2,20.145254
サイネックス,2020,Q3,51.753746
サイネックス,2020,Q4,25.258142
サカイオーベックス,2018,Q1,25.55493
サカイオーベックス,2018,Q2,3.643304
サカイオーベックス,2018,Q3,95.675545
サカイオーベックス,2018,Q4,101.198586
サカイオーベックス,2019,Q1,94.8862
サカイオーベックス,2019,Q2,29.926205
サカイオーベックス,2019,Q3,97.85997
サカイオーベックス,2019,Q4,88.960594
サカイオーベックス,2020,Q1,99.67373
サカイオーベックス,2020,Q2,11.736703
サカイオーベックス,2020,Q3,106.58133
サカイオーベックス,2020,Q4,39.30436
サカイ引越センター,2018,Q1,138.0724
サカイ引越センター,2018,Q2,47.685246
サカイ引越センター,2018,Q3,44.13402
サカイ引越センター,2018,Q4,75.92061
サカイ引越センター,2019,Q1,144.63393
サカイ引越センター,2019,Q2,48.36235
サカイ引越センター,2019,Q3,52.600914
サカイ引越センター,2019,Q4,80.02585
サカイ引越センター,2020,Q1,150.79535
サカイ引越センター,2020,Q2,37.242867
サカイ引越センター,2020,Q3,56.58159
サカイ引越センター,2020,Q4,76.50176
サクサホールディングス,2018,Q1,59.860966
サクサホールディングス,2018,Q2,4.1465397
サクサホールディングス,2018,Q3,28.009068
サクサホールディングス,2018,Q4,18.152134
サクサホールディングス,2019,Q1,36.689457
サクサホールディングス,2019,Q2,5.9690795
サクサホールディングス,2019,Q3,22.281979
サクサホールディングス,2019,Q4,103.97417
サクサホールディングス,2020,Q1,24.853205
サクサホールディングス,2020,Q2,22.69392
サクサホールディングス,2020,Q3,1.4371426
サクサホールディングス,2020,Q4,35.425274
サックスバー　ホールディングス,2018,Q1,34.03798
サックスバー　ホールディングス,2018,Q2,17.667313
サックスバー　ホールディングス,2018,Q3,21.102156
サックスバー　ホールディングス,2018,Q4,25.424679
サックスバー　ホールディングス,2019,Q1,20.191845
サックスバー　ホールディングス,2019,Q2,21.541155
サックスバー　ホールディングス,2019,Q3,22.836868
サックスバー　ホールディングス,2019,Q4,19.143423
サックスバー　ホールディングス,2020,Q1,29.5499
サックスバー　ホールディングス,2020,Q2,-11.106574
サックスバー　ホールディングス,2020,Q3,-24.21022
サックスバー　ホールディングス,2020,Q4,11.809198
サトーホールディングス,2018,Q1,30.594868
サトーホールディングス,2018,Q2,26.93721
サトーホールディングス,2018,Q3,23.487698
サトーホールディングス,2018,Q4,32.56726
サトーホールディングス,2019,Q1,22.672752
サトーホールディングス,2019,Q2,36.77316
サトーホールディングス,2019,Q3,19.810469
サトーホールディングス,2019,Q4,21.600807
サトーホールディングス,2020,Q1,47.428032
サトーホールディングス,2020,Q2,64.888435
サトーホールディングス,2020,Q3,38.605877
サトーホールディングス,2020,Q4,68.700424
サニックス,2018,Q1,12.433354
サニックス,2018,Q2,-15.913521
サニックス,2018,Q3,-0.85821295
サニックス,2018,Q4,25.210976
サニックス,2019,Q1,14.769522
サニックス,2019,Q2,-0.39538485
サニックス,2019,Q3,4.4494233
サニックス,2019,Q4,-4.6829634
サニックス,2020,Q1,9.393131
サニックス,2020,Q2,8.931042
サニックス,2020,Q3,-4.913372
サニックス,2020,Q4,3.0049536
サンケン電気,2018,Q1,-2.004122
サンケン電気,2018,Q2,-25.601519
サンケン電気,2018,Q3,-9.356443
サンケン電気,2018,Q4,14.050568
サンケン電気,2019,Q1,26.681011
サンケン電気,2019,Q2,19.1728
サンケン電気,2019,Q3,-51.753242
サンケン電気,2019,Q4,16.560389
サンケン電気,2020,Q1,39.355606
サンケン電気,2020,Q2,-15.362935
サンケン電気,2020,Q3,-21.635712
サンケン電気,2020,Q4,-22.407913
サンゲツ,2018,Q1,22.075838
サンゲツ,2018,Q2,23.152134
サンゲツ,2018,Q3,22.883608
サンゲツ,2018,Q4,21.405884
サンゲツ,2019,Q1,31.6956
サンゲツ,2019,Q2,29.429008
サンゲツ,2019,Q3,34.520714
サンゲツ,2019,Q4,33.210052
サンゲツ,2020,Q1,17.445026
サンゲツ,2020,Q2,24.031158
サンゲツ,2020,Q3,77.988884
サンゲツ,2020,Q4,-53.324184
サンコール,2018,Q1,12.744694
サンコール,2018,Q2,11.047972
サンコール,2018,Q3,23.540493
サンコール,2018,Q4,12.431602
サンコール,2019,Q1,6.7789946
サンコール,2019,Q2,15.565233
サンコール,2019,Q3,15.317445
サンコール,2019,Q4,13.769887
サンコール,2020,Q1,13.530512
サンコール,2020,Q2,10.151023
サンコール,2020,Q3,3.390344
サンコール,2020,Q4,15.534545
サンデンホールディングス,2018,Q1,7.3296156
サンデンホールディングス,2018,Q2,-2.756274
サンデンホールディングス,2018,Q3,66.48323
サンデンホールディングス,2018,Q4,20.359715
サンデンホールディングス,2019,Q1,-119.40985
サンデンホールディングス,2019,Q2,-26.383638
サンデンホールディングス,2019,Q3,55.92377
サンデンホールディングス,2019,Q4,316.0235
サンデンホールディングス,2020,Q1,-140.85034
サンデンホールディングス,2020,Q2,-341.77353
サンデンホールディングス,2020,Q3,-252.91074
サンデンホールディングス,2020,Q4,-73.01038
サンドラッグ,2018,Q1,48.13381
サンドラッグ,2018,Q2,71.714264
サンドラッグ,2018,Q3,69.5029
サンドラッグ,2018,Q4,56.264885
サンドラッグ,2019,Q1,52.036392
サンドラッグ,2019,Q2,72.3105
サンドラッグ,2019,Q3,51.169163
サンドラッグ,2019,Q4,50.49032
サンドラッグ,2020,Q1,72.399
サンドラッグ,2020,Q2,52.119766
サンドラッグ,2020,Q3,52.110413
サンドラッグ,2020,Q4,48.50038
サンフロンティア不動産,2018,Q1,532.9975
サンフロンティア不動産,2018,Q2,480.82053
サンフロンティア不動産,2018,Q3,509.1604
サンフロンティア不動産,2018,Q4,475.02588
サンフロンティア不動産,2019,Q1,447.34903
サンフロンティア不動産,2019,Q2,442.96536
サンフロンティア不動産,2019,Q3,441.46857
サンフロンティア不動産,2019,Q4,411.79343
サンフロンティア不動産,2020,Q1,386.97256
サンフロンティア不動産,2020,Q2,407.5843
サンフロンティア不動産,2020,Q3,397.40442
サンフロンティア不動産,2020,Q4,390.2456
サンマルクホールディングス,2018,Q1,56.01417
サンマルクホールディングス,2018,Q2,58.04441
サンマルクホールディングス,2018,Q3,58.433083
サンマルクホールディングス,2018,Q4,51.91637
サンマルクホールディングス,2019,Q1,57.925434
サンマルクホールディングス,2019,Q2,91.431076
サンマルクホールディングス,2019,Q3,86.21162
サンマルクホールディングス,2019,Q4,86.59173
サンマルクホールディングス,2020,Q1,64.77286
サンマルクホールディングス,2020,Q2,-156.49657
サンマルクホールディングス,2020,Q3,-57.060627
サンマルクホールディングス,2020,Q4,-2.9981248
サンリオ,2018,Q1,35.08689
サンリオ,2018,Q2,33.07835
サンリオ,2018,Q3,31.038633
サンリオ,2018,Q4,34.172115
サンリオ,2019,Q1,33.398388
サンリオ,2019,Q2,25.661024
サンリオ,2019,Q3,24.87737
サンリオ,2019,Q4,24.418207
サンリオ,2020,Q1,8.318752
サンリオ,2020,Q2,7.9085636
サンリオ,2020,Q3,-48.8144
サンリオ,2020,Q4,-20.648518
サンリツ,2018,Q1,11.671149
サンリツ,2018,Q2,-4.303219
サンリツ,2018,Q3,-46.309124
サンリツ,2018,Q4,11.207106
サンリツ,2019,Q1,22.202793
サンリツ,2019,Q2,6.5738606
サンリツ,2019,Q3,29.23079
サンリツ,2019,Q4,21.091282
サンリツ,2020,Q1,20.808084
サンリツ,2020,Q2,22.29202
サンリツ,2020,Q3,8.626267
サンリツ,2020,Q4,19.121443
サンワテクノス,2018,Q1,35.25512
サンワテクノス,2018,Q2,45.893536
サンワテクノス,2018,Q3,33.57444
サンワテクノス,2018,Q4,40.5536
サンワテクノス,2019,Q1,7.3080645
サンワテクノス,2019,Q2,48.656063
サンワテクノス,2019,Q3,34.38908
サンワテクノス,2019,Q4,47.302956
サンワテクノス,2020,Q1,44.132004
サンワテクノス,2020,Q2,38.92779
サンワテクノス,2020,Q3,41.10377
サンワテクノス,2020,Q4,45.037315
シキボウ,2018,Q1,8.47409
シキボウ,2018,Q2,5.0363164
シキボウ,2018,Q3,31.211023
シキボウ,2018,Q4,48.489895
シキボウ,2019,Q1,-76.512474
シキボウ,2019,Q2,28.509205
シキボウ,2019,Q3,3.7375557
シキボウ,2019,Q4,16.29737
シキボウ,2020,Q1,-14.203164
シキボウ,2020,Q2,-104.93593
シキボウ,2020,Q3,-71.3497
シキボウ,2020,Q4,30.765383
システムリサーチ,2018,Q1,22.539942
システムリサーチ,2018,Q2,42.166626
システムリサーチ,2018,Q3,41.881832
システムリサーチ,2018,Q4,64.14183
システムリサーチ,2019,Q1,18.671465
システムリサーチ,2019,Q2,49.89647
システムリサーチ,2019,Q3,51.667965
システムリサーチ,2019,Q4,61.125195
システムリサーチ,2020,Q1,32.182526
システムリサーチ,2020,Q2,30.52542
システムリサーチ,2020,Q3,35.840557
システムリサーチ,2020,Q4,84.86992
シスメックス,2018,Q1,69.59669
シスメックス,2018,Q2,72.60953
シスメックス,2018,Q3,47.986668
シスメックス,2018,Q4,50.435364
シスメックス,2019,Q1,45.25129
シスメックス,2019,Q2,65.756836
シスメックス,2019,Q3,68.04051
シスメックス,2019,Q4,70.64212
シスメックス,2020,Q1,72.17006
シスメックス,2020,Q2,34.007362
シスメックス,2020,Q3,34.975582
シスメックス,2020,Q4,32.387646
シチズン時計,2018,Q1,4.7096996
シチズン時計,2018,Q2,19.090405
シチズン時計,2018,Q3,22.964474
シチズン時計,2018,Q4,-5.277812
シチズン時計,2019,Q1,12.220931
シチズン時計,2019,Q2,23.067894
シチズン時計,2019,Q3,19.735191
シチズン時計,2019,Q4,2.0311255
シチズン時計,2020,Q1,34.699898
シチズン時計,2020,Q2,41.17093
シチズン時計,2020,Q3,-24.21989
シチズン時計,2020,Q4,-15.578282
シップヘルスケアホールディング,2018,Q1,441.69055
シップヘルスケアホールディング,2018,Q2,429.71002
シップヘルスケアホールディング,2018,Q3,359.47958
シップヘルスケアホールディング,2018,Q4,316.26212
シップヘルスケアホールディング,2019,Q1,204.27776
シップヘルスケアホールディング,2019,Q2,190.4114
シップヘルスケアホールディング,2019,Q3,77.09101
シップヘルスケアホールディング,2019,Q4,85.21688
シップヘルスケアホールディング,2020,Q1,36.9918
シップヘルスケアホールディング,2020,Q2,84.28637
シップヘルスケアホールディング,2020,Q3,43.114155
シップヘルスケアホールディング,2020,Q4,59.964504
シモジマ,2018,Q1,14.732926
シモジマ,2018,Q2,8.671124
シモジマ,2018,Q3,15.967507
シモジマ,2018,Q4,1.3995392
シモジマ,2019,Q1,1.0402042
シモジマ,2019,Q2,0.008831084
シモジマ,2019,Q3,17.871363
シモジマ,2019,Q4,-6.1478734
シモジマ,2020,Q1,8.268454
シモジマ,2020,Q2,6.050053
シモジマ,2020,Q3,-13.099807
シモジマ,2020,Q4,11.7954445
シャープ,2018,Q1,14.375941
シャープ,2018,Q2,14.6698265
シャープ,2018,Q3,0.49006718
シャープ,2018,Q4,14.070484
シャープ,2019,Q1,-1.0954359
シャープ,2019,Q2,3.310997
シャープ,2019,Q3,11.227716
シャープ,2019,Q4,26.279371
シャープ,2020,Q1,-66.48975
シャープ,2020,Q2,2.5911565
シャープ,2020,Q3,-5.2540607
シャープ,2020,Q4,11.983549
シンニッタン,2018,Q1,9.972991
シンニッタン,2018,Q2,13.315932
シンニッタン,2018,Q3,23.682663
シンニッタン,2018,Q4,14.367705
シンニッタン,2019,Q1,9.206971
シンニッタン,2019,Q2,14.626021
シンニッタン,2019,Q3,15.025934
シンニッタン,2019,Q4,13.912201
シンニッタン,2020,Q1,10.8882
シンニッタン,2020,Q2,19.916317
シンニッタン,2020,Q3,2.740172
シンニッタン,2020,Q4,3.28981
シンフォニア　テクノロジー,2018,Q1,1.0968412
シンフォニア　テクノロジー,2018,Q2,3.0530322
シンフォニア　テクノロジー,2018,Q3,6.379437
シンフォニア　テクノロジー,2018,Q4,22.879633
シンフォニア　テクノロジー,2019,Q1,4.722915
シンフォニア　テクノロジー,2019,Q2,5.4714108
シンフォニア　テクノロジー,2019,Q3,9.490043
シンフォニア　テクノロジー,2019,Q4,21.89015
シンフォニア　テクノロジー,2020,Q1,-3.0150816
シンフォニア　テクノロジー,2020,Q2,11.94476
シンフォニア　テクノロジー,2020,Q3,21.009308
シンフォニア　テクノロジー,2020,Q4,31.58738
シーティーエス,2018,Q1,439.6845
シーティーエス,2018,Q2,380.2677
シーティーエス,2018,Q3,147.61484
シーティーエス,2018,Q4,274.86047
シーティーエス,2019,Q1,255.96509
シーティーエス,2019,Q2,235.52214
シーティーエス,2019,Q3,277.32443
シーティーエス,2019,Q4,154.97688
シーティーエス,2020,Q1,160.5487
シーティーエス,2020,Q2,39.034355
シーティーエス,2020,Q3,38.198433
シーティーエス,2020,Q4,44.285793
シード,2018,Q1,27.475529
シード,2018,Q2,7.8753076
シード,2018,Q3,26.285875
シード,2018,Q4,5.69479
シード,2019,Q1,32.400684
シード,2019,Q2,14.896102
シード,2019,Q3,14.033188
シード,2019,Q4,47.66107
シード,2020,Q1,23.678295
シード,2020,Q2,22.703094
シード,2020,Q3,6.0864654
シード,2020,Q4,10.4330435
ジェイテクト,2018,Q1,36.605297
ジェイテクト,2018,Q2,0.24735211
ジェイテクト,2018,Q3,44.59197
ジェイテクト,2018,Q4,23.782665
ジェイテクト,2019,Q1,26.344664
ジェイテクト,2019,Q2,27.509127
ジェイテクト,2019,Q3,20.382639
ジェイテクト,2019,Q4,24.347548
ジェイテクト,2020,Q1,31.636866
ジェイテクト,2020,Q2,-49.401943
ジェイテクト,2020,Q3,1.3753979
ジェイテクト,2020,Q4,15.52505
ジェコス,2018,Q1,34.05807
ジェコス,2018,Q2,25.644646
ジェコス,2018,Q3,31.126686
ジェコス,2018,Q4,37.028378
ジェコス,2019,Q1,26.662222
ジェコス,2019,Q2,20.822687
ジェコス,2019,Q3,33.61583
ジェコス,2019,Q4,33.12484
ジェコス,2020,Q1,30.920872
ジェコス,2020,Q2,34.47358
ジェコス,2020,Q3,47.05757
ジェコス,2020,Q4,48.413857
ジャストシステム,2018,Q1,15.866737
ジャストシステム,2018,Q2,20.108864
ジャストシステム,2018,Q3,9.636733
ジャストシステム,2018,Q4,10.207583
ジャストシステム,2019,Q1,10.54445
ジャストシステム,2019,Q2,24.95383
ジャストシステム,2019,Q3,31.841301
ジャストシステム,2019,Q4,13.276789
ジャストシステム,2020,Q1,32.14846
ジャストシステム,2020,Q2,22.158894
ジャストシステム,2020,Q3,39.255123
ジャストシステム,2020,Q4,34.85187
ジャパンフーズ,2018,Q1,132.43369
ジャパンフーズ,2018,Q2,67.58465
ジャパンフーズ,2018,Q3,-85.725655
ジャパンフーズ,2018,Q4,-24.046883
ジャパンフーズ,2019,Q1,83.03635
ジャパンフーズ,2019,Q2,63.78515
ジャパンフーズ,2019,Q3,-91.82376
ジャパンフーズ,2019,Q4,-46.908226
ジャパンフーズ,2020,Q1,140.87671
ジャパンフーズ,2020,Q2,81.82152
ジャパンフーズ,2020,Q3,-101.73149
ジャパンフーズ,2020,Q4,-62.98501
ジーエス・ユアサ　コーポレーシ,2018,Q1,5.192139
ジーエス・ユアサ　コーポレーシ,2018,Q2,4.197871
ジーエス・ユアサ　コーポレーシ,2018,Q3,7.9476466
ジーエス・ユアサ　コーポレーシ,2018,Q4,14.3436775
ジーエス・ユアサ　コーポレーシ,2019,Q1,15.594389
ジーエス・ユアサ　コーポレーシ,2019,Q2,10.823145
ジーエス・ユアサ　コーポレーシ,2019,Q3,41.67554
ジーエス・ユアサ　コーポレーシ,2019,Q4,15.835213
ジーエス・ユアサ　コーポレーシ,2020,Q1,14.195087
ジーエス・ユアサ　コーポレーシ,2020,Q2,-5.642589
ジーエス・ユアサ　コーポレーシ,2020,Q3,20.01199
ジーエス・ユアサ　コーポレーシ,2020,Q4,42.914337
ジーテクト,2018,Q1,80.32127
ジーテクト,2018,Q2,81.530685
ジーテクト,2018,Q3,60.621944
ジーテクト,2018,Q4,85.65232
ジーテクト,2019,Q1,85.09322
ジーテクト,2019,Q2,65.82579
ジーテクト,2019,Q3,67.448006
ジーテクト,2019,Q4,70.95048
ジーテクト,2020,Q1,67.32835
ジーテクト,2020,Q2,105.98944
ジーテクト,2020,Q3,175.23764
ジーテクト,2020,Q4,99.03353
スカパーＪＳＡＴホールディング,2018,Q1,-11.892805
スカパーＪＳＡＴホールディング,2018,Q2,302.54663
スカパーＪＳＡＴホールディング,2018,Q3,68.56039
スカパーＪＳＡＴホールディング,2018,Q4,73.14191
スカパーＪＳＡＴホールディング,2019,Q1,-41.866505
スカパーＪＳＡＴホールディング,2019,Q2,-11.953563
スカパーＪＳＡＴホールディング,2019,Q3,-25.345041
スカパーＪＳＡＴホールディング,2019,Q4,-40.407127
スカパーＪＳＡＴホールディング,2020,Q1,-2.8941507
スカパーＪＳＡＴホールディング,2020,Q2,6.7394614
スカパーＪＳＡＴホールディング,2020,Q3,158.0388
スカパーＪＳＡＴホールディング,2020,Q4,33.190678
スクウェア・エニックス・ホール,2018,Q1,22.757408
スクウェア・エニックス・ホール,2018,Q2,42.839184
スクウェア・エニックス・ホール,2018,Q3,47.103756
スクウェア・エニックス・ホール,2018,Q4,14.168124
スクウェア・エニックス・ホール,2019,Q1,25.683908
スクウェア・エニックス・ホール,2019,Q2,32.822544
スクウェア・エニックス・ホール,2019,Q3,30.361889
スクウェア・エニックス・ホール,2019,Q4,46.465984
スクウェア・エニックス・ホール,2020,Q1,54.00919
スクウェア・エニックス・ホール,2020,Q2,12.571191
スクウェア・エニックス・ホール,2020,Q3,49.588028
スクウェア・エニックス・ホール,2020,Q4,29.353197
スクロール,2018,Q1,-16.977785
スクロール,2018,Q2,-7.5627365
スクロール,2018,Q3,5.285444
スクロール,2018,Q4,-19.51313
スクロール,2019,Q1,22.399944
スクロール,2019,Q2,9.661359
スクロール,2019,Q3,13.771039
スクロール,2019,Q4,-27.109102
スクロール,2020,Q1,22.524408
スクロール,2020,Q2,2.9513454
スクロール,2020,Q3,0.6728171
スクロール,2020,Q4,-12.685627
スズキ,2018,Q1,50.063816
スズキ,2018,Q2,65.762375
スズキ,2018,Q3,66.07115
スズキ,2018,Q4,53.67633
スズキ,2019,Q1,44.49365
スズキ,2019,Q2,73.17314
スズキ,2019,Q3,87.70981
スズキ,2019,Q4,29.789953
スズキ,2020,Q1,62.066185
スズキ,2020,Q2,83.19235
スズキ,2020,Q3,71.33562
スズキ,2020,Q4,76.20948
スズケン,2018,Q1,30.427336
スズケン,2018,Q2,58.77681
スズケン,2018,Q3,59.287083
スズケン,2018,Q4,56.012665
スズケン,2019,Q1,33.4713
スズケン,2019,Q2,62.6812
スズケン,2019,Q3,110.15567
スズケン,2019,Q4,23.376581
スズケン,2020,Q1,34.43306
スズケン,2020,Q2,60.493504
スズケン,2020,Q3,50.33183
スズケン,2020,Q4,70.19343
スズデン,2018,Q1,24.804585
スズデン,2018,Q2,20.453152
スズデン,2018,Q3,19.711203
スズデン,2018,Q4,22.4841
スズデン,2019,Q1,9.82244
スズデン,2019,Q2,20.038742
スズデン,2019,Q3,7.1959753
スズデン,2019,Q4,12.09201
スズデン,2020,Q1,16.921703
スズデン,2020,Q2,26.767181
スズデン,2020,Q3,4.769681
スズデン,2020,Q4,26.898817
スタンレー電気,2018,Q1,44.2103
スタンレー電気,2018,Q2,37.833984
スタンレー電気,2018,Q3,37.73363
スタンレー電気,2018,Q4,42.836018
スタンレー電気,2019,Q1,33.214844
スタンレー電気,2019,Q2,36.322613
スタンレー電気,2019,Q3,37.40774
スタンレー電気,2019,Q4,40.5295
スタンレー電気,2020,Q1,45.211395
スタンレー電気,2020,Q2,-25.507631
スタンレー電気,2020,Q3,21.796965
スタンレー電気,2020,Q4,31.85345
スターゼン,2018,Q1,133.73894
スターゼン,2018,Q2,107.2634
スターゼン,2018,Q3,141.34378
スターゼン,2018,Q4,76.7191
スターゼン,2019,Q1,102.31566
スターゼン,2019,Q2,73.15391
スターゼン,2019,Q3,169.104
スターゼン,2019,Q4,86.56554
スターゼン,2020,Q1,17.156685
スターゼン,2020,Q2,35.791924
スターゼン,2020,Q3,118.24591
スターゼン,2020,Q4,63.64094
スターツコーポレーション,2018,Q1,43.13828
スターツコーポレーション,2018,Q2,51.090046
スターツコーポレーション,2018,Q3,48.81675
スターツコーポレーション,2018,Q4,32.910275
スターツコーポレーション,2019,Q1,43.879925
スターツコーポレーション,2019,Q2,62.37499
スターツコーポレーション,2019,Q3,46.833344
スターツコーポレーション,2019,Q4,53.679153
スターツコーポレーション,2020,Q1,50.26316
スターツコーポレーション,2020,Q2,61.80323
スターツコーポレーション,2020,Q3,56.63376
スターツコーポレーション,2020,Q4,59.473427
ステラ　ケミファ,2018,Q1,38.037834
ステラ　ケミファ,2018,Q2,40.850895
ステラ　ケミファ,2018,Q3,37.39877
ステラ　ケミファ,2018,Q4,41.62696
ステラ　ケミファ,2019,Q1,38.39917
ステラ　ケミファ,2019,Q2,42.333088
ステラ　ケミファ,2019,Q3,10.764187
ステラ　ケミファ,2019,Q4,32.22963
ステラ　ケミファ,2020,Q1,31.187048
ステラ　ケミファ,2020,Q2,26.218601
ステラ　ケミファ,2020,Q3,22.953453
ステラ　ケミファ,2020,Q4,24.681908
セイコーエプソン,2018,Q1,51.020275
セイコーエプソン,2018,Q2,68.90373
セイコーエプソン,2018,Q3,29.736294
セイコーエプソン,2018,Q4,106.65932
セイコーエプソン,2019,Q1,96.68749
セイコーエプソン,2019,Q2,56.028492
セイコーエプソン,2019,Q3,134.54193
セイコーエプソン,2019,Q4,70.36344
セイコーエプソン,2020,Q1,54.91996
セイコーエプソン,2020,Q2,68.81945
セイコーエプソン,2020,Q3,25.946886
セイコーエプソン,2020,Q4,22.74815
セイコーホールディングス,2018,Q1,74.164795
セイコーホールディングス,2018,Q2,16.582413
セイコーホールディングス,2018,Q3,37.973137
セイコーホールディングス,2018,Q4,-6.1129794
セイコーホールディングス,2019,Q1,9.566946
セイコーホールディングス,2019,Q2,3.9178276
セイコーホールディングス,2019,Q3,31.319363
セイコーホールディングス,2019,Q4,-2.8603153
セイコーホールディングス,2020,Q1,10.168205
セイコーホールディングス,2020,Q2,57.666725
セイコーホールディングス,2020,Q3,37.40178
セイコーホールディングス,2020,Q4,13.547007
セイノーホールディングス,2018,Q1,20.399343
セイノーホールディングス,2018,Q2,18.986996
セイノーホールディングス,2018,Q3,34.1286
セイノーホールディングス,2018,Q4,21.660112
セイノーホールディングス,2019,Q1,31.088264
セイノーホールディングス,2019,Q2,32.569942
セイノーホールディングス,2019,Q3,8.048886
セイノーホールディングス,2019,Q4,17.198442
セイノーホールディングス,2020,Q1,16.901806
セイノーホールディングス,2020,Q2,15.138358
セイノーホールディングス,2020,Q3,0.67142165
セイノーホールディングス,2020,Q4,21.413067
セガサミーホールディングス,2018,Q1,14.314657
セガサミーホールディングス,2018,Q2,25.897753
セガサミーホールディングス,2018,Q3,24.89579
セガサミーホールディングス,2018,Q4,34.142742
セガサミーホールディングス,2019,Q1,19.88508
セガサミーホールディングス,2019,Q2,18.458025
セガサミーホールディングス,2019,Q3,4.191838
セガサミーホールディングス,2019,Q4,-7.3776703
セガサミーホールディングス,2020,Q1,36.28475
セガサミーホールディングス,2020,Q2,29.607939
セガサミーホールディングス,2020,Q3,-0.7540653
セガサミーホールディングス,2020,Q4,49.80219
セコム,2018,Q1,82.276985
セコム,2018,Q2,76.518135
セコム,2018,Q3,86.15981
セコム,2018,Q4,86.838196
セコム,2019,Q1,71.57896
セコム,2019,Q2,85.382935
セコム,2019,Q3,91.010994
セコム,2019,Q4,79.35839
セコム,2020,Q1,79.7023
セコム,2020,Q2,115.29271
セコム,2020,Q3,155.629
セコム,2020,Q4,91.02617
センコーグループホールディング,2018,Q1,16.346159
センコーグループホールディング,2018,Q2,17.746748
センコーグループホールディング,2018,Q3,20.847595
センコーグループホールディング,2018,Q4,14.499574
センコーグループホールディング,2019,Q1,15.520825
センコーグループホールディング,2019,Q2,17.833725
センコーグループホールディング,2019,Q3,24.181175
センコーグループホールディング,2019,Q4,11.392051
センコーグループホールディング,2020,Q1,13.382237
センコーグループホールディング,2020,Q2,15.920926
センコーグループホールディング,2020,Q3,21.07527
センコーグループホールディング,2020,Q4,11.330559
セントケア・ホールディング,2018,Q1,930.2374
セントケア・ホールディング,2018,Q2,932.2473
セントケア・ホールディング,2018,Q3,769.4945
セントケア・ホールディング,2018,Q4,522.1627
セントケア・ホールディング,2019,Q1,506.43777
セントケア・ホールディング,2019,Q2,264.50696
セントケア・ホールディング,2019,Q3,175.58043
セントケア・ホールディング,2019,Q4,381.55325
セントケア・ホールディング,2020,Q1,251.81128
セントケア・ホールディング,2020,Q2,126.68454
セントケア・ホールディング,2020,Q3,65.401115
セントケア・ホールディング,2020,Q4,57.09981
セントラルスポーツ,2018,Q1,44.47631
セントラルスポーツ,2018,Q2,26.120705
セントラルスポーツ,2018,Q3,30.996746
セントラルスポーツ,2018,Q4,35.9812
セントラルスポーツ,2019,Q1,40.735474
セントラルスポーツ,2019,Q2,46.986637
セントラルスポーツ,2019,Q3,39.32928
セントラルスポーツ,2019,Q4,52.967167
セントラルスポーツ,2020,Q1,52.341072
セントラルスポーツ,2020,Q2,102.34473
セントラルスポーツ,2020,Q3,-36.809155
セントラルスポーツ,2020,Q4,28.632318
セントラル硝子,2018,Q1,5.760258
セントラル硝子,2018,Q2,5.8960342
セントラル硝子,2018,Q3,16.974989
セントラル硝子,2018,Q4,13.954173
セントラル硝子,2019,Q1,15.236047
セントラル硝子,2019,Q2,17.351007
セントラル硝子,2019,Q3,24.883078
セントラル硝子,2019,Q4,17.63698
セントラル硝子,2020,Q1,42.367195
セントラル硝子,2020,Q2,19.742773
セントラル硝子,2020,Q3,19.783178
セントラル硝子,2020,Q4,28.310776
セーレン,2018,Q1,29.683014
セーレン,2018,Q2,23.571424
セーレン,2018,Q3,33.835243
セーレン,2018,Q4,26.818285
セーレン,2019,Q1,36.401604
セーレン,2019,Q2,19.337872
セーレン,2019,Q3,39.911366
セーレン,2019,Q4,22.916142
セーレン,2020,Q1,28.077303
セーレン,2020,Q2,28.46456
セーレン,2020,Q3,29.635689
セーレン,2020,Q4,28.302279
ゼビオホールディングス,2018,Q1,39.98813
ゼビオホールディングス,2018,Q2,17.148697
ゼビオホールディングス,2018,Q3,25.870077
ゼビオホールディングス,2018,Q4,-30.067364
ゼビオホールディングス,2019,Q1,46.271145
ゼビオホールディングス,2019,Q2,9.892729
ゼビオホールディングス,2019,Q3,26.124859
ゼビオホールディングス,2019,Q4,-17.892466
ゼビオホールディングス,2020,Q1,33.07985
ゼビオホールディングス,2020,Q2,-20.628803
ゼビオホールディングス,2020,Q3,13.055534
ゼビオホールディングス,2020,Q4,1.6367356
ゼンショーホールディングス,2018,Q1,15.937144
ゼンショーホールディングス,2018,Q2,28.051247
ゼンショーホールディングス,2018,Q3,12.532544
ゼンショーホールディングス,2018,Q4,12.551927
ゼンショーホールディングス,2019,Q1,16.36307
ゼンショーホールディングス,2019,Q2,13.813728
ゼンショーホールディングス,2019,Q3,7.5885153
ゼンショーホールディングス,2019,Q4,-2.9090326
ゼンショーホールディングス,2020,Q1,8.082877
ゼンショーホールディングス,2020,Q2,-11.65296
ゼンショーホールディングス,2020,Q3,20.514668
ゼンショーホールディングス,2020,Q4,-27.616673
ゼンリン,2018,Q1,-10.868934
ゼンリン,2018,Q2,9.110385
ゼンリン,2018,Q3,-1.456959
ゼンリン,2018,Q4,37.991787
ゼンリン,2019,Q1,2.4989142
ゼンリン,2019,Q2,0.57443064
ゼンリン,2019,Q3,8.084816
ゼンリン,2019,Q4,54.02282
ゼンリン,2020,Q1,-9.107971
ゼンリン,2020,Q2,4.0126495
ゼンリン,2020,Q3,3.3901646
ゼンリン,2020,Q4,2.7084527
ソトー,2018,Q1,9.455646
ソトー,2018,Q2,21.438269
ソトー,2018,Q3,2.9485233
ソトー,2018,Q4,6.6869116
ソトー,2019,Q1,11.768797
ソトー,2019,Q2,15.440377
ソトー,2019,Q3,4.37134
ソトー,2019,Q4,0.8253595
ソトー,2020,Q1,12.602567
ソトー,2020,Q2,-6.158581
ソトー,2020,Q3,-0.9797322
ソトー,2020,Q4,1.0509965
ソニーグループ,2018,Q1,21.551733
ソニーグループ,2018,Q2,39.09085
ソニーグループ,2018,Q3,53.43934
ソニーグループ,2018,Q4,-21.878784
ソニーグループ,2019,Q1,62.190712
ソニーグループ,2019,Q2,80.54521
ソニーグループ,2019,Q3,317.74817
ソニーグループ,2019,Q4,174.01544
ソニーグループ,2020,Q1,120.36032
ソニーグループ,2020,Q2,137.63165
ソニーグループ,2020,Q3,124.6598
ソニーグループ,2020,Q4,91.189865
ソネック,2018,Q1,15.655822
ソネック,2018,Q2,18.071943
ソネック,2018,Q3,18.650887
ソネック,2018,Q4,13.175351
ソネック,2019,Q1,18.173332
ソネック,2019,Q2,16.583706
ソネック,2019,Q3,29.04297
ソネック,2019,Q4,20.389135
ソネック,2020,Q1,18.39488
ソネック,2020,Q2,21.948832
ソネック,2020,Q3,20.31561
ソネック,2020,Q4,17.29764
ソフトクリエイトホールディング,2018,Q1,20.065504
ソフトクリエイトホールディング,2018,Q2,19.517212
ソフトクリエイトホールディング,2018,Q3,21.153305
ソフトクリエイトホールディング,2018,Q4,26.600021
ソフトクリエイトホールディング,2019,Q1,27.078476
ソフトクリエイトホールディング,2019,Q2,27.460629
ソフトクリエイトホールディング,2019,Q3,27.396975
ソフトクリエイトホールディング,2019,Q4,25.839663
ソフトクリエイトホールディング,2020,Q1,25.264002
ソフトクリエイトホールディング,2020,Q2,26.894632
ソフトクリエイトホールディング,2020,Q3,18.906965
ソフトクリエイトホールディング,2020,Q4,24.887392
ソースネクスト,2018,Q1,98.70177
ソースネクスト,2018,Q2,2.4859319
ソースネクスト,2018,Q3,21.843594
ソースネクスト,2018,Q4,-11.311441
ソースネクスト,2019,Q1,53.235218
ソースネクスト,2019,Q2,6.998769
ソースネクスト,2019,Q3,30.008009
ソースネクスト,2019,Q4,-41.3892
ソースネクスト,2020,Q1,3.93033
ソースネクスト,2020,Q2,61.36121
ソースネクスト,2020,Q3,31.116156
ソースネクスト,2020,Q4,38.19493
ソーダニッカ,2018,Q1,7.461331
ソーダニッカ,2018,Q2,6.5516458
ソーダニッカ,2018,Q3,7.3623037
ソーダニッカ,2018,Q4,7.737255
ソーダニッカ,2019,Q1,14.692003
ソーダニッカ,2019,Q2,15.186579
ソーダニッカ,2019,Q3,6.731323
ソーダニッカ,2019,Q4,15.20493
ソーダニッカ,2020,Q1,7.298697
ソーダニッカ,2020,Q2,7.7570105
ソーダニッカ,2020,Q3,11.25194
ソーダニッカ,2020,Q4,11.339897
タイガースポリマー,2018,Q1,26.695004
タイガースポリマー,2018,Q2,25.397545
タイガースポリマー,2018,Q3,11.333578
タイガースポリマー,2018,Q4,22.185247
タイガースポリマー,2019,Q1,18.76733
タイガースポリマー,2019,Q2,18.822836
タイガースポリマー,2019,Q3,23.118654
タイガースポリマー,2019,Q4,13.757206
タイガースポリマー,2020,Q1,22.24691
タイガースポリマー,2020,Q2,15.0871935
タイガースポリマー,2020,Q3,9.750348
タイガースポリマー,2020,Q4,11.375534
タカノ,2018,Q1,2.0294673
タカノ,2018,Q2,14.373772
タカノ,2018,Q3,2.4754908
タカノ,2018,Q4,30.230392
タカノ,2019,Q1,9.2197
タカノ,2019,Q2,13.6338005
タカノ,2019,Q3,1.9552119
タカノ,2019,Q4,36.771393
タカノ,2020,Q1,0.69876796
タカノ,2020,Q2,-5.587621
タカノ,2020,Q3,2.431213
タカノ,2020,Q4,5.8159714
タカミヤ,2018,Q1,11.20682
タカミヤ,2018,Q2,11.556521
タカミヤ,2018,Q3,13.1222515
タカミヤ,2018,Q4,16.719309
タカミヤ,2019,Q1,10.010836
タカミヤ,2019,Q2,18.324356
タカミヤ,2019,Q3,9.190419
タカミヤ,2019,Q4,3.988729
タカミヤ,2020,Q1,12.466974
タカミヤ,2020,Q2,6.2868123
タカミヤ,2020,Q3,18.139563
タカミヤ,2020,Q4,12.376781
タカラスタンダード,2018,Q1,30.931812
タカラスタンダード,2018,Q2,15.062013
タカラスタンダード,2018,Q3,33.07823
タカラスタンダード,2018,Q4,4.0904474
タカラスタンダード,2019,Q1,33.5871
タカラスタンダード,2019,Q2,26.174477
タカラスタンダード,2019,Q3,49.953827
タカラスタンダード,2019,Q4,7.798258
タカラスタンダード,2020,Q1,15.556035
タカラスタンダード,2020,Q2,5.6428223
タカラスタンダード,2020,Q3,29.672762
タカラスタンダード,2020,Q4,12.144996
タカラトミー,2018,Q1,15.11449
タカラトミー,2018,Q2,36.58325
タカラトミー,2018,Q3,48.849895
タカラトミー,2018,Q4,-7.7576137
タカラトミー,2019,Q1,10.207674
タカラトミー,2019,Q2,25.464815
タカラトミー,2019,Q3,25.07225
タカラトミー,2019,Q4,-10.311606
タカラトミー,2020,Q1,-22.863256
タカラトミー,2020,Q2,11.2394
タカラトミー,2020,Q3,-9.784944
タカラトミー,2020,Q4,-43.13231
タカラバイオ,2018,Q1,5.589303
タカラバイオ,2018,Q2,13.214455
タカラバイオ,2018,Q3,18.998373
タカラバイオ,2018,Q4,105.9514
タカラバイオ,2019,Q1,17.397947
タカラバイオ,2019,Q2,44.158607
タカラバイオ,2019,Q3,1.2329385
タカラバイオ,2019,Q4,5.099468
タカラバイオ,2020,Q1,9.826938
タカラバイオ,2020,Q2,3.0063028
タカラバイオ,2020,Q3,5.739679
タカラバイオ,2020,Q4,-4.31355
タカラレーベン,2018,Q1,21.951092
タカラレーベン,2018,Q2,-22.909262
タカラレーベン,2018,Q3,22.961056
タカラレーベン,2018,Q4,35.014355
タカラレーベン,2019,Q1,11.019405
タカラレーベン,2019,Q2,30.681112
タカラレーベン,2019,Q3,17.521072
タカラレーベン,2019,Q4,45.5058
タカラレーベン,2020,Q1,6.334215
タカラレーベン,2020,Q2,33.241745
タカラレーベン,2020,Q3,29.196468
タカラレーベン,2020,Q4,-2.9847615
タキロンシーアイ,2018,Q1,10.122506
タキロンシーアイ,2018,Q2,6.2344413
タキロンシーアイ,2018,Q3,13.332211
タキロンシーアイ,2018,Q4,7.8449306
タキロンシーアイ,2019,Q1,7.83592
タキロンシーアイ,2019,Q2,9.165153
タキロンシーアイ,2019,Q3,10.210505
タキロンシーアイ,2019,Q4,53.8248
タキロンシーアイ,2020,Q1,9.478828
タキロンシーアイ,2020,Q2,16.568205
タキロンシーアイ,2020,Q3,68.64033
タキロンシーアイ,2020,Q4,1.1869789
タクマ,2018,Q1,10.906752
タクマ,2018,Q2,35.06631
タクマ,2018,Q3,24.438164
タクマ,2018,Q4,39.827213
タクマ,2019,Q1,12.516716
タクマ,2019,Q2,28.559328
タクマ,2019,Q3,27.995798
タクマ,2019,Q4,41.521122
タクマ,2020,Q1,8.909674
タクマ,2020,Q2,31.11645
タクマ,2020,Q3,33.70552
タクマ,2020,Q4,24.676752
タケエイ,2018,Q1,16.458372
タケエイ,2018,Q2,20.943665
タケエイ,2018,Q3,-8.30128
タケエイ,2018,Q4,23.07024
タケエイ,2019,Q1,2.4277415
タケエイ,2019,Q2,16.922178
タケエイ,2019,Q3,24.766987
タケエイ,2019,Q4,26.406624
タケエイ,2020,Q1,58.424706
タケエイ,2020,Q2,17.54739
タケエイ,2020,Q3,37.750103
タケエイ,2020,Q4,66.65887
タダノ,2018,Q1,23.81943
タダノ,2018,Q2,13.589118
タダノ,2018,Q3,40.137775
タダノ,2018,Q4,14.768679
タダノ,2019,Q1,-2.5597425
タダノ,2019,Q2,28.469685
タダノ,2019,Q3,30.139666
タダノ,2019,Q4,7.136984
タダノ,2020,Q1,28.526917
タダノ,2020,Q2,23.273626
タダノ,2020,Q3,13.944946
タダノ,2020,Q4,-28.604633
タチエス,2018,Q1,11.394418
タチエス,2018,Q2,41.82686
タチエス,2018,Q3,27.301426
タチエス,2018,Q4,22.152855
タチエス,2019,Q1,62.07495
タチエス,2019,Q2,36.144283
タチエス,2019,Q3,19.982626
タチエス,2019,Q4,0.72884506
タチエス,2020,Q1,-2.074246
タチエス,2020,Q2,9.318496
タチエス,2020,Q3,-81.4587
タチエス,2020,Q4,-62.64619
タツタ電線,2018,Q1,10.3410015
タツタ電線,2018,Q2,10.136463
タツタ電線,2018,Q3,14.083394
タツタ電線,2018,Q4,13.628705
タツタ電線,2019,Q1,15.179895
タツタ電線,2019,Q2,14.665887
タツタ電線,2019,Q3,10.036119
タツタ電線,2019,Q4,14.924826
タツタ電線,2020,Q1,15.105071
タツタ電線,2020,Q2,16.557386
タツタ電線,2020,Q3,10.676568
タツタ電線,2020,Q4,10.223111
タナベ経営,2018,Q1,20.313828
タナベ経営,2018,Q2,17.190739
タナベ経営,2018,Q3,36.60377
タナベ経営,2018,Q4,17.112356
タナベ経営,2019,Q1,23.001831
タナベ経営,2019,Q2,21.014948
タナベ経営,2019,Q3,38.45619
タナベ経営,2019,Q4,14.620814
タナベ経営,2020,Q1,19.28019
タナベ経営,2020,Q2,20.609621
タナベ経営,2020,Q3,33.622093
タナベ経営,2020,Q4,26.282442
タムラ製作所,2018,Q1,7.9093637
タムラ製作所,2018,Q2,6.0894136
タムラ製作所,2018,Q3,1.1297516
タムラ製作所,2018,Q4,15.202487
タムラ製作所,2019,Q1,6.9874744
タムラ製作所,2019,Q2,11.832164
タムラ製作所,2019,Q3,12.972759
タムラ製作所,2019,Q4,13.143187
タムラ製作所,2020,Q1,8.387332
タムラ製作所,2020,Q2,8.907432
タムラ製作所,2020,Q3,1.1387212
タムラ製作所,2020,Q4,0.059744142
ダイオーズ,2018,Q1,17.912212
ダイオーズ,2018,Q2,15.075599
ダイオーズ,2018,Q3,18.98694
ダイオーズ,2018,Q4,17.946821
ダイオーズ,2019,Q1,26.436874
ダイオーズ,2019,Q2,26.983839
ダイオーズ,2019,Q3,13.290275
ダイオーズ,2019,Q4,18.530664
ダイオーズ,2020,Q1,18.375055
ダイオーズ,2020,Q2,20.114254
ダイオーズ,2020,Q3,-31.105108
ダイオーズ,2020,Q4,2.3420138
ダイキン工業,2018,Q1,94.677284
ダイキン工業,2018,Q2,114.8759
ダイキン工業,2018,Q3,110.06674
ダイキン工業,2018,Q4,97.01146
ダイキン工業,2019,Q1,99.28202
ダイキン工業,2019,Q2,105.76238
ダイキン工業,2019,Q3,136.04231
ダイキン工業,2019,Q4,98.93752
ダイキン工業,2020,Q1,86.53453
ダイキン工業,2020,Q2,127.03087
ダイキン工業,2020,Q3,118.18189
ダイキン工業,2020,Q4,185.98123
ダイコク電機,2018,Q1,1.552861
ダイコク電機,2018,Q2,34.90007
ダイコク電機,2018,Q3,94.68584
ダイコク電機,2018,Q4,-44.038643
ダイコク電機,2019,Q1,43.200504
ダイコク電機,2019,Q2,-18.979439
ダイコク電機,2019,Q3,124.48289
ダイコク電機,2019,Q4,20.622108
ダイコク電機,2020,Q1,77.152756
ダイコク電機,2020,Q2,22.968584
ダイコク電機,2020,Q3,68.67601
ダイコク電機,2020,Q4,-10.018681
ダイジェット工業,2018,Q1,11.429098
ダイジェット工業,2018,Q2,-3.1703682
ダイジェット工業,2018,Q3,33.06773
ダイジェット工業,2018,Q4,30.409126
ダイジェット工業,2019,Q1,6.473272
ダイジェット工業,2019,Q2,37.183807
ダイジェット工業,2019,Q3,-8.982861
ダイジェット工業,2019,Q4,22.216515
ダイジェット工業,2020,Q1,6.9670067
ダイジェット工業,2020,Q2,15.219961
ダイジェット工業,2020,Q3,-59.471542
ダイジェット工業,2020,Q4,-71.837776
ダイセル,2018,Q1,28.008846
ダイセル,2018,Q2,27.14656
ダイセル,2018,Q3,29.974447
ダイセル,2018,Q4,28.355085
ダイセル,2019,Q1,17.935497
ダイセル,2019,Q2,18.260382
ダイセル,2019,Q3,18.398054
ダイセル,2019,Q4,20.114662
ダイセル,2020,Q1,11.857471
ダイセル,2020,Q2,10.860272
ダイセル,2020,Q3,11.464352
ダイセル,2020,Q4,21.688358
ダイダン,2018,Q1,11.644806
ダイダン,2018,Q2,18.738096
ダイダン,2018,Q3,65.329636
ダイダン,2018,Q4,28.380157
ダイダン,2019,Q1,29.286568
ダイダン,2019,Q2,38.214577
ダイダン,2019,Q3,44.52
ダイダン,2019,Q4,44.552135
ダイダン,2020,Q1,34.416878
ダイダン,2020,Q2,42.88413
ダイダン,2020,Q3,58.42962
ダイダン,2020,Q4,51.56796
ダイトウボウ,2018,Q1,2.675828
ダイトウボウ,2018,Q2,0.31150475
ダイトウボウ,2018,Q3,-4.1208353
ダイトウボウ,2018,Q4,-7.7607
ダイトウボウ,2019,Q1,3.7545245
ダイトウボウ,2019,Q2,3.0486937
ダイトウボウ,2019,Q3,-0.9124152
ダイトウボウ,2019,Q4,-3.806377
ダイトウボウ,2020,Q1,1.7370504
ダイトウボウ,2020,Q2,0.32260782
ダイトウボウ,2020,Q3,-0.8607453
ダイトウボウ,2020,Q4,-0.06457627
ダイドーリミテッド,2018,Q1,5.565272
ダイドーリミテッド,2018,Q2,0.33748043
ダイドーリミテッド,2018,Q3,-3.2185163
ダイドーリミテッド,2018,Q4,8.344571
ダイドーリミテッド,2019,Q1,-9.892078
ダイドーリミテッド,2019,Q2,-3.3146152
ダイドーリミテッド,2019,Q3,-11.384551
ダイドーリミテッド,2019,Q4,-27.42706
ダイドーリミテッド,2020,Q1,-3.988783
ダイドーリミテッド,2020,Q2,-7.5659056
ダイドーリミテッド,2020,Q3,11.73032
ダイドーリミテッド,2020,Q4,-7.057092
ダイニチ工業,2018,Q1,-26.964384
ダイニチ工業,2018,Q2,13.973118
ダイニチ工業,2018,Q3,82.66152
ダイニチ工業,2018,Q4,-15.400579
ダイニチ工業,2019,Q1,-31.3048
ダイニチ工業,2019,Q2,18.313183
ダイニチ工業,2019,Q3,73.70308
ダイニチ工業,2019,Q4,-44.049423
ダイニチ工業,2020,Q1,-32.58745
ダイニチ工業,2020,Q2,18.946468
ダイニチ工業,2020,Q3,93.4957
ダイニチ工業,2020,Q4,-49.69379
ダイニック,2018,Q1,9.479773
ダイニック,2018,Q2,6.1191235
ダイニック,2018,Q3,8.777189
ダイニック,2018,Q4,7.8934298
ダイニック,2019,Q1,42.27175
ダイニック,2019,Q2,8.622719
ダイニック,2019,Q3,12.067737
ダイニック,2019,Q4,-1.4675535
ダイニック,2020,Q1,15.6821575
ダイニック,2020,Q2,14.660227
ダイニック,2020,Q3,-3.5716684
ダイニック,2020,Q4,34.57198
ダイビル,2018,Q1,10.802817
ダイビル,2018,Q2,13.386351
ダイビル,2018,Q3,13.101674
ダイビル,2018,Q4,11.482536
ダイビル,2019,Q1,9.799183
ダイビル,2019,Q2,20.71307
ダイビル,2019,Q3,14.395183
ダイビル,2019,Q4,14.830067
ダイビル,2020,Q1,18.623934
ダイビル,2020,Q2,13.5576
ダイビル,2020,Q3,20.01058
ダイビル,2020,Q4,14.978796
ダイフク,2018,Q1,47.57293
ダイフク,2018,Q2,46.6
ダイフク,2018,Q3,52.53125
ダイフク,2018,Q4,51.219185
ダイフク,2019,Q1,35.252495
ダイフク,2019,Q2,41.76065
ダイフク,2019,Q3,45.169373
ダイフク,2019,Q4,45.9014
ダイフク,2020,Q1,39.9944
ダイフク,2020,Q2,51.270485
ダイフク,2020,Q3,54.387638
ダイフク,2020,Q4,66.75086
ダイヘン,2018,Q1,5.5908914
ダイヘン,2018,Q2,11.7211685
ダイヘン,2018,Q3,12.672105
ダイヘン,2018,Q4,8.901343
ダイヘン,2019,Q1,40.26624
ダイヘン,2019,Q2,24.979834
ダイヘン,2019,Q3,10.901315
ダイヘン,2019,Q4,28.8776
ダイヘン,2020,Q1,56.729847
ダイヘン,2020,Q2,53.79887
ダイヘン,2020,Q3,22.891624
ダイヘン,2020,Q4,32.279556
ダイワボウホールディングス,2018,Q1,80.757545
ダイワボウホールディングス,2018,Q2,33.968002
ダイワボウホールディングス,2018,Q3,108.95379
ダイワボウホールディングス,2018,Q4,46.63739
ダイワボウホールディングス,2019,Q1,65.97298
ダイワボウホールディングス,2019,Q2,-2.5024517
ダイワボウホールディングス,2019,Q3,53.922924
ダイワボウホールディングス,2019,Q4,-7.3299084
ダイワボウホールディングス,2020,Q1,-3.8983467
ダイワボウホールディングス,2020,Q2,100.036865
ダイワボウホールディングス,2020,Q3,98.74097
ダイワボウホールディングス,2020,Q4,71.82635
ダスキン,2018,Q1,20.162075
ダスキン,2018,Q2,25.0979
ダスキン,2018,Q3,42.368046
ダスキン,2018,Q4,8.50419
ダスキン,2019,Q1,18.034136
ダスキン,2019,Q2,24.206104
ダスキン,2019,Q3,18.833733
ダスキン,2019,Q4,-5.0153613
ダスキン,2020,Q1,18.85648
ダスキン,2020,Q2,43.17971
ダスキン,2020,Q3,28.604307
ダスキン,2020,Q4,18.943762
チノー,2018,Q1,-14.026318
チノー,2018,Q2,17.979856
チノー,2018,Q3,19.779083
チノー,2018,Q4,36.292812
チノー,2019,Q1,-7.245295
チノー,2019,Q2,20.871664
チノー,2019,Q3,20.505905
チノー,2019,Q4,49.934566
チノー,2020,Q1,2.787821
チノー,2020,Q2,3.9045727
チノー,2020,Q3,14.723354
チノー,2020,Q4,-2.1285307
ツカモトコーポレーション,2018,Q1,2.345921
ツカモトコーポレーション,2018,Q2,5.4484587
ツカモトコーポレーション,2018,Q3,7.9537487
ツカモトコーポレーション,2018,Q4,8.326445
ツカモトコーポレーション,2019,Q1,-14.54052
ツカモトコーポレーション,2019,Q2,44.45772
ツカモトコーポレーション,2019,Q3,-20.092428
ツカモトコーポレーション,2019,Q4,57.276707
ツカモトコーポレーション,2020,Q1,-20.799923
ツカモトコーポレーション,2020,Q2,68.408035
ツカモトコーポレーション,2020,Q3,-0.19112483
ツカモトコーポレーション,2020,Q4,41.23873
ツガミ,2018,Q1,10.649849
ツガミ,2018,Q2,20.43838
ツガミ,2018,Q3,20.61924
ツガミ,2018,Q4,27.165802
ツガミ,2019,Q1,38.21656
ツガミ,2019,Q2,5.121448
ツガミ,2019,Q3,7.4279833
ツガミ,2019,Q4,0.59254414
ツガミ,2020,Q1,5.3045845
ツガミ,2020,Q2,18.524736
ツガミ,2020,Q3,20.966003
ツガミ,2020,Q4,7.2618456
ツツミ,2018,Q1,1.0174415
ツツミ,2018,Q2,6.237859
ツツミ,2018,Q3,19.915493
ツツミ,2018,Q4,9.622421
ツツミ,2019,Q1,5.553939
ツツミ,2019,Q2,29.317799
ツツミ,2019,Q3,-85.71015
ツツミ,2019,Q4,8.8435335
ツツミ,2020,Q1,7.362583
ツツミ,2020,Q2,15.5889
ツツミ,2020,Q3,-9.933786
ツツミ,2020,Q4,-10.360872
ツムラ,2018,Q1,38.73922
ツムラ,2018,Q2,40.507545
ツムラ,2018,Q3,41.417442
ツムラ,2018,Q4,41.173622
ツムラ,2019,Q1,39.514053
ツムラ,2019,Q2,39.911785
ツムラ,2019,Q3,75.929756
ツムラ,2019,Q4,74.09192
ツムラ,2020,Q1,43.29424
ツムラ,2020,Q2,40.840508
ツムラ,2020,Q3,44.865425
ツムラ,2020,Q4,39.744293
ティアック,2018,Q1,-5.201378
ティアック,2018,Q2,2.4446585
ティアック,2018,Q3,-0.45316666
ティアック,2018,Q4,5.8699026
ティアック,2019,Q1,7.8016396
ティアック,2019,Q2,-4.6445165
ティアック,2019,Q3,-8.437802
ティアック,2019,Q4,-7.5021214
ティアック,2020,Q1,-9.612854
ティアック,2020,Q2,5.638108
ティアック,2020,Q3,-1.7465187
ティアック,2020,Q4,23.544817
ティーガイア,2018,Q1,1565.1791
ティーガイア,2018,Q2,1479.9625
ティーガイア,2018,Q3,1369.7637
ティーガイア,2018,Q4,1306.672
ティーガイア,2019,Q1,1173.0404
ティーガイア,2019,Q2,1074.693
ティーガイア,2019,Q3,992.6248
ティーガイア,2019,Q4,904.89343
ティーガイア,2020,Q1,783.1602
ティーガイア,2020,Q2,659.80634
ティーガイア,2020,Q3,552.02026
ティーガイア,2020,Q4,484.43942
テイカ,2018,Q1,13.23285
テイカ,2018,Q2,19.971464
テイカ,2018,Q3,20.776028
テイカ,2018,Q4,20.170116
テイカ,2019,Q1,34.323196
テイカ,2019,Q2,43.245
テイカ,2019,Q3,46.54931
テイカ,2019,Q4,41.94383
テイカ,2020,Q1,47.71763
テイカ,2020,Q2,42.09684
テイカ,2020,Q3,22.712418
テイカ,2020,Q4,22.96235
テイクアンドギヴ・ニーズ,2018,Q1,-56.859627
テイクアンドギヴ・ニーズ,2018,Q2,-44.92863
テイクアンドギヴ・ニーズ,2018,Q3,28.89041
テイクアンドギヴ・ニーズ,2018,Q4,-28.202608
テイクアンドギヴ・ニーズ,2019,Q1,2.075716
テイクアンドギヴ・ニーズ,2019,Q2,96.625145
テイクアンドギヴ・ニーズ,2019,Q3,77.39023
テイクアンドギヴ・ニーズ,2019,Q4,12.671636
テイクアンドギヴ・ニーズ,2020,Q1,132.33209
テイクアンドギヴ・ニーズ,2020,Q2,71.60435
テイクアンドギヴ・ニーズ,2020,Q3,91.0353
テイクアンドギヴ・ニーズ,2020,Q4,-24.498707
テイ・エス　テック,2018,Q1,81.57573
テイ・エス　テック,2018,Q2,78.685104
テイ・エス　テック,2018,Q3,78.52402
テイ・エス　テック,2018,Q4,77.972176
テイ・エス　テック,2019,Q1,81.503105
テイ・エス　テック,2019,Q2,82.44606
テイ・エス　テック,2019,Q3,78.710434
テイ・エス　テック,2019,Q4,84.393745
テイ・エス　テック,2020,Q1,16.406946
テイ・エス　テック,2020,Q2,15.852057
テイ・エス　テック,2020,Q3,9.284868
テイ・エス　テック,2020,Q4,53.227627
テクノメディカ,2018,Q1,3588.57
テクノメディカ,2018,Q2,2866.3552
テクノメディカ,2018,Q3,2669.639
テクノメディカ,2018,Q4,3199.7458
テクノメディカ,2019,Q1,2066.289
テクノメディカ,2019,Q2,1726.0054
テクノメディカ,2019,Q3,1555.028
テクノメディカ,2019,Q4,1648.8638
テクノメディカ,2020,Q1,2034.623
テクノメディカ,2020,Q2,744.0719
テクノメディカ,2020,Q3,834.75854
テクノメディカ,2020,Q4,690.27905
テクマトリックス,2018,Q1,470.29214
テクマトリックス,2018,Q2,677.0905
テクマトリックス,2018,Q3,520.902
テクマトリックス,2018,Q4,317.95853
テクマトリックス,2019,Q1,484.65747
テクマトリックス,2019,Q2,597.7589
テクマトリックス,2019,Q3,477.49857
テクマトリックス,2019,Q4,371.42526
テクマトリックス,2020,Q1,323.12646
テクマトリックス,2020,Q2,479.06
テクマトリックス,2020,Q3,72.95937
テクマトリックス,2020,Q4,69.80182
テルモ,2018,Q1,24.400331
テルモ,2018,Q2,44.773384
テルモ,2018,Q3,21.697857
テルモ,2018,Q4,57.057453
テルモ,2019,Q1,47.83197
テルモ,2019,Q2,40.326424
テルモ,2019,Q3,36.98283
テルモ,2019,Q4,26.578321
テルモ,2020,Q1,28.295656
テルモ,2020,Q2,25.815071
テルモ,2020,Q3,26.37456
テルモ,2020,Q4,36.0681
テレビ朝日ホールディングス,2018,Q1,693.02264
テレビ朝日ホールディングス,2018,Q2,222.38295
テレビ朝日ホールディングス,2018,Q3,535.32275
テレビ朝日ホールディングス,2018,Q4,299.99228
テレビ朝日ホールディングス,2019,Q1,532.71936
テレビ朝日ホールディングス,2019,Q2,402.23807
テレビ朝日ホールディングス,2019,Q3,482.17212
テレビ朝日ホールディングス,2019,Q4,316.93628
テレビ朝日ホールディングス,2020,Q1,327.71088
テレビ朝日ホールディングス,2020,Q2,256.0367
テレビ朝日ホールディングス,2020,Q3,263.10406
テレビ朝日ホールディングス,2020,Q4,83.22453
テンアライド,2018,Q1,2.9953995
テンアライド,2018,Q2,-3.655996
テンアライド,2018,Q3,13.843465
テンアライド,2018,Q4,-3.460888
テンアライド,2019,Q1,16.809797
テンアライド,2019,Q2,-2.0133471
テンアライド,2019,Q3,4.810903
テンアライド,2019,Q4,-9.099023
テンアライド,2020,Q1,-12.589999
テンアライド,2020,Q2,-39.136765
テンアライド,2020,Q3,-1.2530049
テンアライド,2020,Q4,-3.0623715
テーオーシー,2018,Q1,4.3962293
テーオーシー,2018,Q2,89.68341
テーオーシー,2018,Q3,122.83387
テーオーシー,2018,Q4,7.8279533
テーオーシー,2019,Q1,98.233116
テーオーシー,2019,Q2,0.12329478
テーオーシー,2019,Q3,63.022312
テーオーシー,2019,Q4,103.81911
テーオーシー,2020,Q1,93.51871
テーオーシー,2020,Q2,45.866917
テーオーシー,2020,Q3,-10.024127
テーオーシー,2020,Q4,-6.247198
ディスコ,2018,Q1,150.94827
ディスコ,2018,Q2,167.71686
ディスコ,2018,Q3,162.15958
ディスコ,2018,Q4,150.31525
ディスコ,2019,Q1,158.7655
ディスコ,2019,Q2,87.27914
ディスコ,2019,Q3,117.219154
ディスコ,2019,Q4,159.64589
ディスコ,2020,Q1,164.7461
ディスコ,2020,Q2,179.63441
ディスコ,2020,Q3,186.31633
ディスコ,2020,Q4,194.51479
ディーブイエックス,2018,Q1,52.11285
ディーブイエックス,2018,Q2,48.309155
ディーブイエックス,2018,Q3,46.603992
ディーブイエックス,2018,Q4,47.383854
ディーブイエックス,2019,Q1,46.395077
ディーブイエックス,2019,Q2,42.549484
ディーブイエックス,2019,Q3,45.125935
ディーブイエックス,2019,Q4,41.28155
ディーブイエックス,2020,Q1,26.636457
ディーブイエックス,2020,Q2,23.402777
ディーブイエックス,2020,Q3,27.29072
ディーブイエックス,2020,Q4,15.535916
デサント,2018,Q1,14.83096
デサント,2018,Q2,24.191174
デサント,2018,Q3,22.442541
デサント,2018,Q4,27.9222
デサント,2019,Q1,15.454376
デサント,2019,Q2,20.51102
デサント,2019,Q3,24.553837
デサント,2019,Q4,20.22072
デサント,2020,Q1,-35.580406
デサント,2020,Q2,-20.850069
デサント,2020,Q3,-10.873778
デサント,2020,Q4,7.743788
デリカフーズホールディングス,2018,Q1,379.4917
デリカフーズホールディングス,2018,Q2,457.7925
デリカフーズホールディングス,2018,Q3,221.73306
デリカフーズホールディングス,2018,Q4,158.26918
デリカフーズホールディングス,2019,Q1,327.39386
デリカフーズホールディングス,2019,Q2,360.76587
デリカフーズホールディングス,2019,Q3,49.065456
デリカフーズホールディングス,2019,Q4,43.219418
デリカフーズホールディングス,2020,Q1,353.0352
デリカフーズホールディングス,2020,Q2,33.962505
デリカフーズホールディングス,2020,Q3,-123.482346
デリカフーズホールディングス,2020,Q4,-7.4767566
デンカ,2018,Q1,52.016834
デンカ,2018,Q2,9.589974
デンカ,2018,Q3,98.268074
デンカ,2018,Q4,35.10822
デンカ,2019,Q1,69.69387
デンカ,2019,Q2,72.19481
デンカ,2019,Q3,30.364538
デンカ,2019,Q4,25.855982
デンカ,2020,Q1,28.585861
デンカ,2020,Q2,64.01121
デンカ,2020,Q3,65.87093
デンカ,2020,Q4,71.17733
デンソー,2018,Q1,80.656525
デンソー,2018,Q2,72.13304
デンソー,2018,Q3,103.64276
デンソー,2018,Q4,92.45932
デンソー,2019,Q1,99.96383
デンソー,2019,Q2,111.23202
デンソー,2019,Q3,108.01145
デンソー,2019,Q4,77.939545
デンソー,2020,Q1,67.80826
デンソー,2020,Q2,-92.21181
デンソー,2020,Q3,59.82958
デンソー,2020,Q4,199.43248
デンヨー,2018,Q1,22.408495
デンヨー,2018,Q2,33.739944
デンヨー,2018,Q3,42.61164
デンヨー,2018,Q4,33.33488
デンヨー,2019,Q1,30.9143
デンヨー,2019,Q2,39.018192
デンヨー,2019,Q3,27.01118
デンヨー,2019,Q4,40.74792
デンヨー,2020,Q1,28.448315
デンヨー,2020,Q2,29.312017
デンヨー,2020,Q3,31.474655
デンヨー,2020,Q4,62.631054
トクヤマ,2018,Q1,3.8693662
トクヤマ,2018,Q2,-12.757627
トクヤマ,2018,Q3,-104.39469
トクヤマ,2018,Q4,36.11622
トクヤマ,2019,Q1,-10.432459
トクヤマ,2019,Q2,62.15411
トクヤマ,2019,Q3,-0.9133398
トクヤマ,2019,Q4,85.84506
トクヤマ,2020,Q1,152.66818
トクヤマ,2020,Q2,13.326812
トクヤマ,2020,Q3,62.480515
トクヤマ,2020,Q4,10.479959
トッパン・フォームズ,2018,Q1,20.60397
トッパン・フォームズ,2018,Q2,12.351129
トッパン・フォームズ,2018,Q3,19.687075
トッパン・フォームズ,2018,Q4,19.18635
トッパン・フォームズ,2019,Q1,19.343904
トッパン・フォームズ,2019,Q2,11.744183
トッパン・フォームズ,2019,Q3,11.437267
トッパン・フォームズ,2019,Q4,12.274625
トッパン・フォームズ,2020,Q1,14.541518
トッパン・フォームズ,2020,Q2,15.073355
トッパン・フォームズ,2020,Q3,7.2719803
トッパン・フォームズ,2020,Q4,4.960889
トナミホールディングス,2018,Q1,8.286404
トナミホールディングス,2018,Q2,11.363384
トナミホールディングス,2018,Q3,86.982544
トナミホールディングス,2018,Q4,54.42945
トナミホールディングス,2019,Q1,39.418533
トナミホールディングス,2019,Q2,73.56615
トナミホールディングス,2019,Q3,47.411304
トナミホールディングス,2019,Q4,34.090282
トナミホールディングス,2020,Q1,72.877205
トナミホールディングス,2020,Q2,82.95667
トナミホールディングス,2020,Q3,133.04445
トナミホールディングス,2020,Q4,107.88938
トピー工業,2018,Q1,40.654987
トピー工業,2018,Q2,57.69182
トピー工業,2018,Q3,70.985794
トピー工業,2018,Q4,31.82222
トピー工業,2019,Q1,34.445526
トピー工業,2019,Q2,36.084595
トピー工業,2019,Q3,98.55594
トピー工業,2019,Q4,49.325577
トピー工業,2020,Q1,-32.89962
トピー工業,2020,Q2,-97.45603
トピー工業,2020,Q3,-100.25068
トピー工業,2020,Q4,148.2188
トプコン,2018,Q1,14.230614
トプコン,2018,Q2,23.399097
トプコン,2018,Q3,-1.5336766
トプコン,2018,Q4,35.610165
トプコン,2019,Q1,7.806321
トプコン,2019,Q2,17.714193
トプコン,2019,Q3,-8.209441
トプコン,2019,Q4,24.945837
トプコン,2020,Q1,-3.3006358
トプコン,2020,Q2,10.498863
トプコン,2020,Q3,-5.5113187
トプコン,2020,Q4,7.408684
トヨタ紡織,2018,Q1,35.14776
トヨタ紡織,2018,Q2,15.248695
トヨタ紡織,2018,Q3,4.854209
トヨタ紡織,2018,Q4,56.590588
トヨタ紡織,2019,Q1,35.6865
トヨタ紡織,2019,Q2,24.969574
トヨタ紡織,2019,Q3,37.74405
トヨタ紡織,2019,Q4,39.2015
トヨタ紡織,2020,Q1,45.62026
トヨタ紡織,2020,Q2,72.214005
トヨタ紡織,2020,Q3,25.223162
トヨタ紡織,2020,Q4,64.51355
トヨタ自動車,2018,Q1,144.07507
トヨタ自動車,2018,Q2,126.81777
トヨタ自動車,2018,Q3,152.41115
トヨタ自動車,2018,Q4,140.28227
トヨタ自動車,2019,Q1,205.37505
トヨタ自動車,2019,Q2,127.55748
トヨタ自動車,2019,Q3,140.1456
トヨタ自動車,2019,Q4,135.66652
トヨタ自動車,2020,Q1,157.04198
トヨタ自動車,2020,Q2,133.28119
トヨタ自動車,2020,Q3,119.367805
トヨタ自動車,2020,Q4,212.95505
トランコム,2018,Q1,53.54885
トランコム,2018,Q2,55.01984
トランコム,2018,Q3,52.991016
トランコム,2018,Q4,69.365746
トランコム,2019,Q1,69.13054
トランコム,2019,Q2,76.70993
トランコム,2019,Q3,60.821754
トランコム,2019,Q4,106.35748
トランコム,2020,Q1,61.837383
トランコム,2020,Q2,103.250824
トランコム,2020,Q3,66.70816
トランコム,2020,Q4,87.53416
トランスコスモス,2018,Q1,20.842077
トランスコスモス,2018,Q2,17.288805
トランスコスモス,2018,Q3,21.563614
トランスコスモス,2018,Q4,27.200157
トランスコスモス,2019,Q1,6.7187204
トランスコスモス,2019,Q2,26.599344
トランスコスモス,2019,Q3,-24.277636
トランスコスモス,2019,Q4,-8.169048
トランスコスモス,2020,Q1,14.098492
トランスコスモス,2020,Q2,28.549006
トランスコスモス,2020,Q3,58.3033
トランスコスモス,2020,Q4,21.933252
トーエネック,2018,Q1,31.59641
トーエネック,2018,Q2,3.5371518
トーエネック,2018,Q3,48.678406
トーエネック,2018,Q4,24.845379
トーエネック,2019,Q1,31.285753
トーエネック,2019,Q2,34.8738
トーエネック,2019,Q3,51.74962
トーエネック,2019,Q4,44.364525
トーエネック,2020,Q1,66.54275
トーエネック,2020,Q2,37.469185
トーエネック,2020,Q3,57.806263
トーエネック,2020,Q4,67.646194
トーカイ,2018,Q1,87.43536
トーカイ,2018,Q2,63.90593
トーカイ,2018,Q3,47.020844
トーカイ,2018,Q4,49.22881
トーカイ,2019,Q1,47.203434
トーカイ,2019,Q2,48.50777
トーカイ,2019,Q3,52.355335
トーカイ,2019,Q4,49.053307
トーカイ,2020,Q1,49.084698
トーカイ,2020,Q2,43.50851
トーカイ,2020,Q3,79.32494
トーカイ,2020,Q4,49.42533
トーカロ,2018,Q1,43.821056
トーカロ,2018,Q2,34.996574
トーカロ,2018,Q3,36.67702
トーカロ,2018,Q4,37.905903
トーカロ,2019,Q1,53.331913
トーカロ,2019,Q2,53.16399
トーカロ,2019,Q3,58.08888
トーカロ,2019,Q4,53.520058
トーカロ,2020,Q1,52.25535
トーカロ,2020,Q2,55.861023
トーカロ,2020,Q3,52.962852
トーカロ,2020,Q4,32.385216
トーメンデバイス,2018,Q1,51.69509
トーメンデバイス,2018,Q2,63.32595
トーメンデバイス,2018,Q3,57.35904
トーメンデバイス,2018,Q4,63.631298
トーメンデバイス,2019,Q1,68.784065
トーメンデバイス,2019,Q2,61.203033
トーメンデバイス,2019,Q3,51.303745
トーメンデバイス,2019,Q4,61.121155
トーメンデバイス,2020,Q1,56.35342
トーメンデバイス,2020,Q2,73.000565
トーメンデバイス,2020,Q3,68.02212
トーメンデバイス,2020,Q4,68.17743
トーモク,2018,Q1,-1.0214643
トーモク,2018,Q2,58.944096
トーモク,2018,Q3,26.05073
トーモク,2018,Q4,6.8601375
トーモク,2019,Q1,25.761232
トーモク,2019,Q2,27.37422
トーモク,2019,Q3,45.93545
トーモク,2019,Q4,73.88305
トーモク,2020,Q1,-5.1196513
トーモク,2020,Q2,23.344234
トーモク,2020,Q3,75.43295
トーモク,2020,Q4,7.677436
トーヨーカネツ,2018,Q1,11.941926
トーヨーカネツ,2018,Q2,20.390482
トーヨーカネツ,2018,Q3,10.101305
トーヨーカネツ,2018,Q4,15.745161
トーヨーカネツ,2019,Q1,-5.198127
トーヨーカネツ,2019,Q2,12.007142
トーヨーカネツ,2019,Q3,12.131184
トーヨーカネツ,2019,Q4,58.95499
トーヨーカネツ,2020,Q1,14.77529
トーヨーカネツ,2020,Q2,19.72268
トーヨーカネツ,2020,Q3,27.823395
トーヨーカネツ,2020,Q4,25.461609
ドウシシャ,2018,Q1,44.716103
ドウシシャ,2018,Q2,41.370632
ドウシシャ,2018,Q3,57.80513
ドウシシャ,2018,Q4,16.462355
ドウシシャ,2019,Q1,51.51187
ドウシシャ,2019,Q2,20.122068
ドウシシャ,2019,Q3,35.74451
ドウシシャ,2019,Q4,23.562624
ドウシシャ,2020,Q1,49.391144
ドウシシャ,2020,Q2,21.546717
ドウシシャ,2020,Q3,71.85948
ドウシシャ,2020,Q4,22.794956
ナイス,2018,Q1,23.30379
ナイス,2018,Q2,-9.905406
ナイス,2018,Q3,-54.226406
ナイス,2018,Q4,-9.3927555
ナイス,2019,Q1,1.3008494
ナイス,2019,Q2,10.8392
ナイス,2019,Q3,-13.567337
ナイス,2019,Q4,43.875004
ナイス,2020,Q1,143.82451
ナイス,2020,Q2,15.067313
ナイス,2020,Q3,63.463974
ナイス,2020,Q4,-13.061607
ナカノフドー建設,2018,Q1,26.007093
ナカノフドー建設,2018,Q2,37.20827
ナカノフドー建設,2018,Q3,47.674576
ナカノフドー建設,2018,Q4,25.831005
ナカノフドー建設,2019,Q1,11.574822
ナカノフドー建設,2019,Q2,17.850096
ナカノフドー建設,2019,Q3,6.460618
ナカノフドー建設,2019,Q4,20.526485
ナカノフドー建設,2020,Q1,18.222958
ナカノフドー建設,2020,Q2,29.464247
ナカノフドー建設,2020,Q3,26.753086
ナカノフドー建設,2020,Q4,-0.5216443
ナカバヤシ,2018,Q1,1.0114784
ナカバヤシ,2018,Q2,6.543653
ナカバヤシ,2018,Q3,16.306864
ナカバヤシ,2018,Q4,15.922723
ナカバヤシ,2019,Q1,17.74207
ナカバヤシ,2019,Q2,4.6589503
ナカバヤシ,2019,Q3,10.236334
ナカバヤシ,2019,Q4,18.433937
ナカバヤシ,2020,Q1,4.8640475
ナカバヤシ,2020,Q2,8.805465
ナカバヤシ,2020,Q3,20.328085
ナカバヤシ,2020,Q4,27.398205
