企業名,会計年度,四半期,y_hat_ibes_comb_mml
いすゞ自動車,2018,Q1,35.44880387748616
いすゞ自動車,2018,Q2,31.671734736142145
いすゞ自動車,2018,Q3,42.08117306058031
いすゞ自動車,2018,Q4,35.95370306317413
いすゞ自動車,2019,Q1,44.293011260636604
いすゞ自動車,2019,Q2,27.930744271592108
いすゞ自動車,2019,Q3,37.0477060134561
いすゞ自動車,2019,Q4,23.8180249491171
いすゞ自動車,2020,Q1,19.97727937118329
いすゞ自動車,2020,Q2,17.839655146359583
いすゞ自動車,2020,Q3,36.39378927311898
いすゞ自動車,2020,Q4,27.573715411905287
アイシン,2018,Q1,158.48498269390177
アイシン,2018,Q2,74.4588995871552
アイシン,2018,Q3,120.0132279810565
アイシン,2018,Q4,120.46894925147906
アイシン,2019,Q1,112.68914544661112
アイシン,2019,Q2,33.74791871303129
アイシン,2019,Q3,64.89098848309334
アイシン,2019,Q4,39.51375370567465
アイシン,2020,Q1,-79.39025349026612
アイシン,2020,Q2,19.97444084608968
アイシン,2020,Q3,145.25948479886017
アイシン,2020,Q4,105.04003198514089
アステラス製薬,2018,Q1,28.305896209050292
アステラス製薬,2018,Q2,26.325650142873528
アステラス製薬,2018,Q3,30.61971677557048
アステラス製薬,2018,Q4,16.64470346133611
アステラス製薬,2019,Q1,31.34308765172267
アステラス製薬,2019,Q2,25.787596084211703
アステラス製薬,2019,Q3,31.011009752079755
アステラス製薬,2019,Q4,19.506355431212697
アステラス製薬,2020,Q1,27.61701926605588
アステラス製薬,2020,Q2,32.902768076577814
アステラス製薬,2020,Q3,32.72544371050791
アステラス製薬,2020,Q4,16.326640047435777
アズビル,2018,Q1,19.24042229501163
アズビル,2018,Q2,45.43757429782827
アズビル,2018,Q3,16.03103304841821
アズビル,2018,Q4,82.13900700114858
アズビル,2019,Q1,24.70638371488539
アズビル,2019,Q2,28.91358409210819
アズビル,2019,Q3,9.232992875714777
アズビル,2019,Q4,39.988705381726696
アズビル,2020,Q1,17.572474782260127
アズビル,2020,Q2,30.687371401872127
アズビル,2020,Q3,33.78189195311841
アズビル,2020,Q4,50.72489736409605
アドバンテスト,2018,Q1,52.61688397007035
アドバンテスト,2018,Q2,59.051716604486124
アドバンテスト,2018,Q3,62.888725356576515
アドバンテスト,2018,Q4,52.94203378090245
アドバンテスト,2019,Q1,47.308781725548556
アドバンテスト,2019,Q2,64.54315889709895
アドバンテスト,2019,Q3,53.289505336070484
アドバンテスト,2019,Q4,53.57067161594306
アドバンテスト,2020,Q1,62.21465182651769
アドバンテスト,2020,Q2,65.42877805668678
アドバンテスト,2020,Q3,60.70315363001685
アドバンテスト,2020,Q4,86.57922842910352
アリアケジャパン,2018,Q1,53.634681259200384
アリアケジャパン,2018,Q2,58.15678958092875
アリアケジャパン,2018,Q3,56.560571517851464
アリアケジャパン,2018,Q4,57.57401287610633
アリアケジャパン,2019,Q1,-22.558322733311623
アリアケジャパン,2019,Q2,61.63602909734876
アリアケジャパン,2019,Q3,66.0674673509058
アリアケジャパン,2019,Q4,87.0669105872011
アリアケジャパン,2020,Q1,55.81838414335547
アリアケジャパン,2020,Q2,47.476765034275196
アリアケジャパン,2020,Q3,67.72240019745219
アリアケジャパン,2020,Q4,76.99945877329993
アルプスアルパイン,2018,Q1,43.364635220872735
アルプスアルパイン,2018,Q2,77.80694147738497
アルプスアルパイン,2018,Q3,77.25602054064792
アルプスアルパイン,2018,Q4,-11.103015173311233
アルプスアルパイン,2019,Q1,15.058892580770573
アルプスアルパイン,2019,Q2,59.23403544939626
アルプスアルパイン,2019,Q3,28.902642995127383
アルプスアルパイン,2019,Q4,-9.08945143147398
アルプスアルパイン,2020,Q1,-19.444253397472874
アルプスアルパイン,2020,Q2,0.5405583468465219
アルプスアルパイン,2020,Q3,21.2571885375939
アルプスアルパイン,2020,Q4,2.4183191045495884
イビデン,2018,Q1,-26.283705247542887
イビデン,2018,Q2,-16.169971557168335
イビデン,2018,Q3,10.668165303019741
イビデン,2018,Q4,3.2828722186208346
イビデン,2019,Q1,2.5178075827985826
イビデン,2019,Q2,-13.688527385441269
イビデン,2019,Q3,-5.7088325540854745
イビデン,2019,Q4,22.37175169902207
イビデン,2020,Q1,13.156081822289828
イビデン,2020,Q2,34.74821056818921
イビデン,2020,Q3,64.4086611606165
イビデン,2020,Q4,57.89534896422736
イリソ電子工業,2018,Q1,69.47027528131797
イリソ電子工業,2018,Q2,23.612356279129916
イリソ電子工業,2018,Q3,66.38406509526914
イリソ電子工業,2018,Q4,24.591157266436408
イリソ電子工業,2019,Q1,18.972778193750205
イリソ電子工業,2019,Q2,22.556343997330373
イリソ電子工業,2019,Q3,48.857894096989334
イリソ電子工業,2019,Q4,36.21016270311919
イリソ電子工業,2020,Q1,10.800381188836653
イリソ電子工業,2020,Q2,0.36298166469967913
イリソ電子工業,2020,Q3,62.65234085709924
イリソ電子工業,2020,Q4,32.11685671469839
エス・エム・エス,2018,Q1,34.693380261432914
エス・エム・エス,2018,Q2,10.328900021819544
エス・エム・エス,2018,Q3,-1.6964284522123128
エス・エム・エス,2018,Q4,135.37566105300192
エス・エム・エス,2019,Q1,127.14121605103357
エス・エム・エス,2019,Q2,1.02269838139289
エス・エム・エス,2019,Q3,15.156757368142324
エス・エム・エス,2019,Q4,33.37364623831207
エス・エム・エス,2020,Q1,26.037585073616246
エス・エム・エス,2020,Q2,-9.786529379182472
エス・エム・エス,2020,Q3,-0.7890742419170546
エス・エム・エス,2020,Q4,72.73353472809806
エフピコ,2018,Q1,37.69547194087965
エフピコ,2018,Q2,53.54220495133808
エフピコ,2018,Q3,83.33447567799705
エフピコ,2018,Q4,28.084694373231756
エフピコ,2019,Q1,43.74832739646228
エフピコ,2019,Q2,58.720749925453646
エフピコ,2019,Q3,84.47263718604816
エフピコ,2019,Q4,34.382465693250936
エフピコ,2020,Q1,53.40836415301555
エフピコ,2020,Q2,71.95345647118172
エフピコ,2020,Q3,72.90438876093646
エフピコ,2020,Q4,34.48078505381709
エムスリー,2018,Q1,16.241536129551644
エムスリー,2018,Q2,16.112911598855707
エムスリー,2018,Q3,13.425741411634583
エムスリー,2018,Q4,9.246937349347833
エムスリー,2019,Q1,8.276621410580825
エムスリー,2019,Q2,9.883685078161127
エムスリー,2019,Q3,11.480377572904372
エムスリー,2019,Q4,11.279503713253211
エムスリー,2020,Q1,9.980413273000712
エムスリー,2020,Q2,14.265798639268105
エムスリー,2020,Q3,18.27562735174676
エムスリー,2020,Q4,21.27440050391517
エーザイ,2018,Q1,37.6641953074082
エーザイ,2018,Q2,55.645814624662734
エーザイ,2018,Q3,46.45623164390389
エーザイ,2018,Q4,57.770218924063435
エーザイ,2019,Q1,45.08247668899898
エーザイ,2019,Q2,54.226362189304325
エーザイ,2019,Q3,107.41017129687519
エーザイ,2019,Q4,111.75448468908142
エーザイ,2020,Q1,74.58190687398357
エーザイ,2020,Q2,47.460530787605876
エーザイ,2020,Q3,79.058977557094
エーザイ,2020,Q4,42.10914237588056
オリンパス,2018,Q1,15.756419587926166
オリンパス,2018,Q2,47.01673080183057
オリンパス,2018,Q3,25.027799435952314
オリンパス,2018,Q4,10.366665316981807
オリンパス,2019,Q1,14.133964716325645
オリンパス,2019,Q2,30.940521242800802
オリンパス,2019,Q3,83.36846986471068
オリンパス,2019,Q4,32.65725372874791
オリンパス,2020,Q1,31.60106785806379
オリンパス,2020,Q2,11.992814277795354
オリンパス,2020,Q3,4.293117788728567
オリンパス,2020,Q4,4.901926970827884
カシオ計算機,2018,Q1,18.037448914996578
カシオ計算機,2018,Q2,22.412231414999667
カシオ計算機,2018,Q3,21.554910401159123
カシオ計算機,2018,Q4,20.79226608670493
カシオ計算機,2019,Q1,17.907990247328318
カシオ計算機,2019,Q2,23.474510334069603
カシオ計算機,2019,Q3,23.552287761276535
カシオ計算機,2019,Q4,19.633775494504576
カシオ計算機,2020,Q1,1.2661753033804677
カシオ計算機,2020,Q2,12.969524458882313
カシオ計算機,2020,Q3,18.647523659094126
カシオ計算機,2020,Q4,10.698024875346777
カプコン,2018,Q1,17.138103114724238
カプコン,2018,Q2,32.78129246810132
カプコン,2018,Q3,9.388275016301362
カプコン,2018,Q4,30.38422913189625
カプコン,2019,Q1,24.54887784737582
カプコン,2019,Q2,28.122195420136237
カプコン,2019,Q3,27.04502301247838
カプコン,2019,Q4,20.327680436325704
カプコン,2020,Q1,43.708130596511104
カプコン,2020,Q2,33.52581249579578
カプコン,2020,Q3,35.99474659392147
カプコン,2020,Q4,32.597851371452975
キーエンス,2018,Q1,428.6381001799978
キーエンス,2018,Q2,435.8141823975409
キーエンス,2018,Q3,455.734242254666
キーエンス,2018,Q4,466.030934408958
キーエンス,2019,Q1,399.2652619493277
キーエンス,2019,Q2,375.595135684184
キーエンス,2019,Q3,233.86067450244863
キーエンス,2019,Q4,235.70895599515254
キーエンス,2020,Q1,167.4190186296989
キーエンス,2020,Q2,230.97699815207662
キーエンス,2020,Q3,223.74006702252407
キーエンス,2020,Q4,254.42725897012664
ケーズホールディングス,2018,Q1,44.04025770121266
ケーズホールディングス,2018,Q2,53.36168728275538
ケーズホールディングス,2018,Q3,38.14872266151557
ケーズホールディングス,2018,Q4,34.600816129037185
ケーズホールディングス,2019,Q1,33.99144361314264
ケーズホールディングス,2019,Q2,57.25990785751387
ケーズホールディングス,2019,Q3,25.289278473824734
ケーズホールディングス,2019,Q4,34.159822606077796
ケーズホールディングス,2020,Q1,43.003073405112964
ケーズホールディングス,2020,Q2,45.44341125281691
ケーズホールディングス,2020,Q3,33.076255781438526
ケーズホールディングス,2020,Q4,29.28619698563773
コマツ,2018,Q1,53.78365762066244
コマツ,2018,Q2,68.23427594075756
コマツ,2018,Q3,63.57815824711389
コマツ,2018,Q4,58.25348014211959
コマツ,2019,Q1,53.51341588591552
コマツ,2019,Q2,50.532456296225405
コマツ,2019,Q3,46.68889907941036
コマツ,2019,Q4,36.081053018457595
コマツ,2020,Q1,25.378991431341138
コマツ,2020,Q2,28.255822935497168
コマツ,2020,Q3,24.525174623429717
コマツ,2020,Q4,53.13374167544264
シスメックス,2018,Q1,36.241253696340046
シスメックス,2018,Q2,54.25190036742185
シスメックス,2018,Q3,58.392679661499415
シスメックス,2018,Q4,53.789831927486865
シスメックス,2019,Q1,45.87539009812957
シスメックス,2019,Q2,57.02405131061843
シスメックス,2019,Q3,46.181666009331394
シスメックス,2019,Q4,45.59181946933017
シスメックス,2020,Q1,25.447485627960802
シスメックス,2020,Q2,45.70838147830161
シスメックス,2020,Q3,42.43958174475543
シスメックス,2020,Q4,38.30825620301055
スクウェア・エニックス・ホール,2018,Q1,33.29358522078095
スクウェア・エニックス・ホール,2018,Q2,52.47046158595837
スクウェア・エニックス・ホール,2018,Q3,40.47450401803592
スクウェア・エニックス・ホール,2018,Q4,42.83819690720917
スクウェア・エニックス・ホール,2019,Q1,42.264714051888156
スクウェア・エニックス・ホール,2019,Q2,59.563511968879006
スクウェア・エニックス・ホール,2019,Q3,56.584896215602896
スクウェア・エニックス・ホール,2019,Q4,30.283183760373756
スクウェア・エニックス・ホール,2020,Q1,81.86987854449659
スクウェア・エニックス・ホール,2020,Q2,50.50769222102523
スクウェア・エニックス・ホール,2020,Q3,76.96225526757588
スクウェア・エニックス・ホール,2020,Q4,62.593148421883335
スズキ,2018,Q1,149.91809511054552
スズキ,2018,Q2,109.23176286589904
スズキ,2018,Q3,146.87256142635675
スズキ,2018,Q4,46.5720547892303
スズキ,2019,Q1,125.7090327429978
スズキ,2019,Q2,59.989731956064645
スズキ,2019,Q3,111.57337618473451
スズキ,2019,Q4,26.474205310350737
スズキ,2020,Q1,31.067351592660255
スズキ,2020,Q2,40.75463641118014
スズキ,2020,Q3,63.89167700265936
スズキ,2020,Q4,82.6801615696041
セイコーエプソン,2018,Q1,41.33310014375669
セイコーエプソン,2018,Q2,30.950471628886614
セイコーエプソン,2018,Q3,61.91392716557024
セイコーエプソン,2018,Q4,37.244760205349316
セイコーエプソン,2019,Q1,18.25623754919981
セイコーエプソン,2019,Q2,2.5234835299055427
セイコーエプソン,2019,Q3,7.190665926556029
セイコーエプソン,2019,Q4,10.415671523130378
セイコーエプソン,2020,Q1,-30.91595336526869
セイコーエプソン,2020,Q2,19.96063889147198
セイコーエプソン,2020,Q3,49.12827159239319
セイコーエプソン,2020,Q4,30.093126639152086
ソニーグループ,2018,Q1,147.778729810636
ソニーグループ,2018,Q2,119.72101803385085
ソニーグループ,2018,Q3,85.98505346465618
ソニーグループ,2018,Q4,100.7993724278631
ソニーグループ,2019,Q1,210.76217574274028
ソニーグループ,2019,Q2,210.5321572688243
ソニーグループ,2019,Q3,231.56097878233922
ソニーグループ,2019,Q4,90.8575074217418
ソニーグループ,2020,Q1,103.09747540439936
ソニーグループ,2020,Q2,67.19560872420003
ソニーグループ,2020,Q3,149.37594940935074
ソニーグループ,2020,Q4,57.102340679763074
ダイキン工業,2018,Q1,160.18829354359627
ダイキン工業,2018,Q2,178.6905621042354
ダイキン工業,2018,Q3,153.3593138625992
ダイキン工業,2018,Q4,131.44075589181304
ダイキン工業,2019,Q1,214.803266485072
ダイキン工業,2019,Q2,182.57285834543566
ダイキン工業,2019,Q3,125.71999933535106
ダイキン工業,2019,Q4,122.47045048946491
ダイキン工業,2020,Q1,144.4455846900855
ダイキン工業,2020,Q2,168.50536655726782
ダイキン工業,2020,Q3,138.19844113194497
ダイキン工業,2020,Q4,106.05373205063047
ダイセル,2018,Q1,28.467496360653303
ダイセル,2018,Q2,29.911037061978053
ダイセル,2018,Q3,32.23862155030468
ダイセル,2018,Q4,27.465790708438206
ダイセル,2019,Q1,27.785331317401898
ダイセル,2019,Q2,22.889396143542427
ダイセル,2019,Q3,20.31010531341794
ダイセル,2019,Q4,8.46460569754838
ダイセル,2020,Q1,0.09488653972562504
ダイセル,2020,Q2,2.6918908677225453
ダイセル,2020,Q3,0.26040501285252793
ダイセル,2020,Q4,15.541971851023026
ダイフク,2018,Q1,52.267482878198784
ダイフク,2018,Q2,76.10839676479782
ダイフク,2018,Q3,74.279550372193
ダイフク,2018,Q4,76.51579470561063
ダイフク,2019,Q1,62.98870617143425
ダイフク,2019,Q2,66.73187281074512
ダイフク,2019,Q3,72.44952877801323
ダイフク,2019,Q4,65.45479610303771
ダイフク,2020,Q1,59.561055050721485
ダイフク,2020,Q2,65.48677128115978
ダイフク,2020,Q3,62.55758197169484
ダイフク,2020,Q4,64.18125932444137
テルモ,2018,Q1,36.797678535703774
テルモ,2018,Q2,49.524459451899226
テルモ,2018,Q3,29.874435746991292
テルモ,2018,Q4,46.63461443748065
テルモ,2019,Q1,38.013386065141276
テルモ,2019,Q2,30.817259521398785
テルモ,2019,Q3,45.48018165623387
テルモ,2019,Q4,22.707995640375362
テルモ,2020,Q1,39.63617618831001
テルモ,2020,Q2,34.53887863567089
テルモ,2020,Q3,43.67211657416731
テルモ,2020,Q4,31.774226128858462
ディスコ,2018,Q1,240.0424159199023
ディスコ,2018,Q2,219.58496979508266
ディスコ,2018,Q3,182.65476557686134
ディスコ,2018,Q4,175.87800884754566
ディスコ,2019,Q1,163.8363326861767
ディスコ,2019,Q2,183.0286782511275
ディスコ,2019,Q3,182.94280988099456
ディスコ,2019,Q4,195.6652599962999
ディスコ,2020,Q1,195.87388992270715
ディスコ,2020,Q2,247.80232493802933
ディスコ,2020,Q3,236.8626798477989
ディスコ,2020,Q4,309.80004254408544
デンソー,2018,Q1,104.30731276139574
デンソー,2018,Q2,87.56895209332525
デンソー,2018,Q3,96.80431156783904
デンソー,2018,Q4,77.32922511546072
デンソー,2019,Q1,86.43062966225762
デンソー,2019,Q2,67.93879826383497
デンソー,2019,Q3,63.749064301898386
デンソー,2019,Q4,25.070303863215315
デンソー,2020,Q1,-2.2957049353890793
デンソー,2020,Q2,44.079510392094484
デンソー,2020,Q3,97.62429993939821
デンソー,2020,Q4,97.90629796584676
トヨタ自動車,2018,Q1,203.0121758951285
トヨタ自動車,2018,Q2,168.1722611696499
トヨタ自動車,2018,Q3,205.61503378561088
トヨタ自動車,2018,Q4,140.84051580266626
トヨタ自動車,2019,Q1,63.43857161925385
トヨタ自動車,2019,Q2,195.63961671706616
トヨタ自動車,2019,Q3,129.38204731646147
トヨタ自動車,2019,Q4,-35.076897702777046
トヨタ自動車,2020,Q1,127.5061076195948
トヨタ自動車,2020,Q2,131.14244249789127
トヨタ自動車,2020,Q3,229.33412677468132
トヨタ自動車,2020,Q4,77.11153731253096
ニコン,2018,Q1,20.564811835261168
ニコン,2018,Q2,23.111637554686833
ニコン,2018,Q3,17.916461963333564
ニコン,2018,Q4,29.86313839513144
ニコン,2019,Q1,27.854329640278653
ニコン,2019,Q2,26.881658823129584
ニコン,2019,Q3,32.11310768824549
ニコン,2019,Q4,16.81003030356292
ニコン,2020,Q1,4.656255546297711
ニコン,2020,Q2,3.5189318955585285
ニコン,2020,Q3,-5.2403626289795495
ニコン,2020,Q4,-24.54200580687355
ニチコン,2018,Q1,3.2100234496561364
ニチコン,2018,Q2,-1.1847965421352573
ニチコン,2018,Q3,-40.69820035771343
ニチコン,2018,Q4,-13.837157278490954
ニチコン,2019,Q1,-15.829935992480161
ニチコン,2019,Q2,-43.79707337972422
ニチコン,2019,Q3,11.733238055493183
ニチコン,2019,Q4,-32.62024986130066
ニチコン,2020,Q1,-7.579621347888818
ニチコン,2020,Q2,1.2736118740633493
ニチコン,2020,Q3,5.891545227064441
ニチコン,2020,Q4,-0.48198077615866985
ニフコ,2018,Q1,64.55807596942786
ニフコ,2018,Q2,69.45019811230024
ニフコ,2018,Q3,40.22908535980203
ニフコ,2018,Q4,57.079251718907805
ニフコ,2019,Q1,34.845349416024135
ニフコ,2019,Q2,41.67168551034111
ニフコ,2019,Q3,40.03467137987112
ニフコ,2019,Q4,39.09440834463805
ニフコ,2020,Q1,29.16070610824183
ニフコ,2020,Q2,28.194475426436327
ニフコ,2020,Q3,38.74246936473472
ニフコ,2020,Q4,47.61170872526113
バンダイナムコホールディングス,2018,Q1,46.267255151690584
バンダイナムコホールディングス,2018,Q2,73.66999686984232
バンダイナムコホールディングス,2018,Q3,79.50180865953176
バンダイナムコホールディングス,2018,Q4,43.87395372068618
バンダイナムコホールディングス,2019,Q1,70.02638983550189
バンダイナムコホールディングス,2019,Q2,77.52579568136247
バンダイナムコホールディングス,2019,Q3,75.15742474720874
バンダイナムコホールディングス,2019,Q4,36.77428403362396
バンダイナムコホールディングス,2020,Q1,62.408569956346916
バンダイナムコホールディングス,2020,Q2,74.99794673709023
バンダイナムコホールディングス,2020,Q3,77.97501963914316
バンダイナムコホールディングス,2020,Q4,20.25101567647
パナソニック,2018,Q1,17.947032185065364
パナソニック,2018,Q2,8.074845772288874
パナソニック,2018,Q3,31.906222844996993
パナソニック,2018,Q4,6.857226054605907
パナソニック,2019,Q1,22.088710531878217
パナソニック,2019,Q2,9.580196379242052
パナソニック,2019,Q3,2.7764032516525017
パナソニック,2019,Q4,0.6269328676677919
パナソニック,2020,Q1,8.566387074339818
パナソニック,2020,Q2,-30.193795711483187
パナソニック,2020,Q3,-23.97410723432313
パナソニック,2020,Q4,-5.124848267984391
ヒロセ電機,2018,Q1,109.42988734833365
ヒロセ電機,2018,Q2,158.09020247995807
ヒロセ電機,2018,Q3,142.084924282125
ヒロセ電機,2018,Q4,91.99357762230223
ヒロセ電機,2019,Q1,110.68803824301484
ヒロセ電機,2019,Q2,130.2922652208995
ヒロセ電機,2019,Q3,115.30671550583368
ヒロセ電機,2019,Q4,101.56556273023979
ヒロセ電機,2020,Q1,104.85160960163564
ヒロセ電機,2020,Q2,130.80327845763856
ヒロセ電機,2020,Q3,152.26109915057995
ヒロセ電機,2020,Q4,149.37796624868693
ファナック,2018,Q1,239.5983276922386
ファナック,2018,Q2,205.30129520625385
ファナック,2018,Q3,177.86020877220741
ファナック,2018,Q4,191.15066515488866
ファナック,2019,Q1,156.74962898482758
ファナック,2019,Q2,131.85907106324328
ファナック,2019,Q3,117.100501992815
ファナック,2019,Q4,96.96126406778443
ファナック,2020,Q1,70.00437028232578
ファナック,2020,Q2,91.77943283981055
ファナック,2020,Q3,117.3054407612003
ファナック,2020,Q4,175.60019399025884
ミネベアミツミ,2018,Q1,24.95836657676128
ミネベアミツミ,2018,Q2,31.433587057934393
ミネベアミツミ,2018,Q3,38.65380811346062
ミネベアミツミ,2018,Q4,18.676828098278012
ミネベアミツミ,2019,Q1,23.279565825826875
ミネベアミツミ,2019,Q2,31.10454209150174
ミネベアミツミ,2019,Q3,40.169157346546676
ミネベアミツミ,2019,Q4,35.81496745189736
ミネベアミツミ,2020,Q1,25.999186931829097
ミネベアミツミ,2020,Q2,33.1701901237543
ミネベアミツミ,2020,Q3,36.37357640900883
ミネベアミツミ,2020,Q4,34.29929585642942
リコー,2018,Q1,18.124030904000662
リコー,2018,Q2,-75.5155572873993
リコー,2018,Q3,0.34450892027413715
リコー,2018,Q4,18.778377475567233
リコー,2019,Q1,13.546354060097565
リコー,2019,Q2,17.722069863779645
リコー,2019,Q3,12.926467790625713
リコー,2019,Q4,-1.6954812729558106
リコー,2020,Q1,27.59753304878572
リコー,2020,Q2,-12.298079858890693
リコー,2020,Q3,10.232103155354745
リコー,2020,Q4,-12.416231861852404
ローム,2018,Q1,33.566750899557036
ローム,2018,Q2,91.5922070799074
ローム,2018,Q3,94.09143977055358
ローム,2018,Q4,15.81132811910806
ローム,2019,Q1,69.94257184152497
ローム,2019,Q2,56.81896869510606
ローム,2019,Q3,69.03008245658559
ローム,2019,Q4,-18.3465048202121
ローム,2020,Q1,100.8759978857595
ローム,2020,Q2,44.844457748152514
ローム,2020,Q3,85.94865669850037
ローム,2020,Q4,121.38357083154396
三井不動産,2018,Q1,38.48281567205432
三井不動産,2018,Q2,35.435470993556606
三井不動産,2018,Q3,41.452046008686075
三井不動産,2018,Q4,69.13167659742955
三井不動産,2019,Q1,39.651830563693544
三井不動産,2019,Q2,38.935746496673964
三井不動産,2019,Q3,43.62644204280317
三井不動産,2019,Q4,71.93320661679131
三井不動産,2020,Q1,28.76353713436058
三井不動産,2020,Q2,14.39005245012518
三井不動産,2020,Q3,60.76396745370275
三井不動産,2020,Q4,29.849911423922265
三菱地所,2018,Q1,13.938619496748972
三菱地所,2018,Q2,17.938396267690305
三菱地所,2018,Q3,25.712626203564884
三菱地所,2018,Q4,17.531671653873957
三菱地所,2019,Q1,18.009212720023047
三菱地所,2019,Q2,21.669590378258416
三菱地所,2019,Q3,25.379841139644032
三菱地所,2019,Q4,23.937944374129444
三菱地所,2020,Q1,20.494844848629956
三菱地所,2020,Q2,19.868038601255908
三菱地所,2020,Q3,21.717422352450868
三菱地所,2020,Q4,32.54867211427328
三菱電機,2018,Q1,24.525970648136155
三菱電機,2018,Q2,22.856931416923292
三菱電機,2018,Q3,26.87043010076891
三菱電機,2018,Q4,33.64285875105703
三菱電機,2019,Q1,23.292741163454725
三菱電機,2019,Q2,22.58097147076707
三菱電機,2019,Q3,22.78167702383932
三菱電機,2019,Q4,25.373171641400123
三菱電機,2020,Q1,13.189844345308849
三菱電機,2020,Q2,18.193716026524317
三菱電機,2020,Q3,25.62537029125262
三菱電機,2020,Q4,32.948187980454186
丸井グループ,2018,Q1,33.8926980096823
丸井グループ,2018,Q2,37.314296117428704
丸井グループ,2018,Q3,32.685726605717505
丸井グループ,2018,Q4,25.61574777312545
丸井グループ,2019,Q1,17.930839126017524
丸井グループ,2019,Q2,30.850001826897397
丸井グループ,2019,Q3,34.034582407252614
丸井グループ,2019,Q4,23.651722039933162
丸井グループ,2020,Q1,24.02234446086156
丸井グループ,2020,Q2,40.453596460495355
丸井グループ,2020,Q3,30.643324213351388
丸井グループ,2020,Q4,16.93009749041376
九電工,2018,Q1,40.92373449293342
九電工,2018,Q2,92.40554701035177
九電工,2018,Q3,58.66788012373979
九電工,2018,Q4,185.15983386606175
九電工,2019,Q1,54.30906969499023
九電工,2019,Q2,93.32966526440288
九電工,2019,Q3,57.21600893625043
九電工,2019,Q4,176.7743638407993
九電工,2020,Q1,50.42231149569138
九電工,2020,Q2,84.3006134282994
九電工,2020,Q3,73.66968763541608
九電工,2020,Q4,156.8745368275767
京セラ,2018,Q1,33.62653408329823
京セラ,2018,Q2,87.5530432998748
京セラ,2018,Q3,70.9521373792495
京セラ,2018,Q4,137.926291173438
京セラ,2019,Q1,77.50277975876607
京セラ,2019,Q2,98.53503847170565
京セラ,2019,Q3,123.7553838969287
京セラ,2019,Q4,36.8142567647067
京セラ,2020,Q1,52.66111080831053
京セラ,2020,Q2,54.06871158757568
京セラ,2020,Q3,70.8541062038845
京セラ,2020,Q4,99.95520697586538
任天堂,2018,Q1,104.87342281450837
任天堂,2018,Q2,371.4343348053906
任天堂,2018,Q3,751.8498846240526
任天堂,2018,Q4,25.825942642369952
任天堂,2019,Q1,35.820094608573136
任天堂,2019,Q2,366.14883132891674
任天堂,2019,Q3,907.5263919982931
任天堂,2019,Q4,439.99644117802126
任天堂,2020,Q1,461.8474711705557
任天堂,2020,Q2,841.1193937647654
任天堂,2020,Q3,1220.294724565381
任天堂,2020,Q4,725.4396108427369
伊藤忠テクノソリューションズ,2018,Q1,14.650921142998675
伊藤忠テクノソリューションズ,2018,Q2,32.80933207309894
伊藤忠テクノソリューションズ,2018,Q3,28.92376069747186
伊藤忠テクノソリューションズ,2018,Q4,64.97922385876639
伊藤忠テクノソリューションズ,2019,Q1,19.26381906512056
伊藤忠テクノソリューションズ,2019,Q2,28.878661543493976
伊藤忠テクノソリューションズ,2019,Q3,26.10380144767613
伊藤忠テクノソリューションズ,2019,Q4,51.21786004436146
伊藤忠テクノソリューションズ,2020,Q1,16.2119593176371
伊藤忠テクノソリューションズ,2020,Q2,24.312350012905426
伊藤忠テクノソリューションズ,2020,Q3,28.42509864037675
伊藤忠テクノソリューションズ,2020,Q4,54.90683048681327
住友不動産,2018,Q1,88.13332095329001
住友不動産,2018,Q2,64.69093432949501
住友不動産,2018,Q3,61.47120630684922
住友不動産,2018,Q4,35.20853615487666
住友不動産,2019,Q1,76.7425947009609
住友不動産,2019,Q2,61.50706982443584
住友不動産,2019,Q3,49.375098016574945
住友不動産,2019,Q4,72.72193472479857
住友不動産,2020,Q1,108.01398699737786
住友不動産,2020,Q2,62.520965172551264
住友不動産,2020,Q3,51.8399831787286
住友不動産,2020,Q4,48.86580352001303
参天製薬,2018,Q1,22.530245394802915
参天製薬,2018,Q2,18.20591866613748
参天製薬,2018,Q3,18.99725884954565
参天製薬,2018,Q4,18.765787120815105
参天製薬,2019,Q1,17.839015971376053
参天製薬,2019,Q2,14.427816332947694
参天製薬,2019,Q3,21.1614791233751
参天製薬,2019,Q4,11.973791033808709
参天製薬,2020,Q1,14.053636284223808
参天製薬,2020,Q2,16.772864898463315
参天製薬,2020,Q3,20.739323871782194
参天製薬,2020,Q4,17.17337977824921
大同特殊鋼,2018,Q1,116.71043469143434
大同特殊鋼,2018,Q2,79.32062636593669
大同特殊鋼,2018,Q3,79.36519223442636
大同特殊鋼,2018,Q4,127.61262766949376
大同特殊鋼,2019,Q1,110.87166175749701
大同特殊鋼,2019,Q2,150.54979331249626
大同特殊鋼,2019,Q3,123.7151045944084
大同特殊鋼,2019,Q4,106.3928060121212
大同特殊鋼,2020,Q1,80.50658744380806
大同特殊鋼,2020,Q2,-32.44278058596813
大同特殊鋼,2020,Q3,11.094158815565732
大同特殊鋼,2020,Q4,108.63822256148033
大阪ガス,2018,Q1,18.74937004175029
大阪ガス,2018,Q2,14.348450037982394
大阪ガス,2018,Q3,8.059380158345585
大阪ガス,2018,Q4,17.811075870052314
大阪ガス,2019,Q1,32.66222001960807
大阪ガス,2019,Q2,16.428941404794543
大阪ガス,2019,Q3,12.5930921679301
大阪ガス,2019,Q4,36.690845040018225
大阪ガス,2020,Q1,42.591844538639215
大阪ガス,2020,Q2,17.066286542456115
大阪ガス,2020,Q3,10.465553499360832
大阪ガス,2020,Q4,41.2016462410836
太平洋工業,2018,Q1,36.86357217761805
太平洋工業,2018,Q2,35.22323982299047
太平洋工業,2018,Q3,39.61302288270838
太平洋工業,2018,Q4,46.69239815810176
太平洋工業,2019,Q1,39.46963798644756
太平洋工業,2019,Q2,29.85165916539601
太平洋工業,2019,Q3,35.74986531983521
太平洋工業,2019,Q4,40.148644013005004
太平洋工業,2020,Q1,0.9919412531751018
太平洋工業,2020,Q2,20.026132642325877
太平洋工業,2020,Q3,40.12853857656279
太平洋工業,2020,Q4,36.72641321444307
太陽誘電,2018,Q1,35.18098012983676
太陽誘電,2018,Q2,42.261400489395164
太陽誘電,2018,Q3,47.61732817754648
太陽誘電,2018,Q4,37.91286581630379
太陽誘電,2019,Q1,50.844357599325015
太陽誘電,2019,Q2,60.20925469502399
太陽誘電,2019,Q3,50.659764755755525
太陽誘電,2019,Q4,39.42227911477851
太陽誘電,2020,Q1,22.563115797233138
太陽誘電,2020,Q2,44.888778996576065
太陽誘電,2020,Q3,51.3986182852731
太陽誘電,2020,Q4,50.532364990347396
富士フイルムホールディングス,2018,Q1,51.270366027414774
富士フイルムホールディングス,2018,Q2,72.84538999696765
富士フイルムホールディングス,2018,Q3,101.68403031468587
富士フイルムホールディングス,2018,Q4,61.09426565995877
富士フイルムホールディングス,2019,Q1,52.12126100735125
富士フイルムホールディングス,2019,Q2,67.96288673911239
富士フイルムホールディングス,2019,Q3,82.16369482779065
富士フイルムホールディングス,2019,Q4,75.00188097390955
富士フイルムホールディングス,2020,Q1,71.161045571743
富士フイルムホールディングス,2020,Q2,55.44505985678473
富士フイルムホールディングス,2020,Q3,96.75167192441688
富士フイルムホールディングス,2020,Q4,92.58189084718624
富士通,2018,Q1,3.3511829725105478
富士通,2018,Q2,33.23878128996279
富士通,2018,Q3,133.02423849427268
富士通,2018,Q4,57.53233167125029
富士通,2019,Q1,11.984210818525405
富士通,2019,Q2,33.448419159397055
富士通,2019,Q3,184.86127995506652
富士通,2019,Q4,400.98618102376435
富士通,2020,Q1,167.05023552173142
富士通,2020,Q2,147.7740232867779
富士通,2020,Q3,156.02413903807624
富士通,2020,Q4,283.60247711971687
小野薬品工業,2018,Q1,24.927576873865736
小野薬品工業,2018,Q2,19.381419530837785
小野薬品工業,2018,Q3,30.62274800974141
小野薬品工業,2018,Q4,17.046290862880213
小野薬品工業,2019,Q1,29.39401150712124
小野薬品工業,2019,Q2,26.569518437160514
小野薬品工業,2019,Q3,27.507742611554463
小野薬品工業,2019,Q4,19.763934510588175
小野薬品工業,2020,Q1,30.652049975431805
小野薬品工業,2020,Q2,28.174628973463133
小野薬品工業,2020,Q3,32.221712589184754
小野薬品工業,2020,Q4,20.92296510915457
新光電気工業,2018,Q1,8.287498552245724
新光電気工業,2018,Q2,7.724826704211188
新光電気工業,2018,Q3,6.056952043536616
新光電気工業,2018,Q4,-0.8115601765552197
新光電気工業,2019,Q1,1.655208274904516
新光電気工業,2019,Q2,-1.7971967350929534
新光電気工業,2019,Q3,4.247537329693049
新光電気工業,2019,Q4,9.658104791252901
新光電気工業,2020,Q1,15.23133357666268
新光電気工業,2020,Q2,11.01371813269381
新光電気工業,2020,Q3,17.07966970213626
新光電気工業,2020,Q4,29.341595463164442
日本ガイシ,2018,Q1,-3.207733902178758
日本ガイシ,2018,Q2,2.7645305913691978
日本ガイシ,2018,Q3,-60.925956660123525
日本ガイシ,2018,Q4,38.564067746049034
日本ガイシ,2019,Q1,26.248523378577755
日本ガイシ,2019,Q2,14.001010835694947
日本ガイシ,2019,Q3,-12.533599932709455
日本ガイシ,2019,Q4,88.35468633536188
日本ガイシ,2020,Q1,69.99216587033551
日本ガイシ,2020,Q2,101.47964370465212
日本ガイシ,2020,Q3,30.799413082361895
日本ガイシ,2020,Q4,52.91421646443578
日本航空電子工業,2018,Q1,30.950644874525906
日本航空電子工業,2018,Q2,39.071210623705774
日本航空電子工業,2018,Q3,40.13346248033216
日本航空電子工業,2018,Q4,21.363225525877137
日本航空電子工業,2019,Q1,20.837042500011645
日本航空電子工業,2019,Q2,33.56684416178963
日本航空電子工業,2019,Q3,34.05896100870604
日本航空電子工業,2019,Q4,25.926456992635654
日本航空電子工業,2020,Q1,2.1972284151383126
日本航空電子工業,2020,Q2,17.195283979050565
日本航空電子工業,2020,Q3,24.049047687511088
日本航空電子工業,2020,Q4,30.445706580542787
日本製鉄,2018,Q1,60.02381659215478
日本製鉄,2018,Q2,59.754894520659576
日本製鉄,2018,Q3,58.884238500325786
日本製鉄,2018,Q4,73.69108983274174
日本製鉄,2019,Q1,65.6247137862838
日本製鉄,2019,Q2,38.02890887104673
日本製鉄,2019,Q3,33.34266631734359
日本製鉄,2019,Q4,-75.4564764810236
日本製鉄,2020,Q1,-134.9685037128956
日本製鉄,2020,Q2,-10.087839769853034
日本製鉄,2020,Q3,-172.31451682330862
日本製鉄,2020,Q4,-12.835595567021691
日本電産,2018,Q1,104.2009980061709
日本電産,2018,Q2,109.35165450169875
日本電産,2018,Q3,90.21495834689715
日本電産,2018,Q4,74.34829399901948
日本電産,2019,Q1,48.45261436836751
日本電産,2019,Q2,63.22767802913495
日本電産,2019,Q3,89.90520486852377
日本電産,2019,Q4,99.37909164223618
日本電産,2020,Q1,14.953904733732868
日本電産,2020,Q2,37.361359793318776
日本電産,2020,Q3,62.876183706770895
日本電産,2020,Q4,75.77003446718102
日東電工,2018,Q1,102.67160560869979
日東電工,2018,Q2,149.31394494373947
日東電工,2018,Q3,145.85212989699042
日東電工,2018,Q4,39.84906625220044
日東電工,2019,Q1,71.01074249661096
日東電工,2019,Q2,116.68322296532573
日東電工,2019,Q3,115.88883471365592
日東電工,2019,Q4,59.186746042967634
日東電工,2020,Q1,81.83631046078575
日東電工,2020,Q2,84.79234830692705
日東電工,2020,Q3,127.96886157923102
日東電工,2020,Q4,79.34611981188065
日清食品ホールディングス,2018,Q1,66.60339242720039
日清食品ホールディングス,2018,Q2,73.60720251267894
日清食品ホールディングス,2018,Q3,68.2879582779453
日清食品ホールディングス,2018,Q4,42.027020641449674
日清食品ホールディングス,2019,Q1,52.402066163051934
日清食品ホールディングス,2019,Q2,98.37886368296836
日清食品ホールディングス,2019,Q3,80.77264037763403
日清食品ホールディングス,2019,Q4,-45.197849020044224
日清食品ホールディングス,2020,Q1,107.49074299124037
日清食品ホールディングス,2020,Q2,23.93967425677771
日清食品ホールディングス,2020,Q3,84.99386554728197
日清食品ホールディングス,2020,Q4,13.4107009074517
日産自動車,2018,Q1,19.277490356684066
日産自動車,2018,Q2,18.95143166078169
日産自動車,2018,Q3,44.26912812561502
日産自動車,2018,Q4,22.474741044505578
日産自動車,2019,Q1,14.961043601486798
日産自動車,2019,Q2,6.13781005905157
日産自動車,2019,Q3,-4.894913133380184
日産自動車,2019,Q4,-11.110082168166144
日産自動車,2020,Q1,36.46322923157614
日産自動車,2020,Q2,-106.76463630670428
日産自動車,2020,Q3,-9.241100222040702
日産自動車,2020,Q4,148.68297431246697
日立製作所,2018,Q1,28.993709605154482
日立製作所,2018,Q2,40.242910565706374
日立製作所,2018,Q3,22.76055469292883
日立製作所,2018,Q4,96.28031516467217
日立製作所,2019,Q1,-76.75805609013997
日立製作所,2019,Q2,105.44383584919275
日立製作所,2019,Q3,-22.643999696460288
日立製作所,2019,Q4,19.14680654377238
日立製作所,2020,Q1,13.820419158657707
日立製作所,2020,Q2,60.44365678674219
日立製作所,2020,Q3,-19.90383463414094
日立製作所,2020,Q4,69.25752758754146
日立金属,2018,Q1,30.08221416953083
日立金属,2018,Q2,24.299997189762752
日立金属,2018,Q3,28.62209437298584
日立金属,2018,Q4,13.588154470467765
日立金属,2019,Q1,17.71537164517372
日立金属,2019,Q2,0.4435076443274199
日立金属,2019,Q3,-8.714950971909813
日立金属,2019,Q4,-11.141093539015005
日立金属,2020,Q1,-17.62095797839096
日立金属,2020,Q2,-8.208958593064734
日立金属,2020,Q3,-20.87063381051536
日立金属,2020,Q4,5.027288461183872
日鉄ソリューションズ,2018,Q1,30.358436977558224
日鉄ソリューションズ,2018,Q2,37.0013973623373
日鉄ソリューションズ,2018,Q3,39.323179891791774
日鉄ソリューションズ,2018,Q4,49.941644912113496
日鉄ソリューションズ,2019,Q1,43.71356503278228
日鉄ソリューションズ,2019,Q2,50.871268640617615
日鉄ソリューションズ,2019,Q3,43.09532306504673
日鉄ソリューションズ,2019,Q4,51.57536917711701
日鉄ソリューションズ,2020,Q1,33.79543379687629
日鉄ソリューションズ,2020,Q2,43.52413137255055
日鉄ソリューションズ,2020,Q3,51.223469603290276
日鉄ソリューションズ,2020,Q4,42.86645180134983
本田技研工業,2018,Q1,180.23891380233536
本田技研工業,2018,Q2,149.74599232135319
本田技研工業,2018,Q3,277.5144070106933
本田技研工業,2018,Q4,62.76056393512698
本田技研工業,2019,Q1,84.49941910402372
本田技研工業,2019,Q2,57.541540573705085
本田技研工業,2019,Q3,147.37069696824105
本田技研工業,2019,Q4,-8.577542482799217
本田技研工業,2020,Q1,-88.31561945027198
本田技研工業,2020,Q2,147.8414918275421
本田技研工業,2020,Q3,56.075434500837815
本田技研工業,2020,Q4,71.84373240571126
村田製作所,2018,Q1,172.28846172836668
村田製作所,2018,Q2,268.3524327696727
村田製作所,2018,Q3,242.4495985053392
村田製作所,2018,Q4,181.9141791974445
村田製作所,2019,Q1,73.58609741664476
村田製作所,2019,Q2,130.81910942297884
村田製作所,2019,Q3,42.34254613333721
村田製作所,2019,Q4,36.55073638740385
村田製作所,2020,Q1,45.45180160634947
村田製作所,2020,Q2,61.26076949075978
村田製作所,2020,Q3,87.37929738690214
村田製作所,2020,Q4,67.56880348734738
東レ,2018,Q1,13.548392389030079
東レ,2018,Q2,17.703790710249795
東レ,2018,Q3,16.530557628503107
東レ,2018,Q4,5.648410412901176
東レ,2019,Q1,14.26394568344795
東レ,2019,Q2,22.116121783225413
東レ,2019,Q3,11.280744317546038
東レ,2019,Q4,14.194658678464421
東レ,2020,Q1,9.536742711854782
東レ,2020,Q2,13.688025743450718
東レ,2020,Q3,13.669742780585613
東レ,2020,Q4,4.974173557089364
東京エレクトロン,2018,Q1,341.6619185878863
東京エレクトロン,2018,Q2,446.2830930244168
東京エレクトロン,2018,Q3,308.59355134546723
東京エレクトロン,2018,Q4,377.6909214287648
東京エレクトロン,2019,Q1,261.1097957335893
東京エレクトロン,2019,Q2,329.0971713298357
東京エレクトロン,2019,Q3,303.9989217441867
東京エレクトロン,2019,Q4,359.76364431762653
東京エレクトロン,2020,Q1,313.1312259075124
東京エレクトロン,2020,Q2,336.9082953035598
東京エレクトロン,2020,Q3,308.896826440914
東京エレクトロン,2020,Q4,464.48373530876523
東京製鉄,2018,Q1,55.81673551201371
東京製鉄,2018,Q2,-4.242457536202266
東京製鉄,2018,Q3,-19.394645737548085
東京製鉄,2018,Q4,14.574346302183637
東京製鉄,2019,Q1,40.03962559157562
東京製鉄,2019,Q2,45.801059208071685
東京製鉄,2019,Q3,33.88895958327327
東京製鉄,2019,Q4,8.851246012314892
東京製鉄,2020,Q1,5.953224718525077
東京製鉄,2020,Q2,-3.357672859453731
東京製鉄,2020,Q3,-15.707041331366314
東京製鉄,2020,Q4,-38.88996964065857
横河電機,2018,Q1,17.22380043208464
横河電機,2018,Q2,20.43165322982801
横河電機,2018,Q3,19.840253584976608
横河電機,2018,Q4,26.901259901838696
横河電機,2019,Q1,17.013406288315153
横河電機,2019,Q2,21.820587076983756
横河電機,2019,Q3,21.697961852374338
横河電機,2019,Q4,22.84783967768067
横河電機,2020,Q1,15.445058199475588
横河電機,2020,Q2,22.324404654689
横河電機,2020,Q3,19.753187481922122
横河電機,2020,Q4,13.823686943166855
神戸製鋼所,2018,Q1,17.536476653666444
神戸製鋼所,2018,Q2,35.11872379702184
神戸製鋼所,2018,Q3,43.011429036885175
神戸製鋼所,2018,Q4,21.403275301040694
神戸製鋼所,2019,Q1,11.310223994671864
神戸製鋼所,2019,Q2,26.53645397786373
神戸製鋼所,2019,Q3,-3.1857920610328367
神戸製鋼所,2019,Q4,-11.948393940683369
神戸製鋼所,2020,Q1,-90.25501753367986
神戸製鋼所,2020,Q2,-73.47951972740205
神戸製鋼所,2020,Q3,51.204992534866754
神戸製鋼所,2020,Q4,-45.84815050341397
積水化学工業,2018,Q1,21.70334137423396
積水化学工業,2018,Q2,50.559550151666464
積水化学工業,2018,Q3,27.26998443264577
積水化学工業,2018,Q4,44.14555915106814
積水化学工業,2019,Q1,27.0349246900854
積水化学工業,2019,Q2,61.09246390426521
積水化学工業,2019,Q3,34.739557000481874
積水化学工業,2019,Q4,39.14184767293512
積水化学工業,2020,Q1,12.235025249579417
積水化学工業,2020,Q2,38.74230995753111
積水化学工業,2020,Q3,17.435203666051056
積水化学工業,2020,Q4,38.84813785691863
第一三共,2018,Q1,34.0794019625507
第一三共,2018,Q2,15.343344183923733
第一三共,2018,Q3,51.155548920240534
第一三共,2018,Q4,44.01216961204562
第一三共,2019,Q1,75.15326966043742
第一三共,2019,Q2,60.56367995660233
第一三共,2019,Q3,40.507490239769744
第一三共,2019,Q4,54.678007452551505
第一三共,2020,Q1,48.39690630376899
第一三共,2020,Q2,40.6896120666886
第一三共,2020,Q3,47.78789597897307
第一三共,2020,Q4,46.646320290416696
豊田合成,2018,Q1,24.817189569492342
豊田合成,2018,Q2,18.165738796741376
豊田合成,2018,Q3,77.14261735620745
豊田合成,2018,Q4,46.25394277770229
豊田合成,2019,Q1,36.78213917121517
豊田合成,2019,Q2,37.96127025827371
豊田合成,2019,Q3,30.068657608615627
豊田合成,2019,Q4,88.79862884534647
豊田合成,2020,Q1,5.295163702275469
豊田合成,2020,Q2,60.70361472683288
豊田合成,2020,Q3,37.856799367174794
豊田合成,2020,Q4,80.69393769193594
野村不動産ホールディングス,2018,Q1,53.78642069786161
野村不動産ホールディングス,2018,Q2,47.54545688857726
野村不動産ホールディングス,2018,Q3,45.926040076365354
野村不動産ホールディングス,2018,Q4,117.91558133516604
野村不動産ホールディングス,2019,Q1,52.982259853602706
野村不動産ホールディングス,2019,Q2,44.3523076612662
野村不動産ホールディングス,2019,Q3,34.85714749345175
野村不動産ホールディングス,2019,Q4,125.21944410395038
野村不動産ホールディングス,2020,Q1,48.65964600913531
野村不動産ホールディングス,2020,Q2,43.812459708139244
野村不動産ホールディングス,2020,Q3,61.257432111070784
野村不動産ホールディングス,2020,Q4,110.5381122006425
関西ペイント,2018,Q1,12.690567702550064
関西ペイント,2018,Q2,29.741997256183108
関西ペイント,2018,Q3,25.912584455930173
関西ペイント,2018,Q4,10.731180807505112
関西ペイント,2019,Q1,30.320157498337476
関西ペイント,2019,Q2,25.950666360951672
関西ペイント,2019,Q3,21.724867893950545
関西ペイント,2019,Q4,1.0761006811412333
関西ペイント,2020,Q1,-0.853620193555253
関西ペイント,2020,Q2,13.475195235893358
関西ペイント,2020,Q3,26.624876592657888
関西ペイント,2020,Q4,21.098312654171796
ＪＦＥホールディングス,2018,Q1,31.03750893092362
ＪＦＥホールディングス,2018,Q2,29.589194721116048
ＪＦＥホールディングス,2018,Q3,63.21722495861283
ＪＦＥホールディングス,2018,Q4,16.290031541117376
ＪＦＥホールディングス,2019,Q1,1.9131758615314471
ＪＦＥホールディングス,2019,Q2,-14.610478093053223
ＪＦＥホールディングス,2019,Q3,16.690202061825875
ＪＦＥホールディングス,2019,Q4,24.879796614847603
ＪＦＥホールディングス,2020,Q1,-47.03959927963521
ＪＦＥホールディングス,2020,Q2,-78.37567152860454
ＪＦＥホールディングス,2020,Q3,-23.397740942618952
ＪＦＥホールディングス,2020,Q4,-131.04328885499226
ＪＳＲ,2018,Q1,36.892239272841145
ＪＳＲ,2018,Q2,44.705416099283205
ＪＳＲ,2018,Q3,47.0346166404654
ＪＳＲ,2018,Q4,33.51256189437339
ＪＳＲ,2019,Q1,30.741241993898345
ＪＳＲ,2019,Q2,28.44606961075077
ＪＳＲ,2019,Q3,38.02357175034948
ＪＳＲ,2019,Q4,24.19181605834119
ＪＳＲ,2020,Q1,22.51627105295276
ＪＳＲ,2020,Q2,18.526096845926812
ＪＳＲ,2020,Q3,27.461325464217282
ＪＳＲ,2020,Q4,23.446421316643505
ＳＣＲＥＥＮホールディングス,2018,Q1,109.16987404330787
ＳＣＲＥＥＮホールディングス,2018,Q2,128.02205600832093
ＳＣＲＥＥＮホールディングス,2018,Q3,96.0994279967503
ＳＣＲＥＥＮホールディングス,2018,Q4,119.89647184701353
ＳＣＲＥＥＮホールディングス,2019,Q1,21.52868725525846
ＳＣＲＥＥＮホールディングス,2019,Q2,108.7932956283733
ＳＣＲＥＥＮホールディングス,2019,Q3,65.41061218142585
ＳＣＲＥＥＮホールディングス,2019,Q4,90.68221192949333
ＳＣＲＥＥＮホールディングス,2020,Q1,-28.744183905797595
ＳＣＲＥＥＮホールディングス,2020,Q2,19.037633273350938
ＳＣＲＥＥＮホールディングス,2020,Q3,66.43927519883735
ＳＣＲＥＥＮホールディングス,2020,Q4,111.99181955074936
ＳＭＣ,2018,Q1,530.9770361946327
ＳＭＣ,2018,Q2,510.05127076637547
ＳＭＣ,2018,Q3,522.5976041860602
ＳＭＣ,2018,Q4,421.2408291394028
ＳＭＣ,2019,Q1,404.2466917684249
ＳＭＣ,2019,Q2,354.73375892612853
ＳＭＣ,2019,Q3,490.94562676079266
ＳＭＣ,2019,Q4,328.667154485346
ＳＭＣ,2020,Q1,441.3297572559111
ＳＭＣ,2020,Q2,484.4611759194056
ＳＭＣ,2020,Q3,541.0284898301859
ＳＭＣ,2020,Q4,608.64816611141
ＳＵＢＡＲＵ,2018,Q1,11.500153341396443
ＳＵＢＡＲＵ,2018,Q2,36.45229976775046
ＳＵＢＡＲＵ,2018,Q3,97.41687754070347
ＳＵＢＡＲＵ,2018,Q4,92.57737336935139
ＳＵＢＡＲＵ,2019,Q1,102.92947061410712
ＳＵＢＡＲＵ,2019,Q2,41.37222686511575
ＳＵＢＡＲＵ,2019,Q3,84.02516003385864
ＳＵＢＡＲＵ,2019,Q4,79.32522572173654
ＳＵＢＡＲＵ,2020,Q1,10.321795006984066
ＳＵＢＡＲＵ,2020,Q2,26.37728835033052
ＳＵＢＡＲＵ,2020,Q3,59.645502287395125
ＳＵＢＡＲＵ,2020,Q4,52.51831524541907
ＴＤＫ,2018,Q1,117.14892262250318
ＴＤＫ,2018,Q2,176.8574428609512
ＴＤＫ,2018,Q3,150.2612396661059
ＴＤＫ,2018,Q4,117.30447413650431
ＴＤＫ,2019,Q1,126.42395935202842
ＴＤＫ,2019,Q2,200.5060726123531
ＴＤＫ,2019,Q3,191.97211701831006
ＴＤＫ,2019,Q4,114.49098098592066
ＴＤＫ,2020,Q1,94.24693633910753
ＴＤＫ,2020,Q2,230.89432642874996
ＴＤＫ,2020,Q3,209.4030257626362
ＴＤＫ,2020,Q4,46.64389264132041
ＴＯＷＡ,2018,Q1,32.38055847965827
ＴＯＷＡ,2018,Q2,28.967704267081434
ＴＯＷＡ,2018,Q3,9.71349106843198
ＴＯＷＡ,2018,Q4,9.503804327818655
ＴＯＷＡ,2019,Q1,-15.392056844746314
ＴＯＷＡ,2019,Q2,4.510077284283809
ＴＯＷＡ,2019,Q3,5.132146324453092
ＴＯＷＡ,2019,Q4,13.771191606363361
ＴＯＷＡ,2020,Q1,10.82424867983395
ＴＯＷＡ,2020,Q2,16.203514616350503
ＴＯＷＡ,2020,Q3,29.716004721520903
ＴＯＷＡ,2020,Q4,33.61924280484263
