企業名,会計年度,四半期,y_hat_mmlp
あらた,2018,Q1,17.355686
あらた,2018,Q2,29.419876
あらた,2018,Q3,5.9571614
あらた,2018,Q4,39.801723
あらた,2019,Q1,25.324846
あらた,2019,Q2,52.425133
あらた,2019,Q3,8.10436
あらた,2019,Q4,15.116727
あらた,2020,Q1,36.149544
あらた,2020,Q2,13.962666
あらた,2020,Q3,18.8175
あらた,2020,Q4,45.051815
いすゞ自動車,2018,Q1,25.933693
いすゞ自動車,2018,Q2,16.094257
いすゞ自動車,2018,Q3,26.79394
いすゞ自動車,2018,Q4,27.410284
いすゞ自動車,2019,Q1,22.989878
いすゞ自動車,2019,Q2,17.688648
いすゞ自動車,2019,Q3,35.576904
いすゞ自動車,2019,Q4,20.347357
いすゞ自動車,2020,Q1,20.603876
いすゞ自動車,2020,Q2,32.274117
いすゞ自動車,2020,Q3,29.624523
いすゞ自動車,2020,Q4,29.922379
いなげや,2018,Q1,8.0653105
いなげや,2018,Q2,7.892528
いなげや,2018,Q3,6.8230805
いなげや,2018,Q4,7.0393133
いなげや,2019,Q1,-5.8143125
いなげや,2019,Q2,-20.927343
いなげや,2019,Q3,6.132206
いなげや,2019,Q4,5.609745
いなげや,2020,Q1,6.139928
いなげや,2020,Q2,7.255159
いなげや,2020,Q3,7.4644
いなげや,2020,Q4,9.0909395
かどや製油,2018,Q1,54.57553
かどや製油,2018,Q2,20.421688
かどや製油,2018,Q3,63.746998
かどや製油,2018,Q4,58.857048
かどや製油,2019,Q1,57.200634
かどや製油,2019,Q2,62.313385
かどや製油,2019,Q3,67.334625
かどや製油,2019,Q4,67.44138
かどや製油,2020,Q1,63.552883
かどや製油,2020,Q2,62.653027
かどや製油,2020,Q3,88.72704
かどや製油,2020,Q4,90.24568
きんでん,2018,Q1,14.89962
きんでん,2018,Q2,25.56204
きんでん,2018,Q3,26.363485
きんでん,2018,Q4,16.341654
きんでん,2019,Q1,28.850132
きんでん,2019,Q2,30.33415
きんでん,2019,Q3,29.353027
きんでん,2019,Q4,16.191578
きんでん,2020,Q1,19.056837
きんでん,2020,Q2,37.64682
きんでん,2020,Q3,20.976385
きんでん,2020,Q4,18.764975
さくらインターネット,2018,Q1,223.87473
さくらインターネット,2018,Q2,111.258804
さくらインターネット,2018,Q3,27.814259
さくらインターネット,2018,Q4,94.45466
さくらインターネット,2019,Q1,44.596817
さくらインターネット,2019,Q2,50.242355
さくらインターネット,2019,Q3,42.402683
さくらインターネット,2019,Q4,37.401222
さくらインターネット,2020,Q1,5.2683964
さくらインターネット,2020,Q2,4.262936
さくらインターネット,2020,Q3,6.162476
さくらインターネット,2020,Q4,7.095244
たけびし,2018,Q1,18.179495
たけびし,2018,Q2,18.627491
たけびし,2018,Q3,32.706654
たけびし,2018,Q4,30.027956
たけびし,2019,Q1,18.24683
たけびし,2019,Q2,15.511425
たけびし,2019,Q3,17.081835
たけびし,2019,Q4,44.966984
たけびし,2020,Q1,42.830204
たけびし,2020,Q2,33.14739
たけびし,2020,Q3,43.13834
たけびし,2020,Q4,44.38707
なとり,2018,Q1,21.42446
なとり,2018,Q2,21.408585
なとり,2018,Q3,24.369349
なとり,2018,Q4,23.432508
なとり,2019,Q1,32.858242
なとり,2019,Q2,21.530537
なとり,2019,Q3,13.8147135
なとり,2019,Q4,15.996835
なとり,2020,Q1,19.047964
なとり,2020,Q2,22.71078
なとり,2020,Q3,24.962545
なとり,2020,Q4,24.04603
はせがわ,2018,Q1,-6.099715
はせがわ,2018,Q2,17.978401
はせがわ,2018,Q3,1.6648117
はせがわ,2018,Q4,16.388372
はせがわ,2019,Q1,-8.829274
はせがわ,2019,Q2,2.7984803
はせがわ,2019,Q3,-0.05047846
はせがわ,2019,Q4,0.8183445
はせがわ,2020,Q1,-13.565202
はせがわ,2020,Q2,13.191271
はせがわ,2020,Q3,-20.883497
はせがわ,2020,Q4,-10.33119
はるやまホールディングス,2018,Q1,1.4111123
はるやまホールディングス,2018,Q2,-10.679666
はるやまホールディングス,2018,Q3,26.895744
はるやまホールディングス,2018,Q4,32.469437
はるやまホールディングス,2019,Q1,6.9602776
はるやまホールディングス,2019,Q2,-9.240775
はるやまホールディングス,2019,Q3,16.869335
はるやまホールディングス,2019,Q4,42.54551
はるやまホールディングス,2020,Q1,15.922535
はるやまホールディングス,2020,Q2,-10.70131
はるやまホールディングス,2020,Q3,12.519949
はるやまホールディングス,2020,Q4,28.064442
ぴあ,2018,Q1,13.857253
ぴあ,2018,Q2,12.223661
ぴあ,2018,Q3,16.34339
ぴあ,2018,Q4,19.152563
ぴあ,2019,Q1,9.998357
ぴあ,2019,Q2,17.846674
ぴあ,2019,Q3,18.784512
ぴあ,2019,Q4,7.998528
ぴあ,2020,Q1,-0.058217954
ぴあ,2020,Q2,-52.730434
ぴあ,2020,Q3,-25.303068
ぴあ,2020,Q4,-33.681683
やまや,2018,Q1,34.07564
やまや,2018,Q2,35.645393
やまや,2018,Q3,31.111181
やまや,2018,Q4,62.84619
やまや,2019,Q1,36.754295
やまや,2019,Q2,83.013535
やまや,2019,Q3,81.795235
やまや,2019,Q4,43.077507
やまや,2020,Q1,42.888004
やまや,2020,Q2,44.929493
やまや,2020,Q3,36.569866
やまや,2020,Q4,19.942947
りらいあコミュニケーションズ,2018,Q1,25.974136
りらいあコミュニケーションズ,2018,Q2,24.166239
りらいあコミュニケーションズ,2018,Q3,23.917583
りらいあコミュニケーションズ,2018,Q4,23.601318
りらいあコミュニケーションズ,2019,Q1,4.6693425
りらいあコミュニケーションズ,2019,Q2,17.354347
りらいあコミュニケーションズ,2019,Q3,5.9976807
りらいあコミュニケーションズ,2019,Q4,9.544378
りらいあコミュニケーションズ,2020,Q1,19.52511
りらいあコミュニケーションズ,2020,Q2,5.233508
りらいあコミュニケーションズ,2020,Q3,4.843386
りらいあコミュニケーションズ,2020,Q4,7.270047
わかもと製薬,2018,Q1,3.5150886
わかもと製薬,2018,Q2,-1.5718337
わかもと製薬,2018,Q3,2.9983351
わかもと製薬,2018,Q4,5.214045
わかもと製薬,2019,Q1,1.300143
わかもと製薬,2019,Q2,-6.4251046
わかもと製薬,2019,Q3,-19.269405
わかもと製薬,2019,Q4,-27.718779
わかもと製薬,2020,Q1,-2.420654
わかもと製薬,2020,Q2,-17.033846
わかもと製薬,2020,Q3,-1.7079655
わかもと製薬,2020,Q4,-4.0440536
アイカ工業,2018,Q1,36.490124
アイカ工業,2018,Q2,40.924828
アイカ工業,2018,Q3,20.72035
アイカ工業,2018,Q4,44.132477
アイカ工業,2019,Q1,21.881863
アイカ工業,2019,Q2,60.153084
アイカ工業,2019,Q3,48.275654
アイカ工業,2019,Q4,24.03459
アイカ工業,2020,Q1,23.575024
アイカ工業,2020,Q2,64.078804
アイカ工業,2020,Q3,62.2784
アイカ工業,2020,Q4,28.113182
アイコム,2018,Q1,21.663008
アイコム,2018,Q2,21.414877
アイコム,2018,Q3,22.380106
アイコム,2018,Q4,22.905064
アイコム,2019,Q1,24.889078
アイコム,2019,Q2,21.610077
アイコム,2019,Q3,29.49347
アイコム,2019,Q4,32.434376
アイコム,2020,Q1,34.793327
アイコム,2020,Q2,31.767483
アイコム,2020,Q3,29.186852
アイコム,2020,Q4,30.544611
アイシン,2018,Q1,83.8921
アイシン,2018,Q2,85.95177
アイシン,2018,Q3,54.500324
アイシン,2018,Q4,97.25967
アイシン,2019,Q1,141.26666
アイシン,2019,Q2,137.9547
アイシン,2019,Q3,132.06038
アイシン,2019,Q4,67.292274
アイシン,2020,Q1,116.28218
アイシン,2020,Q2,105.48982
アイシン,2020,Q3,96.621574
アイシン,2020,Q4,109.057526
アイダエンジニアリング,2018,Q1,8.450203
アイダエンジニアリング,2018,Q2,15.839109
アイダエンジニアリング,2018,Q3,14.500023
アイダエンジニアリング,2018,Q4,18.017761
アイダエンジニアリング,2019,Q1,15.262322
アイダエンジニアリング,2019,Q2,15.248056
アイダエンジニアリング,2019,Q3,15.071112
アイダエンジニアリング,2019,Q4,15.267235
アイダエンジニアリング,2020,Q1,14.51086
アイダエンジニアリング,2020,Q2,12.004237
アイダエンジニアリング,2020,Q3,10.054011
アイダエンジニアリング,2020,Q4,11.519916
アイチコーポレーション,2018,Q1,7.098443
アイチコーポレーション,2018,Q2,18.62467
アイチコーポレーション,2018,Q3,12.760613
アイチコーポレーション,2018,Q4,18.19279
アイチコーポレーション,2019,Q1,15.319793
アイチコーポレーション,2019,Q2,15.639379
アイチコーポレーション,2019,Q3,17.62994
アイチコーポレーション,2019,Q4,15.613696
アイチコーポレーション,2020,Q1,10.563956
アイチコーポレーション,2020,Q2,18.266775
アイチコーポレーション,2020,Q3,18.93186
アイチコーポレーション,2020,Q4,19.506393
アイティフォー,2018,Q1,3.6247704
アイティフォー,2018,Q2,5.8449483
アイティフォー,2018,Q3,6.015286
アイティフォー,2018,Q4,23.906761
アイティフォー,2019,Q1,2.7627122
アイティフォー,2019,Q2,6.1223416
アイティフォー,2019,Q3,5.921983
アイティフォー,2019,Q4,15.122482
アイティフォー,2020,Q1,4.3162074
アイティフォー,2020,Q2,8.2095585
アイティフォー,2020,Q3,8.502948
アイティフォー,2020,Q4,18.815054
アイティメディア,2018,Q1,-143.85373
アイティメディア,2018,Q2,-108.581566
アイティメディア,2018,Q3,-99.20846
アイティメディア,2018,Q4,-91.8946
アイティメディア,2019,Q1,-75.578186
アイティメディア,2019,Q2,-46.664482
アイティメディア,2019,Q3,6.040218
アイティメディア,2019,Q4,9.836431
アイティメディア,2020,Q1,10.534526
アイティメディア,2020,Q2,12.6167145
アイティメディア,2020,Q3,12.079583
アイティメディア,2020,Q4,13.438197
アイネス,2018,Q1,-7.0330415
アイネス,2018,Q2,16.10755
アイネス,2018,Q3,-5.4338527
アイネス,2018,Q4,15.119786
アイネス,2019,Q1,-3.728092
アイネス,2019,Q2,18.608875
アイネス,2019,Q3,8.976554
アイネス,2019,Q4,9.686588
アイネス,2020,Q1,25.190641
アイネス,2020,Q2,15.894406
アイネス,2020,Q3,14.071233
アイネス,2020,Q4,19.916443
アイネット,2018,Q1,10.350031
アイネット,2018,Q2,22.710806
アイネット,2018,Q3,17.005875
アイネット,2018,Q4,12.038243
アイネット,2019,Q1,18.496067
アイネット,2019,Q2,21.490793
アイネット,2019,Q3,21.04634
アイネット,2019,Q4,21.489817
アイネット,2020,Q1,23.83949
アイネット,2020,Q2,20.915619
アイネット,2020,Q3,21.019253
アイネット,2020,Q4,22.391447
アイホン,2018,Q1,23.956814
アイホン,2018,Q2,23.916779
アイホン,2018,Q3,25.187742
アイホン,2018,Q4,28.091167
アイホン,2019,Q1,31.828989
アイホン,2019,Q2,32.297447
アイホン,2019,Q3,32.472614
アイホン,2019,Q4,44.083992
アイホン,2020,Q1,32.325687
アイホン,2020,Q2,30.413303
アイホン,2020,Q3,32.538208
アイホン,2020,Q4,31.306162
アイロムグループ,2018,Q1,43.00211
アイロムグループ,2018,Q2,44.429424
アイロムグループ,2018,Q3,36.670494
アイロムグループ,2018,Q4,49.150932
アイロムグループ,2019,Q1,39.46392
アイロムグループ,2019,Q2,58.36124
アイロムグループ,2019,Q3,63.896214
アイロムグループ,2019,Q4,53.238445
アイロムグループ,2020,Q1,51.339108
アイロムグループ,2020,Q2,51.342785
アイロムグループ,2020,Q3,63.930504
アイロムグループ,2020,Q4,77.02909
アキレス,2018,Q1,11.694111
アキレス,2018,Q2,9.246781
アキレス,2018,Q3,6.5086803
アキレス,2018,Q4,5.266695
アキレス,2019,Q1,9.340053
アキレス,2019,Q2,7.438209
アキレス,2019,Q3,8.740207
アキレス,2019,Q4,11.3545685
アキレス,2020,Q1,12.909833
アキレス,2020,Q2,15.452299
アキレス,2020,Q3,13.198416
アキレス,2020,Q4,8.158243
アクシアル　リテイリング,2018,Q1,29.954737
アクシアル　リテイリング,2018,Q2,25.421066
アクシアル　リテイリング,2018,Q3,54.50332
アクシアル　リテイリング,2018,Q4,52.988026
アクシアル　リテイリング,2019,Q1,32.405922
アクシアル　リテイリング,2019,Q2,36.325294
アクシアル　リテイリング,2019,Q3,59.53872
アクシアル　リテイリング,2019,Q4,59.562366
アクシアル　リテイリング,2020,Q1,61.33481
アクシアル　リテイリング,2020,Q2,65.656395
アクシアル　リテイリング,2020,Q3,67.469666
アクシアル　リテイリング,2020,Q4,33.479744
アクセル,2018,Q1,16.728243
アクセル,2018,Q2,22.410679
アクセル,2018,Q3,0.78943205
アクセル,2018,Q4,2.8319893
アクセル,2019,Q1,-19.227455
アクセル,2019,Q2,-1.5480615
アクセル,2019,Q3,-3.1418705
アクセル,2019,Q4,-14.907477
アクセル,2020,Q1,0.3414397
アクセル,2020,Q2,21.222057
アクセル,2020,Q3,30.46438
アクセル,2020,Q4,-2.491811
アジアパイルホールディングス,2018,Q1,14.331601
アジアパイルホールディングス,2018,Q2,7.24175
アジアパイルホールディングス,2018,Q3,16.928026
アジアパイルホールディングス,2018,Q4,8.696458
アジアパイルホールディングス,2019,Q1,8.06927
アジアパイルホールディングス,2019,Q2,20.274288
アジアパイルホールディングス,2019,Q3,9.888682
アジアパイルホールディングス,2019,Q4,24.05538
アジアパイルホールディングス,2020,Q1,18.365725
アジアパイルホールディングス,2020,Q2,25.973047
アジアパイルホールディングス,2020,Q3,19.579466
アジアパイルホールディングス,2020,Q4,12.130731
アステラス製薬,2018,Q1,49.41734
アステラス製薬,2018,Q2,46.321297
アステラス製薬,2018,Q3,43.197735
アステラス製薬,2018,Q4,40.8708
アステラス製薬,2019,Q1,42.090183
アステラス製薬,2019,Q2,39.041866
アステラス製薬,2019,Q3,36.338577
アステラス製薬,2019,Q4,35.55609
アステラス製薬,2020,Q1,32.443325
アステラス製薬,2020,Q2,32.38403
アステラス製薬,2020,Q3,32.123306
アステラス製薬,2020,Q4,29.622696
アズビル,2018,Q1,49.743828
アズビル,2018,Q2,23.641378
アズビル,2018,Q3,38.756508
アズビル,2018,Q4,57.48669
アズビル,2019,Q1,55.081223
アズビル,2019,Q2,47.646
アズビル,2019,Q3,41.850742
アズビル,2019,Q4,43.94448
アズビル,2020,Q1,31.31208
アズビル,2020,Q2,44.33253
アズビル,2020,Q3,43.956306
アズビル,2020,Q4,28.57429
アズワン,2018,Q1,31.35861
アズワン,2018,Q2,59.464016
アズワン,2018,Q3,58.81108
アズワン,2018,Q4,41.685894
アズワン,2019,Q1,61.85295
アズワン,2019,Q2,39.8406
アズワン,2019,Q3,34.82606
アズワン,2019,Q4,33.077892
アズワン,2020,Q1,51.042095
アズワン,2020,Q2,92.5064
アズワン,2020,Q3,33.36579
アズワン,2020,Q4,94.57458
アツギ,2018,Q1,0.5411826
アツギ,2018,Q2,-5.4705434
アツギ,2018,Q3,18.74147
アツギ,2018,Q4,7.930783
アツギ,2019,Q1,-4.3803353
アツギ,2019,Q2,-6.394176
アツギ,2019,Q3,-42.098595
アツギ,2019,Q4,-76.95864
アツギ,2020,Q1,-12.589855
アツギ,2020,Q2,-0.7533102
アツギ,2020,Q3,-78.83343
アツギ,2020,Q4,-16.006296
アドウェイズ,2018,Q1,32.593765
アドウェイズ,2018,Q2,121.387474
アドウェイズ,2018,Q3,183.66252
アドウェイズ,2018,Q4,537.0847
アドウェイズ,2019,Q1,504.38177
アドウェイズ,2019,Q2,501.41296
アドウェイズ,2019,Q3,324.6671
アドウェイズ,2019,Q4,526.08813
アドウェイズ,2020,Q1,334.11398
アドウェイズ,2020,Q2,260.38104
アドウェイズ,2020,Q3,270.23254
アドウェイズ,2020,Q4,229.72855
アドソル日進,2018,Q1,22.050686
アドソル日進,2018,Q2,20.826008
アドソル日進,2018,Q3,24.984194
アドソル日進,2018,Q4,26.242695
アドソル日進,2019,Q1,27.358248
アドソル日進,2019,Q2,15.84671
アドソル日進,2019,Q3,26.849579
アドソル日進,2019,Q4,26.556103
アドソル日進,2020,Q1,25.74765
アドソル日進,2020,Q2,28.019289
アドソル日進,2020,Q3,15.881139
アドソル日進,2020,Q4,23.627384
アドバネクス,2018,Q1,0.46777484
アドバネクス,2018,Q2,3.6262643
アドバネクス,2018,Q3,4.95784
アドバネクス,2018,Q4,-2.4657378
アドバネクス,2019,Q1,-6.923624
アドバネクス,2019,Q2,-0.3490969
アドバネクス,2019,Q3,3.9141114
アドバネクス,2019,Q4,0.44550803
アドバネクス,2020,Q1,-5.745113
アドバネクス,2020,Q2,-4.073775
アドバネクス,2020,Q3,-5.7522054
アドバネクス,2020,Q4,-1.1424147
アドバンテスト,2018,Q1,27.582535
アドバンテスト,2018,Q2,7.1592145
アドバンテスト,2018,Q3,9.4871855
アドバンテスト,2018,Q4,5.6776624
アドバンテスト,2019,Q1,13.405048
アドバンテスト,2019,Q2,-25.28795
アドバンテスト,2019,Q3,-24.677212
アドバンテスト,2019,Q4,-15.427825
アドバンテスト,2020,Q1,-20.561079
アドバンテスト,2020,Q2,5.654229
アドバンテスト,2020,Q3,-0.27203643
アドバンテスト,2020,Q4,31.157461
アドヴァングループ,2018,Q1,19.428701
アドヴァングループ,2018,Q2,14.8908
アドヴァングループ,2018,Q3,29.746857
アドヴァングループ,2018,Q4,18.833754
アドヴァングループ,2019,Q1,29.23775
アドヴァングループ,2019,Q2,24.255617
アドヴァングループ,2019,Q3,22.220234
アドヴァングループ,2019,Q4,30.759907
アドヴァングループ,2020,Q1,23.282545
アドヴァングループ,2020,Q2,22.557396
アドヴァングループ,2020,Q3,37.064087
アドヴァングループ,2020,Q4,34.14477
アネスト岩田,2018,Q1,9.117163
アネスト岩田,2018,Q2,14.717486
アネスト岩田,2018,Q3,13.968264
アネスト岩田,2018,Q4,11.213094
アネスト岩田,2019,Q1,12.396521
アネスト岩田,2019,Q2,17.55647
アネスト岩田,2019,Q3,19.587904
アネスト岩田,2019,Q4,16.076838
アネスト岩田,2020,Q1,22.666948
アネスト岩田,2020,Q2,13.011693
アネスト岩田,2020,Q3,20.897238
アネスト岩田,2020,Q4,19.63127
アマダ,2018,Q1,4.061715
アマダ,2018,Q2,12.177421
アマダ,2018,Q3,12.293936
アマダ,2018,Q4,13.683225
アマダ,2019,Q1,9.069877
アマダ,2019,Q2,13.415739
アマダ,2019,Q3,9.068388
アマダ,2019,Q4,15.71002
アマダ,2020,Q1,9.505726
アマダ,2020,Q2,9.848195
アマダ,2020,Q3,16.152456
アマダ,2020,Q4,10.719872
アマノ,2018,Q1,12.218432
アマノ,2018,Q2,27.523825
アマノ,2018,Q3,16.289917
アマノ,2018,Q4,29.891973
アマノ,2019,Q1,18.271063
アマノ,2019,Q2,25.398499
アマノ,2019,Q3,17.999638
アマノ,2019,Q4,28.416807
アマノ,2020,Q1,36.49261
アマノ,2020,Q2,26.814354
アマノ,2020,Q3,27.287228
アマノ,2020,Q4,29.51641
アミューズ,2018,Q1,54.768127
アミューズ,2018,Q2,56.10707
アミューズ,2018,Q3,55.219013
アミューズ,2018,Q4,58.18263
アミューズ,2019,Q1,83.42626
アミューズ,2019,Q2,78.730194
アミューズ,2019,Q3,49.42995
アミューズ,2019,Q4,72.73488
アミューズ,2020,Q1,76.63206
アミューズ,2020,Q2,70.32563
アミューズ,2020,Q3,66.37517
アミューズ,2020,Q4,66.40333
アリアケジャパン,2018,Q1,11.715271
アリアケジャパン,2018,Q2,17.652994
アリアケジャパン,2018,Q3,21.283335
アリアケジャパン,2018,Q4,24.724714
アリアケジャパン,2019,Q1,69.81511
アリアケジャパン,2019,Q2,72.686134
アリアケジャパン,2019,Q3,73.84016
アリアケジャパン,2019,Q4,77.85679
アリアケジャパン,2020,Q1,64.33024
アリアケジャパン,2020,Q2,81.52415
アリアケジャパン,2020,Q3,84.490295
アリアケジャパン,2020,Q4,83.90708
アルインコ,2018,Q1,20.2271
アルインコ,2018,Q2,23.8879
アルインコ,2018,Q3,27.91642
アルインコ,2018,Q4,6.235777
アルインコ,2019,Q1,20.58674
アルインコ,2019,Q2,2.6776571
アルインコ,2019,Q3,20.071188
アルインコ,2019,Q4,19.67195
アルインコ,2020,Q1,25.202745
アルインコ,2020,Q2,26.070583
アルインコ,2020,Q3,26.873985
アルインコ,2020,Q4,25.649708
アルコニックス,2018,Q1,89.346535
アルコニックス,2018,Q2,70.06871
アルコニックス,2018,Q3,61.439102
アルコニックス,2018,Q4,114.67875
アルコニックス,2019,Q1,99.63233
アルコニックス,2019,Q2,95.85712
アルコニックス,2019,Q3,99.33786
アルコニックス,2019,Q4,84.19957
アルコニックス,2020,Q1,87.0861
アルコニックス,2020,Q2,89.44363
アルコニックス,2020,Q3,79.12927
アルコニックス,2020,Q4,91.071785
アルゴグラフィックス,2018,Q1,42.825153
アルゴグラフィックス,2018,Q2,49.647327
アルゴグラフィックス,2018,Q3,44.022655
アルゴグラフィックス,2018,Q4,30.697346
アルゴグラフィックス,2019,Q1,56.008602
アルゴグラフィックス,2019,Q2,31.98606
アルゴグラフィックス,2019,Q3,53.67567
アルゴグラフィックス,2019,Q4,27.548197
アルゴグラフィックス,2020,Q1,56.933765
アルゴグラフィックス,2020,Q2,71.93106
アルゴグラフィックス,2020,Q3,72.109116
アルゴグラフィックス,2020,Q4,75.1977
アルビス,2018,Q1,23.456476
アルビス,2018,Q2,16.623823
アルビス,2018,Q3,23.987818
アルビス,2018,Q4,24.044525
アルビス,2019,Q1,19.84301
アルビス,2019,Q2,41.465607
アルビス,2019,Q3,42.89808
アルビス,2019,Q4,45.121235
アルビス,2020,Q1,47.550976
アルビス,2020,Q2,49.365597
アルビス,2020,Q3,45.206978
アルビス,2020,Q4,44.999084
アルファ,2018,Q1,14.521743
アルファ,2018,Q2,25.703516
アルファ,2018,Q3,36.53096
アルファ,2018,Q4,40.57632
アルファ,2019,Q1,30.949331
アルファ,2019,Q2,20.431223
アルファ,2019,Q3,56.044353
アルファ,2019,Q4,25.61161
アルファ,2020,Q1,18.340782
アルファ,2020,Q2,17.855679
アルファ,2020,Q3,16.746674
アルファ,2020,Q4,15.426163
アルファシステムズ,2018,Q1,38.82984
アルファシステムズ,2018,Q2,17.158455
アルファシステムズ,2018,Q3,40.905857
アルファシステムズ,2018,Q4,32.323055
アルファシステムズ,2019,Q1,28.724281
アルファシステムズ,2019,Q2,32.163013
アルファシステムズ,2019,Q3,33.24955
アルファシステムズ,2019,Q4,18.227037
アルファシステムズ,2020,Q1,35.600792
アルファシステムズ,2020,Q2,18.694086
アルファシステムズ,2020,Q3,20.025185
アルファシステムズ,2020,Q4,22.428164
アルフレッサ　ホールディングス,2018,Q1,45.040005
アルフレッサ　ホールディングス,2018,Q2,48.355263
アルフレッサ　ホールディングス,2018,Q3,47.74608
アルフレッサ　ホールディングス,2018,Q4,46.98504
アルフレッサ　ホールディングス,2019,Q1,40.88893
アルフレッサ　ホールディングス,2019,Q2,46.921597
アルフレッサ　ホールディングス,2019,Q3,38.56855
アルフレッサ　ホールディングス,2019,Q4,66.465546
アルフレッサ　ホールディングス,2020,Q1,44.259693
アルフレッサ　ホールディングス,2020,Q2,45.33928
アルフレッサ　ホールディングス,2020,Q3,48.2819
アルフレッサ　ホールディングス,2020,Q4,80.53678
アルプスアルパイン,2018,Q1,44.28823
アルプスアルパイン,2018,Q2,19.908289
アルプスアルパイン,2018,Q3,23.06075
アルプスアルパイン,2018,Q4,22.632633
アルプスアルパイン,2019,Q1,35.160583
アルプスアルパイン,2019,Q2,33.133827
アルプスアルパイン,2019,Q3,12.914037
アルプスアルパイン,2019,Q4,20.502888
アルプスアルパイン,2020,Q1,16.668062
アルプスアルパイン,2020,Q2,15.40861
アルプスアルパイン,2020,Q3,4.1268873
アルプスアルパイン,2020,Q4,13.792474
アルプス物流,2018,Q1,39.72009
アルプス物流,2018,Q2,40.139343
アルプス物流,2018,Q3,35.958588
アルプス物流,2018,Q4,23.646542
アルプス物流,2019,Q1,36.010235
アルプス物流,2019,Q2,35.848816
アルプス物流,2019,Q3,35.83549
アルプス物流,2019,Q4,19.985811
アルプス物流,2020,Q1,33.478786
アルプス物流,2020,Q2,32.680023
アルプス物流,2020,Q3,34.623615
アルプス物流,2020,Q4,36.039005
アンリツ,2018,Q1,4.347343
アンリツ,2018,Q2,2.753069
アンリツ,2018,Q3,10.716386
アンリツ,2018,Q4,14.487924
アンリツ,2019,Q1,16.972414
アンリツ,2019,Q2,17.937614
アンリツ,2019,Q3,17.381636
アンリツ,2019,Q4,18.415197
アンリツ,2020,Q1,17.702602
アンリツ,2020,Q2,17.346262
アンリツ,2020,Q3,17.81941
アンリツ,2020,Q4,6.702423
アートネイチャー,2018,Q1,3.5090382
アートネイチャー,2018,Q2,17.547895
アートネイチャー,2018,Q3,16.703966
アートネイチャー,2018,Q4,22.292583
アートネイチャー,2019,Q1,22.362137
アートネイチャー,2019,Q2,23.841068
アートネイチャー,2019,Q3,27.831974
アートネイチャー,2019,Q4,25.999746
アートネイチャー,2020,Q1,23.226255
アートネイチャー,2020,Q2,21.485132
アートネイチャー,2020,Q3,21.324087
アートネイチャー,2020,Q4,20.697824
アーレスティ,2018,Q1,28.131289
アーレスティ,2018,Q2,41.024113
アーレスティ,2018,Q3,29.822128
アーレスティ,2018,Q4,25.739985
アーレスティ,2019,Q1,24.831142
アーレスティ,2019,Q2,27.34974
アーレスティ,2019,Q3,20.62813
アーレスティ,2019,Q4,21.519842
アーレスティ,2020,Q1,21.638372
アーレスティ,2020,Q2,18.748846
アーレスティ,2020,Q3,17.693432
アーレスティ,2020,Q4,26.28461
イエローハット,2018,Q1,91.59354
イエローハット,2018,Q2,47.524075
イエローハット,2018,Q3,69.78174
イエローハット,2018,Q4,41.752186
イエローハット,2019,Q1,103.496445
イエローハット,2019,Q2,45.260834
イエローハット,2019,Q3,73.73959
イエローハット,2019,Q4,48.98083
イエローハット,2020,Q1,66.97626
イエローハット,2020,Q2,67.06455
イエローハット,2020,Q3,64.955635
イエローハット,2020,Q4,65.06398
イソライト工業,2018,Q1,-3.611787
イソライト工業,2018,Q2,-3.0961902
イソライト工業,2018,Q3,-1.7918255
イソライト工業,2018,Q4,12.622329
イソライト工業,2019,Q1,9.093641
イソライト工業,2019,Q2,18.449657
イソライト工業,2019,Q3,11.527948
イソライト工業,2019,Q4,17.901217
イソライト工業,2020,Q1,12.654109
イソライト工業,2020,Q2,12.547452
イソライト工業,2020,Q3,13.408219
イソライト工業,2020,Q4,14.579762
イチカワ,2018,Q1,1.743346
イチカワ,2018,Q2,7.3625984
イチカワ,2018,Q3,3.5713172
イチカワ,2018,Q4,1.6345702
イチカワ,2019,Q1,-2.1707351
イチカワ,2019,Q2,3.998309
イチカワ,2019,Q3,5.4686875
イチカワ,2019,Q4,5.6545343
イチカワ,2020,Q1,6.840013
イチカワ,2020,Q2,6.429795
イチカワ,2020,Q3,7.45537
イチカワ,2020,Q4,11.322314
イチケン,2018,Q1,59.444332
イチケン,2018,Q2,23.758503
イチケン,2018,Q3,11.939446
イチケン,2018,Q4,20.16899
イチケン,2019,Q1,21.157711
イチケン,2019,Q2,12.709082
イチケン,2019,Q3,23.746353
イチケン,2019,Q4,30.16459
イチケン,2020,Q1,21.851618
イチケン,2020,Q2,39.653736
イチケン,2020,Q3,52.85865
イチケン,2020,Q4,17.604177
イチネンホールディングス,2018,Q1,28.916422
イチネンホールディングス,2018,Q2,29.636393
イチネンホールディングス,2018,Q3,22.541592
イチネンホールディングス,2018,Q4,33.560505
イチネンホールディングス,2019,Q1,34.96808
イチネンホールディングス,2019,Q2,18.230328
イチネンホールディングス,2019,Q3,34.605503
イチネンホールディングス,2019,Q4,21.601149
イチネンホールディングス,2020,Q1,51.058285
イチネンホールディングス,2020,Q2,23.800983
イチネンホールディングス,2020,Q3,19.373053
イチネンホールディングス,2020,Q4,44.712883
イノテック,2018,Q1,11.660331
イノテック,2018,Q2,11.044074
イノテック,2018,Q3,13.8661785
イノテック,2018,Q4,16.990705
イノテック,2019,Q1,8.892266
イノテック,2019,Q2,14.629622
イノテック,2019,Q3,11.735077
イノテック,2019,Q4,10.649349
イノテック,2020,Q1,21.523893
イノテック,2020,Q2,22.40544
イノテック,2020,Q3,14.866661
イノテック,2020,Q4,14.568335
イビデン,2018,Q1,8.394466
イビデン,2018,Q2,8.472915
イビデン,2018,Q3,10.919642
イビデン,2018,Q4,-2.301511
イビデン,2019,Q1,9.878541
イビデン,2019,Q2,0.4369518
イビデン,2019,Q3,2.4310663
イビデン,2019,Q4,6.4058733
イビデン,2020,Q1,-1.2520347
イビデン,2020,Q2,-2.0345457
イビデン,2020,Q3,8.705847
イビデン,2020,Q4,4.2330008
イフジ産業,2018,Q1,23.325867
イフジ産業,2018,Q2,24.606953
イフジ産業,2018,Q3,11.428135
イフジ産業,2018,Q4,21.719967
イフジ産業,2019,Q1,16.70104
イフジ産業,2019,Q2,12.054204
イフジ産業,2019,Q3,22.141607
イフジ産業,2019,Q4,17.927933
イフジ産業,2020,Q1,24.434097
イフジ産業,2020,Q2,12.057796
イフジ産業,2020,Q3,12.819885
イフジ産業,2020,Q4,12.981679
イリソ電子工業,2018,Q1,50.50373
イリソ電子工業,2018,Q2,50.417526
イリソ電子工業,2018,Q3,81.727684
イリソ電子工業,2018,Q4,79.39373
イリソ電子工業,2019,Q1,64.76291
イリソ電子工業,2019,Q2,58.482105
イリソ電子工業,2019,Q3,62.85662
イリソ電子工業,2019,Q4,13.5235195
イリソ電子工業,2020,Q1,18.55046
イリソ電子工業,2020,Q2,57.839565
イリソ電子工業,2020,Q3,73.9766
イリソ電子工業,2020,Q4,76.17143
インターネットイニシアティブ,2018,Q1,1545.0938
インターネットイニシアティブ,2018,Q2,1522.7808
インターネットイニシアティブ,2018,Q3,1461.0912
インターネットイニシアティブ,2018,Q4,1385.1633
インターネットイニシアティブ,2019,Q1,1225.7867
インターネットイニシアティブ,2019,Q2,1202.7135
インターネットイニシアティブ,2019,Q3,1135.8647
インターネットイニシアティブ,2019,Q4,1039.432
インターネットイニシアティブ,2020,Q1,538.9711
インターネットイニシアティブ,2020,Q2,743.68695
インターネットイニシアティブ,2020,Q3,618.31335
インターネットイニシアティブ,2020,Q4,498.6193
インフォコム,2018,Q1,1443.1437
インフォコム,2018,Q2,1491.374
インフォコム,2018,Q3,1440.9182
インフォコム,2018,Q4,1423.6553
インフォコム,2019,Q1,1228.457
インフォコム,2019,Q2,1230.3547
インフォコム,2019,Q3,1179.455
インフォコム,2019,Q4,1100.3218
インフォコム,2020,Q1,921.9336
インフォコム,2020,Q2,846.2337
インフォコム,2020,Q3,803.91815
インフォコム,2020,Q4,799.01904
インプレスホールディングス,2018,Q1,-0.09321869
インプレスホールディングス,2018,Q2,3.6483095
インプレスホールディングス,2018,Q3,9.812998
インプレスホールディングス,2018,Q4,-4.83366
インプレスホールディングス,2019,Q1,2.727584
インプレスホールディングス,2019,Q2,1.5528181
インプレスホールディングス,2019,Q3,1.5810176
インプレスホールディングス,2019,Q4,-12.823716
インプレスホールディングス,2020,Q1,2.4482064
インプレスホールディングス,2020,Q2,7.734378
インプレスホールディングス,2020,Q3,20.658484
インプレスホールディングス,2020,Q4,-13.587549
イーグル工業,2018,Q1,53.346184
イーグル工業,2018,Q2,24.236301
イーグル工業,2018,Q3,55.83521
イーグル工業,2018,Q4,28.11336
イーグル工業,2019,Q1,56.811646
イーグル工業,2019,Q2,26.351072
イーグル工業,2019,Q3,28.22855
イーグル工業,2019,Q4,30.149878
イーグル工業,2020,Q1,28.529202
イーグル工業,2020,Q2,12.431676
イーグル工業,2020,Q3,18.476469
イーグル工業,2020,Q4,32.731583
ウシオ電機,2018,Q1,19.315493
ウシオ電機,2018,Q2,18.867231
ウシオ電機,2018,Q3,18.809303
ウシオ電機,2018,Q4,19.378696
ウシオ電機,2019,Q1,19.940115
ウシオ電機,2019,Q2,26.573456
ウシオ電機,2019,Q3,13.927669
ウシオ電機,2019,Q4,16.425886
ウシオ電機,2020,Q1,19.374168
ウシオ電機,2020,Q2,18.695822
ウシオ電機,2020,Q3,13.778421
ウシオ電機,2020,Q4,17.49665
ウッドワン,2018,Q1,4.7211924
ウッドワン,2018,Q2,4.46377
ウッドワン,2018,Q3,17.522095
ウッドワン,2018,Q4,6.635692
ウッドワン,2019,Q1,4.347032
ウッドワン,2019,Q2,8.614686
ウッドワン,2019,Q3,9.631436
ウッドワン,2019,Q4,9.710475
ウッドワン,2020,Q1,7.9152155
ウッドワン,2020,Q2,10.034759
ウッドワン,2020,Q3,13.749458
ウッドワン,2020,Q4,13.746239
エア・ウォーター,2018,Q1,19.928421
エア・ウォーター,2018,Q2,38.73133
エア・ウォーター,2018,Q3,31.608517
エア・ウォーター,2018,Q4,32.50531
エア・ウォーター,2019,Q1,32.61828
エア・ウォーター,2019,Q2,21.25106
エア・ウォーター,2019,Q3,34.252007
エア・ウォーター,2019,Q4,34.34355
エア・ウォーター,2020,Q1,44.961784
エア・ウォーター,2020,Q2,34.89869
エア・ウォーター,2020,Q3,47.360558
エア・ウォーター,2020,Q4,20.390057
エイチワン,2018,Q1,24.203308
エイチワン,2018,Q2,26.917933
エイチワン,2018,Q3,23.526432
エイチワン,2018,Q4,38.58372
エイチワン,2019,Q1,36.138535
エイチワン,2019,Q2,34.428783
エイチワン,2019,Q3,34.825333
エイチワン,2019,Q4,35.78197
エイチワン,2020,Q1,33.22814
エイチワン,2020,Q2,31.090643
エイチワン,2020,Q3,40.325886
エイチワン,2020,Q4,41.42451
エイチ・ツー・オー　リテイリン,2018,Q1,50.513504
エイチ・ツー・オー　リテイリン,2018,Q2,11.614729
エイチ・ツー・オー　リテイリン,2018,Q3,23.477636
エイチ・ツー・オー　リテイリン,2018,Q4,4.044679
エイチ・ツー・オー　リテイリン,2019,Q1,15.086202
エイチ・ツー・オー　リテイリン,2019,Q2,2.1494548
エイチ・ツー・オー　リテイリン,2019,Q3,8.62798
エイチ・ツー・オー　リテイリン,2019,Q4,2.7762597
エイチ・ツー・オー　リテイリン,2020,Q1,19.390951
エイチ・ツー・オー　リテイリン,2020,Q2,7.7127156
エイチ・ツー・オー　リテイリン,2020,Q3,2.9668758
エイチ・ツー・オー　リテイリン,2020,Q4,4.576133
エイベックス,2018,Q1,25.313503
エイベックス,2018,Q2,26.46908
エイベックス,2018,Q3,26.06641
エイベックス,2018,Q4,16.82171
エイベックス,2019,Q1,24.55541
エイベックス,2019,Q2,1.38861
エイベックス,2019,Q3,0.3491823
エイベックス,2019,Q4,21.419296
エイベックス,2020,Q1,11.960435
エイベックス,2020,Q2,10.923395
エイベックス,2020,Q3,19.179716
エイベックス,2020,Q4,-1.7457196
エクセディ,2018,Q1,66.53866
エクセディ,2018,Q2,75.29913
エクセディ,2018,Q3,41.671604
エクセディ,2018,Q4,43.939785
エクセディ,2019,Q1,55.659042
エクセディ,2019,Q2,88.11159
エクセディ,2019,Q3,45.235466
エクセディ,2019,Q4,88.24833
エクセディ,2020,Q1,77.337875
エクセディ,2020,Q2,76.31592
エクセディ,2020,Q3,78.54175
エクセディ,2020,Q4,78.606674
エステー,2018,Q1,12.154956
エステー,2018,Q2,17.73185
エステー,2018,Q3,19.93761
エステー,2018,Q4,9.467012
エステー,2019,Q1,10.720569
エステー,2019,Q2,19.935274
エステー,2019,Q3,20.485323
エステー,2019,Q4,11.966881
エステー,2020,Q1,13.124202
エステー,2020,Q2,12.3343315
エステー,2020,Q3,12.029783
エステー,2020,Q4,13.6662445
エステールホールディングス,2018,Q1,27.429266
エステールホールディングス,2018,Q2,20.331215
エステールホールディングス,2018,Q3,24.555254
エステールホールディングス,2018,Q4,14.357889
エステールホールディングス,2019,Q1,16.469645
エステールホールディングス,2019,Q2,19.861023
エステールホールディングス,2019,Q3,20.098265
エステールホールディングス,2019,Q4,24.622713
エステールホールディングス,2020,Q1,26.740705
エステールホールディングス,2020,Q2,21.264107
エステールホールディングス,2020,Q3,21.466564
エステールホールディングス,2020,Q4,27.263756
エスペック,2018,Q1,12.690729
エスペック,2018,Q2,20.110676
エスペック,2018,Q3,21.576643
エスペック,2018,Q4,24.838842
エスペック,2019,Q1,26.89781
エスペック,2019,Q2,26.347393
エスペック,2019,Q3,26.13922
エスペック,2019,Q4,20.34248
エスペック,2020,Q1,21.786728
エスペック,2020,Q2,27.679455
エスペック,2020,Q3,28.31613
エスペック,2020,Q4,27.434513
エスライン,2018,Q1,16.163788
エスライン,2018,Q2,11.829238
エスライン,2018,Q3,12.563871
エスライン,2018,Q4,16.984222
エスライン,2019,Q1,21.496311
エスライン,2019,Q2,22.827436
エスライン,2019,Q3,23.823536
エスライン,2019,Q4,24.24587
エスライン,2020,Q1,26.44946
エスライン,2020,Q2,31.187805
エスライン,2020,Q3,30.022394
エスライン,2020,Q4,33.122623
エスリード,2018,Q1,24.429113
エスリード,2018,Q2,33.716793
エスリード,2018,Q3,2.525083
エスリード,2018,Q4,18.126041
エスリード,2019,Q1,18.000391
エスリード,2019,Q2,41.205883
エスリード,2019,Q3,38.96465
エスリード,2019,Q4,64.17569
エスリード,2020,Q1,61.13135
エスリード,2020,Q2,46.400463
エスリード,2020,Q3,45.108227
エスリード,2020,Q4,25.094574
エス・エム・エス,2018,Q1,59.79878
エス・エム・エス,2018,Q2,868.5747
エス・エム・エス,2018,Q3,872.7873
エス・エム・エス,2018,Q4,869.31915
エス・エム・エス,2019,Q1,786.70905
エス・エム・エス,2019,Q2,598.31824
エス・エム・エス,2019,Q3,599.38074
エス・エム・エス,2019,Q4,690.06104
エス・エム・エス,2020,Q1,542.2059
エス・エム・エス,2020,Q2,396.5644
エス・エム・エス,2020,Q3,367.87747
エス・エム・エス,2020,Q4,365.41837
エディオン,2018,Q1,18.398146
エディオン,2018,Q2,19.16264
エディオン,2018,Q3,24.532911
エディオン,2018,Q4,18.307623
エディオン,2019,Q1,18.43106
エディオン,2019,Q2,18.5572
エディオン,2019,Q3,22.848375
エディオン,2019,Q4,21.337225
エディオン,2020,Q1,21.715424
エディオン,2020,Q2,22.71972
エディオン,2020,Q3,22.44184
エディオン,2020,Q4,22.547304
エヌ・ティ・ティ・データ,2018,Q1,879.6057
エヌ・ティ・ティ・データ,2018,Q2,1381.2828
エヌ・ティ・ティ・データ,2018,Q3,1304.3083
エヌ・ティ・ティ・データ,2018,Q4,1263.658
エヌ・ティ・ティ・データ,2019,Q1,1096.5637
エヌ・ティ・ティ・データ,2019,Q2,1015.46234
エヌ・ティ・ティ・データ,2019,Q3,996.2875
エヌ・ティ・ティ・データ,2019,Q4,841.6156
エヌ・ティ・ティ・データ,2020,Q1,727.0427
エヌ・ティ・ティ・データ,2020,Q2,710.8578
エヌ・ティ・ティ・データ,2020,Q3,613.91034
エヌ・ティ・ティ・データ,2020,Q4,568.6466
エノモト,2018,Q1,24.72362
エノモト,2018,Q2,17.763132
エノモト,2018,Q3,27.892838
エノモト,2018,Q4,19.934849
エノモト,2019,Q1,26.241877
エノモト,2019,Q2,11.591932
エノモト,2019,Q3,12.826215
エノモト,2019,Q4,32.041996
エノモト,2020,Q1,27.565912
エノモト,2020,Q2,17.008764
エノモト,2020,Q3,29.007067
エノモト,2020,Q4,29.14313
エバラ食品工業,2018,Q1,28.987175
エバラ食品工業,2018,Q2,30.206661
エバラ食品工業,2018,Q3,19.117878
エバラ食品工業,2018,Q4,33.168896
エバラ食品工業,2019,Q1,27.73549
エバラ食品工業,2019,Q2,26.77372
エバラ食品工業,2019,Q3,28.188547
エバラ食品工業,2019,Q4,13.980094
エバラ食品工業,2020,Q1,25.47472
エバラ食品工業,2020,Q2,0.4360993
エバラ食品工業,2020,Q3,35.17042
エバラ食品工業,2020,Q4,18.888533
エフテック,2018,Q1,65.751396
エフテック,2018,Q2,37.949425
エフテック,2018,Q3,34.651752
エフテック,2018,Q4,36.30085
エフテック,2019,Q1,61.838898
エフテック,2019,Q2,39.237656
エフテック,2019,Q3,22.188745
エフテック,2019,Q4,31.42679
エフテック,2020,Q1,34.55623
エフテック,2020,Q2,29.870762
エフテック,2020,Q3,30.534958
エフテック,2020,Q4,10.074226
エフピコ,2018,Q1,106.86881
エフピコ,2018,Q2,63.650433
エフピコ,2018,Q3,63.341988
エフピコ,2018,Q4,103.321045
エフピコ,2019,Q1,100.84273
エフピコ,2019,Q2,96.58243
エフピコ,2019,Q3,52.55796
エフピコ,2019,Q4,51.671814
エフピコ,2020,Q1,55.1275
エフピコ,2020,Q2,59.799942
エフピコ,2020,Q3,103.4305
エフピコ,2020,Q4,46.504917
エフ・シー・シー,2018,Q1,59.47584
エフ・シー・シー,2018,Q2,61.75136
エフ・シー・シー,2018,Q3,65.32627
エフ・シー・シー,2018,Q4,67.07311
エフ・シー・シー,2019,Q1,38.76568
エフ・シー・シー,2019,Q2,31.823938
エフ・シー・シー,2019,Q3,54.930794
エフ・シー・シー,2019,Q4,55.69959
エフ・シー・シー,2020,Q1,67.27155
エフ・シー・シー,2020,Q2,46.232414
エフ・シー・シー,2020,Q3,55.357918
エフ・シー・シー,2020,Q4,51.618713
エフ・ジェー・ネクスト,2018,Q1,39.62008
エフ・ジェー・ネクスト,2018,Q2,42.043335
エフ・ジェー・ネクスト,2018,Q3,19.427778
エフ・ジェー・ネクスト,2018,Q4,20.50975
エフ・ジェー・ネクスト,2019,Q1,37.174816
エフ・ジェー・ネクスト,2019,Q2,25.422007
エフ・ジェー・ネクスト,2019,Q3,58.94001
エフ・ジェー・ネクスト,2019,Q4,55.712414
エフ・ジェー・ネクスト,2020,Q1,32.05799
エフ・ジェー・ネクスト,2020,Q2,28.07209
エフ・ジェー・ネクスト,2020,Q3,54.61122
エフ・ジェー・ネクスト,2020,Q4,28.109768
エムスリー,2018,Q1,1205.2816
エムスリー,2018,Q2,1207.6171
エムスリー,2018,Q3,1196.3389
エムスリー,2018,Q4,1044.8359
エムスリー,2019,Q1,862.26666
エムスリー,2019,Q2,921.70465
エムスリー,2019,Q3,756.7726
エムスリー,2019,Q4,751.6092
エムスリー,2020,Q1,576.1546
エムスリー,2020,Q2,535.7245
エムスリー,2020,Q3,402.1886
エムスリー,2020,Q4,428.25394
エレコム,2018,Q1,58.968357
エレコム,2018,Q2,27.943924
エレコム,2018,Q3,63.82077
エレコム,2018,Q4,65.17351
エレコム,2019,Q1,66.59031
エレコム,2019,Q2,65.879
エレコム,2019,Q3,69.6494
エレコム,2019,Q4,68.27292
エレコム,2020,Q1,57.650604
エレコム,2020,Q2,72.99672
エレコム,2020,Q3,73.57738
エレコム,2020,Q4,32.4262
エレマテック,2018,Q1,66.984726
エレマテック,2018,Q2,70.10345
エレマテック,2018,Q3,72.158676
エレマテック,2018,Q4,27.547897
エレマテック,2019,Q1,4.0464883
エレマテック,2019,Q2,29.058878
エレマテック,2019,Q3,1.0542156
エレマテック,2019,Q4,31.834269
エレマテック,2020,Q1,38.848072
エレマテック,2020,Q2,21.739807
エレマテック,2020,Q3,47.540756
エレマテック,2020,Q4,54.912754
エンシュウ,2018,Q1,2.107285
エンシュウ,2018,Q2,1.1886814
エンシュウ,2018,Q3,5.312625
エンシュウ,2018,Q4,34.111366
エンシュウ,2019,Q1,66.287
エンシュウ,2019,Q2,65.580315
エンシュウ,2019,Q3,24.543518
エンシュウ,2019,Q4,5.602313
エンシュウ,2020,Q1,7.559346
エンシュウ,2020,Q2,5.890556
エンシュウ,2020,Q3,5.62411
エンシュウ,2020,Q4,7.9317575
エンプラス,2018,Q1,77.11571
エンプラス,2018,Q2,61.137897
エンプラス,2018,Q3,58.54413
エンプラス,2018,Q4,67.60332
エンプラス,2019,Q1,54.244064
エンプラス,2019,Q2,48.170815
エンプラス,2019,Q3,80.16258
エンプラス,2019,Q4,79.83523
エンプラス,2020,Q1,76.72547
エンプラス,2020,Q2,70.44734
エンプラス,2020,Q3,76.40898
エンプラス,2020,Q4,71.43322
エーアンドエーマテリアル,2018,Q1,26.335075
エーアンドエーマテリアル,2018,Q2,18.17206
エーアンドエーマテリアル,2018,Q3,6.2222486
エーアンドエーマテリアル,2018,Q4,4.9961076
エーアンドエーマテリアル,2019,Q1,9.67312
エーアンドエーマテリアル,2019,Q2,9.081757
エーアンドエーマテリアル,2019,Q3,11.872732
エーアンドエーマテリアル,2019,Q4,19.182499
エーアンドエーマテリアル,2020,Q1,34.506096
エーアンドエーマテリアル,2020,Q2,15.605137
エーアンドエーマテリアル,2020,Q3,22.81642
エーアンドエーマテリアル,2020,Q4,24.866123
エーザイ,2018,Q1,45.14076
エーザイ,2018,Q2,45.585693
エーザイ,2018,Q3,31.319872
エーザイ,2018,Q4,29.227726
エーザイ,2019,Q1,37.653137
エーザイ,2019,Q2,32.42489
エーザイ,2019,Q3,35.456142
エーザイ,2019,Q4,38.844902
エーザイ,2020,Q1,67.12202
エーザイ,2020,Q2,74.2236
エーザイ,2020,Q3,52.23867
エーザイ,2020,Q4,52.454124
エー・アンド・デイ,2018,Q1,3.4310405
エー・アンド・デイ,2018,Q2,12.829749
エー・アンド・デイ,2018,Q3,-0.01098999
エー・アンド・デイ,2018,Q4,6.1553545
エー・アンド・デイ,2019,Q1,13.93337
エー・アンド・デイ,2019,Q2,21.161913
エー・アンド・デイ,2019,Q3,7.916411
エー・アンド・デイ,2019,Q4,15.744314
エー・アンド・デイ,2020,Q1,16.17649
エー・アンド・デイ,2020,Q2,15.271736
エー・アンド・デイ,2020,Q3,15.354532
エー・アンド・デイ,2020,Q4,20.165909
オイレス工業,2018,Q1,30.989206
オイレス工業,2018,Q2,20.623653
オイレス工業,2018,Q3,19.888702
オイレス工業,2018,Q4,44.4745
オイレス工業,2019,Q1,19.478863
オイレス工業,2019,Q2,46.424236
オイレス工業,2019,Q3,19.822113
オイレス工業,2019,Q4,21.24706
オイレス工業,2020,Q1,47.352684
オイレス工業,2020,Q2,25.88035
オイレス工業,2020,Q3,27.838062
オイレス工業,2020,Q4,26.888878
オカダアイヨン,2018,Q1,20.726843
オカダアイヨン,2018,Q2,24.879095
オカダアイヨン,2018,Q3,19.987854
オカダアイヨン,2018,Q4,16.913097
オカダアイヨン,2019,Q1,17.49339
オカダアイヨン,2019,Q2,24.448889
オカダアイヨン,2019,Q3,19.278383
オカダアイヨン,2019,Q4,23.91911
オカダアイヨン,2020,Q1,24.263296
オカダアイヨン,2020,Q2,26.229576
オカダアイヨン,2020,Q3,26.750862
オカダアイヨン,2020,Q4,25.05429
オカムラ,2018,Q1,9.320542
オカムラ,2018,Q2,21.227886
オカムラ,2018,Q3,9.818264
オカムラ,2018,Q4,20.954643
オカムラ,2019,Q1,12.2304
オカムラ,2019,Q2,24.119835
オカムラ,2019,Q3,25.704407
オカムラ,2019,Q4,18.447338
オカムラ,2020,Q1,13.062612
オカムラ,2020,Q2,15.2613735
オカムラ,2020,Q3,14.615137
オカムラ,2020,Q4,33.818382
